ISO-10303-21;
HEADER;
FILE_DESCRIPTION(('STEP AP214'),'1');
FILE_NAME('xb7ng21.stp','2022-08-02T09:12:10',('TraceParts'),('TraceParts S.A.'),'Spatial InterOp 3D',' ',' ');
FILE_SCHEMA(('AUTOMOTIVE_DESIGN { 1 0 10303 214 1 1 1 1 }'));
ENDSEC;
DATA;
#1=PRODUCT_DEFINITION_CONTEXT('',#11,'design');
#2=APPLICATION_PROTOCOL_DEFINITION('INTERNATIONAL STANDARD','automotive_design',1994,#11);
#3=PRODUCT_CATEGORY_RELATIONSHIP('NONE','NONE',#12,#13);
#4=SHAPE_DEFINITION_REPRESENTATION(#14,#15);
#5=SHAPE_DEFINITION_REPRESENTATION(#14,#16);
#6=SHAPE_DEFINITION_REPRESENTATION(#14,#17);
#7= (GEOMETRIC_REPRESENTATION_CONTEXT(3)GLOBAL_UNCERTAINTY_ASSIGNED_CONTEXT((#20))GLOBAL_UNIT_ASSIGNED_CONTEXT((#22,#23,#24))REPRESENTATION_CONTEXT('NONE','WORKSPACE'));
#11=APPLICATION_CONTEXT(' ');
#12=PRODUCT_CATEGORY('part','NONE');
#13=PRODUCT_RELATED_PRODUCT_CATEGORY('detail',' ',(#26));
#14=PRODUCT_DEFINITION_SHAPE('NONE','NONE',#27);
#15=ADVANCED_BREP_SHAPE_REPRESENTATION('ASM0002_ASM|PRODUIT_COMPLET_5#PRODUIT_COMPLET_5;PRODUIT_COMPLET_5',(#28,#29),#7);
#16=ADVANCED_BREP_SHAPE_REPRESENTATION('xb7ng21_2',(#30,#31),#7);
#17=ADVANCED_BREP_SHAPE_REPRESENTATION('xb7ng21_3',(#32,#33),#7);
#20=UNCERTAINTY_MEASURE_WITH_UNIT(LENGTH_MEASURE(1.0E-06),#22,'','');
#22= (CONVERSION_BASED_UNIT('MILLIMETRE',#36)LENGTH_UNIT()NAMED_UNIT(#39));
#23= (NAMED_UNIT(#41)PLANE_ANGLE_UNIT()SI_UNIT($,.RADIAN.));
#24= (NAMED_UNIT(#41)SOLID_ANGLE_UNIT()SI_UNIT($,.STERADIAN.));
#26=PRODUCT('ASM0002_ASM|PRODUIT_COMPLET_5#PRODUIT_COMPLET_5;PRODUIT_COMPLET_5','ASM0002_ASM|PRODUIT_COMPLET_5#PRODUIT_COMPLET_5;PRODUIT_COMPLET_5','PART-ASM0002_ASM|PRODUIT_COMPLET_5#PRODUIT_COMPLET_5;PRODUIT_COMPLET_5-DESC',(#47));
#27=PRODUCT_DEFINITION('','NONE',#48,#1);
#28=MANIFOLD_SOLID_BREP('ASM0002_ASM|PRODUIT_COMPLET_5#PRODUIT_COMPLET_5;PRODUIT_COMPLET_5',#49);
#29=AXIS2_PLACEMENT_3D('',#50,#51,#52);
#30=MANIFOLD_SOLID_BREP('xb7ng21_2',#53);
#31=AXIS2_PLACEMENT_3D('',#54,#55,#56);
#32=MANIFOLD_SOLID_BREP('xb7ng21_3',#57);
#33=AXIS2_PLACEMENT_3D('',#58,#59,#60);
#36=LENGTH_MEASURE_WITH_UNIT(LENGTH_MEASURE(1.0),#61);
#39=DIMENSIONAL_EXPONENTS(1.0,0.0,0.0,0.0,0.0,0.0,0.0);
#41=DIMENSIONAL_EXPONENTS(0.0,0.0,0.0,0.0,0.0,0.0,0.0);
#47=PRODUCT_CONTEXT('',#11,'mechanical');
#48=PRODUCT_DEFINITION_FORMATION_WITH_SPECIFIED_SOURCE(' ','NONE',#26,.NOT_KNOWN.);
#49=CLOSED_SHELL('',(#62,#63,#64,#65,#66,#67,#68,#69,#70,#71,#72,#73,#74,#75,#76,#77,#78,#79,#80,#81,#82,#83,#84,#85,#86,#87,#88,#89,#90,#91,#92,#93,#94,#95,#96,#97,#98,#99,#100,#101,#102,#103,#104,#105,#106,#107,#108,#109,#110,#111,#112,#113,#114,#115,#116,#117,#118,#119,#120,#121,#122,#123,#124,#125,#126,#127,#128,#129,#130,#131,#132,#133,#134,#135,#136,#137,#138,#139,#140,#141,#142,#143,#144,#145,#146,#147,#148,#149,#150,#151,#152,#153,#154,#155,#156,#157,#158,#159,#160,#161,#162,#163,#164,#165,#166,#167,#168,#169,#170,#171,#172,#173,#174,#175,#176,#177,#178,#179,#180,#181,#182,#183));
#50=CARTESIAN_POINT('',(0.0,0.0,0.0));
#51=DIRECTION('',(0.0,0.0,1.0));
#52=DIRECTION('',(1.0,0.0,0.0));
#53=CLOSED_SHELL('',(#184,#185,#186,#187,#188,#189,#190,#191,#192,#193,#194,#195,#196,#197,#198,#199,#200,#201,#202));
#54=CARTESIAN_POINT('',(0.0,0.0,0.0));
#55=DIRECTION('',(0.0,0.0,1.0));
#56=DIRECTION('',(1.0,0.0,0.0));
#57=CLOSED_SHELL('',(#203,#204,#205,#206,#207,#208,#209,#210,#211,#212,#213,#214,#215,#216,#217,#218));
#58=CARTESIAN_POINT('',(0.0,0.0,0.0));
#59=DIRECTION('',(0.0,0.0,1.0));
#60=DIRECTION('',(1.0,0.0,0.0));
#61= (NAMED_UNIT(#39)LENGTH_UNIT()SI_UNIT(.MILLI.,.METRE.));
#62=ADVANCED_FACE('',(#220),#221,.T.);
#63=ADVANCED_FACE('',(#222,#223,#224,#225,#226),#227,.T.);
#64=ADVANCED_FACE('',(#228),#229,.T.);
#65=ADVANCED_FACE('',(#230),#231,.T.);
#66=ADVANCED_FACE('',(#232),#233,.T.);
#67=ADVANCED_FACE('',(#234),#235,.T.);
#68=ADVANCED_FACE('',(#236),#237,.T.);
#69=ADVANCED_FACE('',(#238),#239,.T.);
#70=ADVANCED_FACE('',(#240),#241,.T.);
#71=ADVANCED_FACE('',(#242),#243,.T.);
#72=ADVANCED_FACE('',(#244),#245,.T.);
#73=ADVANCED_FACE('',(#246),#247,.T.);
#74=ADVANCED_FACE('',(#248),#249,.T.);
#75=ADVANCED_FACE('',(#250),#251,.T.);
#76=ADVANCED_FACE('',(#252),#253,.T.);
#77=ADVANCED_FACE('',(#254),#255,.T.);
#78=ADVANCED_FACE('',(#256),#257,.T.);
#79=ADVANCED_FACE('',(#258,#259),#260,.F.);
#80=ADVANCED_FACE('',(#261),#262,.T.);
#81=ADVANCED_FACE('',(#263),#264,.T.);
#82=ADVANCED_FACE('',(#265,#266),#267,.T.);
#83=ADVANCED_FACE('',(#268),#269,.T.);
#84=ADVANCED_FACE('',(#270),#271,.T.);
#85=ADVANCED_FACE('',(#272,#273),#274,.F.);
#86=ADVANCED_FACE('',(#275),#276,.T.);
#87=ADVANCED_FACE('',(#277),#278,.T.);
#88=ADVANCED_FACE('',(#279),#280,.F.);
#89=ADVANCED_FACE('',(#281),#282,.F.);
#90=ADVANCED_FACE('',(#283),#284,.F.);
#91=ADVANCED_FACE('',(#285),#286,.F.);
#92=ADVANCED_FACE('',(#287),#288,.F.);
#93=ADVANCED_FACE('',(#289),#290,.F.);
#94=ADVANCED_FACE('',(#291),#292,.F.);
#95=ADVANCED_FACE('',(#293),#294,.F.);
#96=ADVANCED_FACE('',(#295),#296,.F.);
#97=ADVANCED_FACE('',(#297),#298,.F.);
#98=ADVANCED_FACE('',(#299),#300,.F.);
#99=ADVANCED_FACE('',(#301),#302,.F.);
#100=ADVANCED_FACE('',(#303,#304),#305,.T.);
#101=ADVANCED_FACE('',(#306),#307,.F.);
#102=ADVANCED_FACE('',(#308),#309,.T.);
#103=ADVANCED_FACE('',(#310),#311,.F.);
#104=ADVANCED_FACE('',(#312),#313,.T.);
#105=ADVANCED_FACE('',(#314),#315,.F.);
#106=ADVANCED_FACE('',(#316),#317,.T.);
#107=ADVANCED_FACE('',(#318),#319,.F.);
#108=ADVANCED_FACE('',(#320),#321,.T.);
#109=ADVANCED_FACE('',(#322),#323,.T.);
#110=ADVANCED_FACE('',(#324),#325,.T.);
#111=ADVANCED_FACE('',(#326),#327,.T.);
#112=ADVANCED_FACE('',(#328),#329,.T.);
#113=ADVANCED_FACE('',(#330),#331,.T.);
#114=ADVANCED_FACE('',(#332),#333,.F.);
#115=ADVANCED_FACE('',(#334),#335,.T.);
#116=ADVANCED_FACE('',(#336),#337,.F.);
#117=ADVANCED_FACE('',(#338),#339,.T.);
#118=ADVANCED_FACE('',(#340),#341,.F.);
#119=ADVANCED_FACE('',(#342),#343,.T.);
#120=ADVANCED_FACE('',(#344),#345,.F.);
#121=ADVANCED_FACE('',(#346),#347,.T.);
#122=ADVANCED_FACE('',(#348),#349,.T.);
#123=ADVANCED_FACE('',(#350),#351,.F.);
#124=ADVANCED_FACE('',(#352),#353,.F.);
#125=ADVANCED_FACE('',(#354),#355,.F.);
#126=ADVANCED_FACE('',(#356),#357,.F.);
#127=ADVANCED_FACE('',(#358),#359,.F.);
#128=ADVANCED_FACE('',(#360),#361,.F.);
#129=ADVANCED_FACE('',(#362),#363,.F.);
#130=ADVANCED_FACE('',(#364),#365,.F.);
#131=ADVANCED_FACE('',(#366),#367,.T.);
#132=ADVANCED_FACE('',(#368),#369,.F.);
#133=ADVANCED_FACE('',(#370),#371,.F.);
#134=ADVANCED_FACE('',(#372),#373,.F.);
#135=ADVANCED_FACE('',(#374),#375,.T.);
#136=ADVANCED_FACE('',(#376),#377,.F.);
#137=ADVANCED_FACE('',(#378),#379,.F.);
#138=ADVANCED_FACE('',(#380),#381,.F.);
#139=ADVANCED_FACE('',(#382),#383,.F.);
#140=ADVANCED_FACE('',(#384),#385,.F.);
#141=ADVANCED_FACE('',(#386),#387,.F.);
#142=ADVANCED_FACE('',(#388),#389,.F.);
#143=ADVANCED_FACE('',(#390),#391,.F.);
#144=ADVANCED_FACE('',(#392),#393,.F.);
#145=ADVANCED_FACE('',(#394),#395,.F.);
#146=ADVANCED_FACE('',(#396),#397,.F.);
#147=ADVANCED_FACE('',(#398),#399,.T.);
#148=ADVANCED_FACE('',(#400),#401,.F.);
#149=ADVANCED_FACE('',(#402),#403,.F.);
#150=ADVANCED_FACE('',(#404),#405,.F.);
#151=ADVANCED_FACE('',(#406),#407,.F.);
#152=ADVANCED_FACE('',(#408),#409,.F.);
#153=ADVANCED_FACE('',(#410),#411,.F.);
#154=ADVANCED_FACE('',(#412),#413,.F.);
#155=ADVANCED_FACE('',(#414),#415,.F.);
#156=ADVANCED_FACE('',(#416),#417,.F.);
#157=ADVANCED_FACE('',(#418),#419,.F.);
#158=ADVANCED_FACE('',(#420),#421,.F.);
#159=ADVANCED_FACE('',(#422),#423,.F.);
#160=ADVANCED_FACE('',(#424),#425,.F.);
#161=ADVANCED_FACE('',(#426),#427,.F.);
#162=ADVANCED_FACE('',(#428),#429,.F.);
#163=ADVANCED_FACE('',(#430),#431,.F.);
#164=ADVANCED_FACE('',(#432),#433,.T.);
#165=ADVANCED_FACE('',(#434),#435,.F.);
#166=ADVANCED_FACE('',(#436),#437,.F.);
#167=ADVANCED_FACE('',(#438),#439,.F.);
#168=ADVANCED_FACE('',(#440),#441,.T.);
#169=ADVANCED_FACE('',(#442),#443,.F.);
#170=ADVANCED_FACE('',(#444),#445,.F.);
#171=ADVANCED_FACE('',(#446),#447,.F.);
#172=ADVANCED_FACE('',(#448),#449,.F.);
#173=ADVANCED_FACE('',(#450),#451,.F.);
#174=ADVANCED_FACE('',(#452),#453,.F.);
#175=ADVANCED_FACE('',(#454),#455,.F.);
#176=ADVANCED_FACE('',(#456),#457,.F.);
#177=ADVANCED_FACE('',(#458),#459,.F.);
#178=ADVANCED_FACE('',(#460),#461,.F.);
#179=ADVANCED_FACE('',(#462),#463,.F.);
#180=ADVANCED_FACE('',(#464),#465,.T.);
#181=ADVANCED_FACE('',(#466,#467,#468,#469,#470),#471,.T.);
#182=ADVANCED_FACE('',(#472,#473,#474,#475,#476),#477,.T.);
#183=ADVANCED_FACE('',(#478),#479,.T.);
#184=ADVANCED_FACE('',(#480),#481,.T.);
#185=ADVANCED_FACE('',(#482),#483,.T.);
#186=ADVANCED_FACE('',(#484,#485),#486,.T.);
#187=ADVANCED_FACE('',(#487),#488,.T.);
#188=ADVANCED_FACE('',(#489),#490,.T.);
#189=ADVANCED_FACE('',(#491,#492),#493,.F.);
#190=ADVANCED_FACE('',(#494),#495,.T.);
#191=ADVANCED_FACE('',(#496),#497,.T.);
#192=ADVANCED_FACE('',(#498),#499,.T.);
#193=ADVANCED_FACE('',(#500),#501,.T.);
#194=ADVANCED_FACE('',(#502),#503,.T.);
#195=ADVANCED_FACE('',(#504),#505,.F.);
#196=ADVANCED_FACE('',(#506),#507,.F.);
#197=ADVANCED_FACE('',(#508),#509,.T.);
#198=ADVANCED_FACE('',(#510,#511),#512,.F.);
#199=ADVANCED_FACE('',(#513),#514,.F.);
#200=ADVANCED_FACE('',(#515),#516,.F.);
#201=ADVANCED_FACE('',(#517),#518,.T.);
#202=ADVANCED_FACE('',(#519),#520,.T.);
#203=ADVANCED_FACE('',(#521),#522,.T.);
#204=ADVANCED_FACE('',(#523),#524,.T.);
#205=ADVANCED_FACE('',(#525),#526,.T.);
#206=ADVANCED_FACE('',(#527),#528,.T.);
#207=ADVANCED_FACE('',(#529,#530),#531,.F.);
#208=ADVANCED_FACE('',(#532),#533,.F.);
#209=ADVANCED_FACE('',(#534),#535,.F.);
#210=ADVANCED_FACE('',(#536),#537,.F.);
#211=ADVANCED_FACE('',(#538),#539,.F.);
#212=ADVANCED_FACE('',(#540),#541,.F.);
#213=ADVANCED_FACE('',(#542),#543,.T.);
#214=ADVANCED_FACE('',(#544),#545,.T.);
#215=ADVANCED_FACE('',(#546,#547),#548,.F.);
#216=ADVANCED_FACE('',(#549),#550,.T.);
#217=ADVANCED_FACE('',(#551),#552,.T.);
#218=ADVANCED_FACE('',(#553),#554,.T.);
#220=FACE_OUTER_BOUND('',#555,.T.);
#221=CYLINDRICAL_SURFACE('',#556,10.3);
#222=FACE_BOUND('',#557,.T.);
#223=FACE_BOUND('',#558,.T.);
#224=FACE_BOUND('',#559,.T.);
#225=FACE_BOUND('',#560,.T.);
#226=FACE_OUTER_BOUND('',#561,.T.);
#227=CYLINDRICAL_SURFACE('',#562,10.3);
#228=FACE_OUTER_BOUND('',#563,.T.);
#229=CYLINDRICAL_SURFACE('',#564,2.9);
#230=FACE_OUTER_BOUND('',#565,.T.);
#231=CYLINDRICAL_SURFACE('',#566,2.9);
#232=FACE_OUTER_BOUND('',#567,.T.);
#233=CYLINDRICAL_SURFACE('',#568,2.9);
#234=FACE_OUTER_BOUND('',#569,.T.);
#235=CYLINDRICAL_SURFACE('',#570,2.9);
#236=FACE_OUTER_BOUND('',#571,.T.);
#237=CYLINDRICAL_SURFACE('',#572,2.9);
#238=FACE_OUTER_BOUND('',#573,.T.);
#239=CYLINDRICAL_SURFACE('',#574,2.9);
#240=FACE_OUTER_BOUND('',#575,.T.);
#241=CYLINDRICAL_SURFACE('',#576,2.9);
#242=FACE_OUTER_BOUND('',#577,.T.);
#243=CYLINDRICAL_SURFACE('',#578,2.9);
#244=FACE_OUTER_BOUND('',#579,.T.);
#245=CONICAL_SURFACE('',#580,13.59999999997,1.27229739520852);
#246=FACE_OUTER_BOUND('',#581,.T.);
#247=CONICAL_SURFACE('',#582,13.59999999997,1.27229739520852);
#248=FACE_OUTER_BOUND('',#583,.T.);
#249=PLANE('',#584);
#250=FACE_OUTER_BOUND('',#585,.T.);
#251=CONICAL_SURFACE('',#586,13.59999999997,1.27229739520852);
#252=FACE_OUTER_BOUND('',#587,.T.);
#253=CONICAL_SURFACE('',#588,13.59999999997,1.27229739520852);
#254=FACE_OUTER_BOUND('',#589,.T.);
#255=CYLINDRICAL_SURFACE('',#590,14.25);
#256=FACE_OUTER_BOUND('',#591,.T.);
#257=CYLINDRICAL_SURFACE('',#592,14.25);
#258=FACE_OUTER_BOUND('',#593,.T.);
#259=FACE_BOUND('',#594,.T.);
#260=PLANE('',#595);
#261=FACE_OUTER_BOUND('',#596,.T.);
#262=CYLINDRICAL_SURFACE('',#597,13.6);
#263=FACE_OUTER_BOUND('',#598,.T.);
#264=CYLINDRICAL_SURFACE('',#599,13.6);
#265=FACE_OUTER_BOUND('',#600,.T.);
#266=FACE_BOUND('',#601,.T.);
#267=PLANE('',#602);
#268=FACE_OUTER_BOUND('',#603,.T.);
#269=CYLINDRICAL_SURFACE('',#604,10.9);
#270=FACE_OUTER_BOUND('',#605,.T.);
#271=CYLINDRICAL_SURFACE('',#606,10.9);
#272=FACE_OUTER_BOUND('',#607,.T.);
#273=FACE_BOUND('',#608,.T.);
#274=PLANE('',#609);
#275=FACE_OUTER_BOUND('',#610,.T.);
#276=CYLINDRICAL_SURFACE('',#611,10.5);
#277=FACE_OUTER_BOUND('',#612,.T.);
#278=CYLINDRICAL_SURFACE('',#613,10.5);
#279=FACE_OUTER_BOUND('',#614,.T.);
#280=PLANE('',#615);
#281=FACE_OUTER_BOUND('',#616,.T.);
#282=PLANE('',#617);
#283=FACE_OUTER_BOUND('',#618,.T.);
#284=PLANE('',#619);
#285=FACE_OUTER_BOUND('',#620,.T.);
#286=PLANE('',#621);
#287=FACE_OUTER_BOUND('',#622,.T.);
#288=PLANE('',#623);
#289=FACE_OUTER_BOUND('',#624,.T.);
#290=PLANE('',#625);
#291=FACE_OUTER_BOUND('',#626,.T.);
#292=PLANE('',#627);
#293=FACE_OUTER_BOUND('',#628,.T.);
#294=PLANE('',#629);
#295=FACE_OUTER_BOUND('',#630,.T.);
#296=PLANE('',#631);
#297=FACE_OUTER_BOUND('',#632,.T.);
#298=PLANE('',#633);
#299=FACE_OUTER_BOUND('',#634,.T.);
#300=PLANE('',#635);
#301=FACE_OUTER_BOUND('',#636,.T.);
#302=PLANE('',#637);
#303=FACE_OUTER_BOUND('',#638,.T.);
#304=FACE_BOUND('',#639,.T.);
#305=PLANE('',#640);
#306=FACE_OUTER_BOUND('',#641,.T.);
#307=PLANE('',#642);
#308=FACE_OUTER_BOUND('',#643,.T.);
#309=PLANE('',#644);
#310=FACE_OUTER_BOUND('',#645,.T.);
#311=PLANE('',#646);
#312=FACE_OUTER_BOUND('',#647,.T.);
#313=CYLINDRICAL_SURFACE('',#648,2.9);
#314=FACE_OUTER_BOUND('',#649,.T.);
#315=PLANE('',#650);
#316=FACE_OUTER_BOUND('',#651,.T.);
#317=PLANE('',#652);
#318=FACE_OUTER_BOUND('',#653,.T.);
#319=PLANE('',#654);
#320=FACE_OUTER_BOUND('',#655,.T.);
#321=CYLINDRICAL_SURFACE('',#656,2.9);
#322=FACE_OUTER_BOUND('',#657,.T.);
#323=CYLINDRICAL_SURFACE('',#658,11.1);
#324=FACE_OUTER_BOUND('',#659,.T.);
#325=PLANE('',#660);
#326=FACE_OUTER_BOUND('',#661,.T.);
#327=PLANE('',#662);
#328=FACE_OUTER_BOUND('',#663,.T.);
#329=PLANE('',#664);
#330=FACE_OUTER_BOUND('',#665,.T.);
#331=PLANE('',#666);
#332=FACE_OUTER_BOUND('',#667,.T.);
#333=PLANE('',#668);
#334=FACE_OUTER_BOUND('',#669,.T.);
#335=PLANE('',#670);
#336=FACE_OUTER_BOUND('',#671,.T.);
#337=PLANE('',#672);
#338=FACE_OUTER_BOUND('',#673,.T.);
#339=CYLINDRICAL_SURFACE('',#674,2.9);
#340=FACE_OUTER_BOUND('',#675,.T.);
#341=PLANE('',#676);
#342=FACE_OUTER_BOUND('',#677,.T.);
#343=CYLINDRICAL_SURFACE('',#678,2.9);
#344=FACE_OUTER_BOUND('',#679,.T.);
#345=PLANE('',#680);
#346=FACE_OUTER_BOUND('',#681,.T.);
#347=PLANE('',#682);
#348=FACE_OUTER_BOUND('',#683,.T.);
#349=CYLINDRICAL_SURFACE('',#684,11.1);
#350=FACE_OUTER_BOUND('',#685,.T.);
#351=PLANE('',#686);
#352=FACE_OUTER_BOUND('',#687,.T.);
#353=PLANE('',#688);
#354=FACE_OUTER_BOUND('',#689,.T.);
#355=PLANE('',#690);
#356=FACE_OUTER_BOUND('',#691,.T.);
#357=PLANE('',#692);
#358=FACE_OUTER_BOUND('',#693,.T.);
#359=PLANE('',#694);
#360=FACE_OUTER_BOUND('',#695,.T.);
#361=PLANE('',#696);
#362=FACE_OUTER_BOUND('',#697,.T.);
#363=PLANE('',#698);
#364=FACE_OUTER_BOUND('',#699,.T.);
#365=PLANE('',#700);
#366=FACE_OUTER_BOUND('',#701,.T.);
#367=PLANE('',#702);
#368=FACE_OUTER_BOUND('',#703,.T.);
#369=PLANE('',#704);
#370=FACE_OUTER_BOUND('',#705,.T.);
#371=PLANE('',#706);
#372=FACE_OUTER_BOUND('',#707,.T.);
#373=PLANE('',#708);
#374=FACE_OUTER_BOUND('',#709,.T.);
#375=PLANE('',#710);
#376=FACE_OUTER_BOUND('',#711,.T.);
#377=PLANE('',#712);
#378=FACE_OUTER_BOUND('',#713,.T.);
#379=PLANE('',#714);
#380=FACE_OUTER_BOUND('',#715,.T.);
#381=PLANE('',#716);
#382=FACE_OUTER_BOUND('',#717,.T.);
#383=PLANE('',#718);
#384=FACE_OUTER_BOUND('',#719,.T.);
#385=PLANE('',#720);
#386=FACE_OUTER_BOUND('',#721,.T.);
#387=PLANE('',#722);
#388=FACE_OUTER_BOUND('',#723,.T.);
#389=PLANE('',#724);
#390=FACE_OUTER_BOUND('',#725,.T.);
#391=PLANE('',#726);
#392=FACE_OUTER_BOUND('',#727,.T.);
#393=PLANE('',#728);
#394=FACE_OUTER_BOUND('',#729,.T.);
#395=PLANE('',#730);
#396=FACE_OUTER_BOUND('',#731,.T.);
#397=PLANE('',#732);
#398=FACE_OUTER_BOUND('',#733,.T.);
#399=CONICAL_SURFACE('',#734,10.7,0.7853981633973);
#400=FACE_OUTER_BOUND('',#735,.T.);
#401=CYLINDRICAL_SURFACE('',#736,2.9);
#402=FACE_OUTER_BOUND('',#737,.T.);
#403=CYLINDRICAL_SURFACE('',#738,2.9);
#404=FACE_OUTER_BOUND('',#739,.T.);
#405=CYLINDRICAL_SURFACE('',#740,2.9);
#406=FACE_OUTER_BOUND('',#741,.T.);
#407=CYLINDRICAL_SURFACE('',#742,2.9);
#408=FACE_OUTER_BOUND('',#743,.T.);
#409=CYLINDRICAL_SURFACE('',#744,2.9);
#410=FACE_OUTER_BOUND('',#745,.T.);
#411=CYLINDRICAL_SURFACE('',#746,2.9);
#412=FACE_OUTER_BOUND('',#747,.T.);
#413=CYLINDRICAL_SURFACE('',#748,2.9);
#414=FACE_OUTER_BOUND('',#749,.T.);
#415=CYLINDRICAL_SURFACE('',#750,2.9);
#416=FACE_OUTER_BOUND('',#751,.T.);
#417=PLANE('',#752);
#418=FACE_OUTER_BOUND('',#753,.T.);
#419=PLANE('',#754);
#420=FACE_OUTER_BOUND('',#755,.T.);
#421=PLANE('',#756);
#422=FACE_OUTER_BOUND('',#757,.T.);
#423=PLANE('',#758);
#424=FACE_OUTER_BOUND('',#759,.T.);
#425=PLANE('',#760);
#426=FACE_OUTER_BOUND('',#761,.T.);
#427=PLANE('',#762);
#428=FACE_OUTER_BOUND('',#763,.T.);
#429=PLANE('',#764);
#430=FACE_OUTER_BOUND('',#765,.T.);
#431=PLANE('',#766);
#432=FACE_OUTER_BOUND('',#767,.T.);
#433=PLANE('',#768);
#434=FACE_OUTER_BOUND('',#769,.T.);
#435=PLANE('',#770);
#436=FACE_OUTER_BOUND('',#771,.T.);
#437=PLANE('',#772);
#438=FACE_OUTER_BOUND('',#773,.T.);
#439=PLANE('',#774);
#440=FACE_OUTER_BOUND('',#775,.T.);
#441=PLANE('',#776);
#442=FACE_OUTER_BOUND('',#777,.T.);
#443=PLANE('',#778);
#444=FACE_OUTER_BOUND('',#779,.T.);
#445=PLANE('',#780);
#446=FACE_OUTER_BOUND('',#781,.T.);
#447=PLANE('',#782);
#448=FACE_OUTER_BOUND('',#783,.T.);
#449=PLANE('',#784);
#450=FACE_OUTER_BOUND('',#785,.T.);
#451=PLANE('',#786);
#452=FACE_OUTER_BOUND('',#787,.T.);
#453=PLANE('',#788);
#454=FACE_OUTER_BOUND('',#789,.T.);
#455=PLANE('',#790);
#456=FACE_OUTER_BOUND('',#791,.T.);
#457=PLANE('',#792);
#458=FACE_OUTER_BOUND('',#793,.T.);
#459=PLANE('',#794);
#460=FACE_OUTER_BOUND('',#795,.T.);
#461=PLANE('',#796);
#462=FACE_OUTER_BOUND('',#797,.T.);
#463=PLANE('',#798);
#464=FACE_OUTER_BOUND('',#799,.T.);
#465=CONICAL_SURFACE('',#800,10.7,0.7853981633973);
#466=FACE_OUTER_BOUND('',#801,.T.);
#467=FACE_BOUND('',#802,.T.);
#468=FACE_BOUND('',#803,.T.);
#469=FACE_BOUND('',#804,.T.);
#470=FACE_BOUND('',#805,.T.);
#471=CYLINDRICAL_SURFACE('',#806,10.3);
#472=FACE_OUTER_BOUND('',#807,.T.);
#473=FACE_BOUND('',#808,.T.);
#474=FACE_BOUND('',#809,.T.);
#475=FACE_BOUND('',#810,.T.);
#476=FACE_BOUND('',#811,.T.);
#477=PLANE('',#812);
#478=FACE_OUTER_BOUND('',#813,.T.);
#479=CYLINDRICAL_SURFACE('',#814,10.3);
#480=FACE_OUTER_BOUND('',#815,.T.);
#481=TOROIDAL_SURFACE('',#816,11.7,0.5);
#482=FACE_OUTER_BOUND('',#817,.T.);
#483=TOROIDAL_SURFACE('',#818,11.7,0.5);
#484=FACE_OUTER_BOUND('',#819,.T.);
#485=FACE_BOUND('',#820,.T.);
#486=PLANE('',#821);
#487=FACE_OUTER_BOUND('',#822,.T.);
#488=CYLINDRICAL_SURFACE('',#823,12.35);
#489=FACE_OUTER_BOUND('',#824,.T.);
#490=CYLINDRICAL_SURFACE('',#825,12.35);
#491=FACE_OUTER_BOUND('',#826,.T.);
#492=FACE_BOUND('',#827,.T.);
#493=PLANE('',#828);
#494=FACE_OUTER_BOUND('',#829,.T.);
#495=CYLINDRICAL_SURFACE('',#830,12.2);
#496=FACE_OUTER_BOUND('',#831,.T.);
#497=TOROIDAL_SURFACE('',#832,11.7,0.5);
#498=FACE_OUTER_BOUND('',#833,.T.);
#499=SPHERICAL_SURFACE('',#834,50.0);
#500=FACE_OUTER_BOUND('',#835,.T.);
#501=SPHERICAL_SURFACE('',#836,50.0);
#502=FACE_OUTER_BOUND('',#837,.T.);
#503=TOROIDAL_SURFACE('',#838,8.3,0.2);
#504=FACE_OUTER_BOUND('',#839,.T.);
#505=CYLINDRICAL_SURFACE('',#840,8.1);
#506=FACE_OUTER_BOUND('',#841,.T.);
#507=CYLINDRICAL_SURFACE('',#842,8.1);
#508=FACE_OUTER_BOUND('',#843,.T.);
#509=TOROIDAL_SURFACE('',#844,8.3,0.2);
#510=FACE_OUTER_BOUND('',#845,.T.);
#511=FACE_BOUND('',#846,.T.);
#512=PLANE('',#847);
#513=FACE_OUTER_BOUND('',#848,.T.);
#514=CYLINDRICAL_SURFACE('',#849,6.8);
#515=FACE_OUTER_BOUND('',#850,.T.);
#516=CYLINDRICAL_SURFACE('',#851,6.8);
#517=FACE_OUTER_BOUND('',#852,.T.);
#518=TOROIDAL_SURFACE('',#853,11.7,0.5);
#519=FACE_OUTER_BOUND('',#854,.T.);
#520=CYLINDRICAL_SURFACE('',#855,12.2);
#521=FACE_OUTER_BOUND('',#856,.T.);
#522=TOROIDAL_SURFACE('',#857,7.45,0.5);
#523=FACE_OUTER_BOUND('',#858,.T.);
#524=TOROIDAL_SURFACE('',#859,7.45,0.5);
#525=FACE_OUTER_BOUND('',#860,.T.);
#526=CYLINDRICAL_SURFACE('',#861,7.95);
#527=FACE_OUTER_BOUND('',#862,.T.);
#528=TOROIDAL_SURFACE('',#863,7.45,0.5);
#529=FACE_OUTER_BOUND('',#864,.T.);
#530=FACE_BOUND('',#865,.T.);
#531=PLANE('',#866);
#532=FACE_OUTER_BOUND('',#867,.T.);
#533=PLANE('',#868);
#534=FACE_OUTER_BOUND('',#869,.T.);
#535=PLANE('',#870);
#536=FACE_OUTER_BOUND('',#871,.T.);
#537=PLANE('',#872);
#538=FACE_OUTER_BOUND('',#873,.T.);
#539=PLANE('',#874);
#540=FACE_OUTER_BOUND('',#875,.T.);
#541=PLANE('',#876);
#542=FACE_OUTER_BOUND('',#877,.T.);
#543=TOROIDAL_SURFACE('',#878,7.45,0.5);
#544=FACE_OUTER_BOUND('',#879,.T.);
#545=CYLINDRICAL_SURFACE('',#880,7.95);
#546=FACE_OUTER_BOUND('',#881,.T.);
#547=FACE_BOUND('',#882,.T.);
#548=PLANE('',#883);
#549=FACE_OUTER_BOUND('',#884,.T.);
#550=CYLINDRICAL_SURFACE('',#885,5.975);
#551=FACE_OUTER_BOUND('',#886,.T.);
#552=PLANE('',#887);
#553=FACE_OUTER_BOUND('',#888,.T.);
#554=CYLINDRICAL_SURFACE('',#889,5.975);
#555=EDGE_LOOP('',(#890,#891,#892,#893));
#556=AXIS2_PLACEMENT_3D('',#894,#895,#896);
#557=EDGE_LOOP('',(#897,#898,#899,#900,#901,#902,#903,#904));
#558=EDGE_LOOP('',(#905,#906,#907,#908));
#559=EDGE_LOOP('',(#909,#910,#911,#912));
#560=EDGE_LOOP('',(#913,#914,#915,#916,#917,#918,#919,#920));
#561=EDGE_LOOP('',(#921,#922,#923,#924,#925,#926,#927,#928));
#562=AXIS2_PLACEMENT_3D('',#929,#930,#931);
#563=EDGE_LOOP('',(#932,#933,#934,#935));
#564=AXIS2_PLACEMENT_3D('',#936,#937,#938);
#565=EDGE_LOOP('',(#939,#940,#941,#942));
#566=AXIS2_PLACEMENT_3D('',#943,#944,#945);
#567=EDGE_LOOP('',(#946,#947,#948,#949));
#568=AXIS2_PLACEMENT_3D('',#950,#951,#952);
#569=EDGE_LOOP('',(#953,#954,#955,#956));
#570=AXIS2_PLACEMENT_3D('',#957,#958,#959);
#571=EDGE_LOOP('',(#960,#961,#962,#963));
#572=AXIS2_PLACEMENT_3D('',#964,#965,#966);
#573=EDGE_LOOP('',(#967,#968,#969,#970,#971,#972,#973,#974,#975,#976,#977,#978));
#574=AXIS2_PLACEMENT_3D('',#979,#980,#981);
#575=EDGE_LOOP('',(#982,#983,#984,#985));
#576=AXIS2_PLACEMENT_3D('',#986,#987,#988);
#577=EDGE_LOOP('',(#989,#990,#991,#992,#993,#994,#995,#996,#997,#998,#999,#1000));
#578=AXIS2_PLACEMENT_3D('',#1001,#1002,#1003);
#579=EDGE_LOOP('',(#1004,#1005,#1006,#1007));
#580=AXIS2_PLACEMENT_3D('',#1008,#1009,#1010);
#581=EDGE_LOOP('',(#1011,#1012,#1013,#1014));
#582=AXIS2_PLACEMENT_3D('',#1015,#1016,#1017);
#583=EDGE_LOOP('',(#1018,#1019,#1020,#1021));
#584=AXIS2_PLACEMENT_3D('',#1022,#1023,#1024);
#585=EDGE_LOOP('',(#1025,#1026,#1027,#1028));
#586=AXIS2_PLACEMENT_3D('',#1029,#1030,#1031);
#587=EDGE_LOOP('',(#1032,#1033,#1034,#1035));
#588=AXIS2_PLACEMENT_3D('',#1036,#1037,#1038);
#589=EDGE_LOOP('',(#1039,#1040,#1041,#1042,#1043));
#590=AXIS2_PLACEMENT_3D('',#1044,#1045,#1046);
#591=EDGE_LOOP('',(#1047,#1048,#1049,#1050,#1051));
#592=AXIS2_PLACEMENT_3D('',#1052,#1053,#1054);
#593=EDGE_LOOP('',(#1055,#1056));
#594=EDGE_LOOP('',(#1057,#1058));
#595=AXIS2_PLACEMENT_3D('',#1059,#1060,#1061);
#596=EDGE_LOOP('',(#1062,#1063,#1064,#1065));
#597=AXIS2_PLACEMENT_3D('',#1066,#1067,#1068);
#598=EDGE_LOOP('',(#1069,#1070,#1071,#1072));
#599=AXIS2_PLACEMENT_3D('',#1073,#1074,#1075);
#600=EDGE_LOOP('',(#1076,#1077));
#601=EDGE_LOOP('',(#1078,#1079));
#602=AXIS2_PLACEMENT_3D('',#1080,#1081,#1082);
#603=EDGE_LOOP('',(#1083,#1084,#1085,#1086));
#604=AXIS2_PLACEMENT_3D('',#1087,#1088,#1089);
#605=EDGE_LOOP('',(#1090,#1091,#1092,#1093));
#606=AXIS2_PLACEMENT_3D('',#1094,#1095,#1096);
#607=EDGE_LOOP('',(#1097,#1098));
#608=EDGE_LOOP('',(#1099,#1100));
#609=AXIS2_PLACEMENT_3D('',#1101,#1102,#1103);
#610=EDGE_LOOP('',(#1104,#1105,#1106,#1107));
#611=AXIS2_PLACEMENT_3D('',#1108,#1109,#1110);
#612=EDGE_LOOP('',(#1111,#1112,#1113,#1114));
#613=AXIS2_PLACEMENT_3D('',#1115,#1116,#1117);
#614=EDGE_LOOP('',(#1118,#1119,#1120,#1121,#1122));
#615=AXIS2_PLACEMENT_3D('',#1123,#1124,#1125);
#616=EDGE_LOOP('',(#1126,#1127,#1128,#1129));
#617=AXIS2_PLACEMENT_3D('',#1130,#1131,#1132);
#618=EDGE_LOOP('',(#1133,#1134,#1135,#1136));
#619=AXIS2_PLACEMENT_3D('',#1137,#1138,#1139);
#620=EDGE_LOOP('',(#1140,#1141,#1142,#1143));
#621=AXIS2_PLACEMENT_3D('',#1144,#1145,#1146);
#622=EDGE_LOOP('',(#1147,#1148,#1149,#1150));
#623=AXIS2_PLACEMENT_3D('',#1151,#1152,#1153);
#624=EDGE_LOOP('',(#1154,#1155,#1156,#1157,#1158));
#625=AXIS2_PLACEMENT_3D('',#1159,#1160,#1161);
#626=EDGE_LOOP('',(#1162,#1163,#1164,#1165,#1166));
#627=AXIS2_PLACEMENT_3D('',#1167,#1168,#1169);
#628=EDGE_LOOP('',(#1170,#1171,#1172,#1173));
#629=AXIS2_PLACEMENT_3D('',#1174,#1175,#1176);
#630=EDGE_LOOP('',(#1177,#1178,#1179,#1180));
#631=AXIS2_PLACEMENT_3D('',#1181,#1182,#1183);
#632=EDGE_LOOP('',(#1184,#1185,#1186,#1187,#1188));
#633=AXIS2_PLACEMENT_3D('',#1189,#1190,#1191);
#634=EDGE_LOOP('',(#1192,#1193,#1194,#1195));
#635=AXIS2_PLACEMENT_3D('',#1196,#1197,#1198);
#636=EDGE_LOOP('',(#1199,#1200,#1201,#1202));
#637=AXIS2_PLACEMENT_3D('',#1203,#1204,#1205);
#638=EDGE_LOOP('',(#1206,#1207));
#639=EDGE_LOOP('',(#1208,#1209));
#640=AXIS2_PLACEMENT_3D('',#1210,#1211,#1212);
#641=EDGE_LOOP('',(#1213,#1214,#1215,#1216));
#642=AXIS2_PLACEMENT_3D('',#1217,#1218,#1219);
#643=EDGE_LOOP('',(#1220,#1221,#1222,#1223,#1224,#1225,#1226,#1227));
#644=AXIS2_PLACEMENT_3D('',#1228,#1229,#1230);
#645=EDGE_LOOP('',(#1231,#1232,#1233,#1234));
#646=AXIS2_PLACEMENT_3D('',#1235,#1236,#1237);
#647=EDGE_LOOP('',(#1238,#1239,#1240,#1241));
#648=AXIS2_PLACEMENT_3D('',#1242,#1243,#1244);
#649=EDGE_LOOP('',(#1245,#1246,#1247,#1248));
#650=AXIS2_PLACEMENT_3D('',#1249,#1250,#1251);
#651=EDGE_LOOP('',(#1252,#1253,#1254,#1255,#1256,#1257,#1258,#1259));
#652=AXIS2_PLACEMENT_3D('',#1260,#1261,#1262);
#653=EDGE_LOOP('',(#1263,#1264,#1265,#1266));
#654=AXIS2_PLACEMENT_3D('',#1267,#1268,#1269);
#655=EDGE_LOOP('',(#1270,#1271,#1272,#1273));
#656=AXIS2_PLACEMENT_3D('',#1274,#1275,#1276);
#657=EDGE_LOOP('',(#1277,#1278,#1279,#1280));
#658=AXIS2_PLACEMENT_3D('',#1281,#1282,#1283);
#659=EDGE_LOOP('',(#1284,#1285));
#660=AXIS2_PLACEMENT_3D('',#1286,#1287,#1288);
#661=EDGE_LOOP('',(#1289,#1290));
#662=AXIS2_PLACEMENT_3D('',#1291,#1292,#1293);
#663=EDGE_LOOP('',(#1294,#1295));
#664=AXIS2_PLACEMENT_3D('',#1296,#1297,#1298);
#665=EDGE_LOOP('',(#1299,#1300));
#666=AXIS2_PLACEMENT_3D('',#1301,#1302,#1303);
#667=EDGE_LOOP('',(#1304,#1305,#1306,#1307));
#668=AXIS2_PLACEMENT_3D('',#1308,#1309,#1310);
#669=EDGE_LOOP('',(#1311,#1312,#1313,#1314,#1315,#1316,#1317,#1318));
#670=AXIS2_PLACEMENT_3D('',#1319,#1320,#1321);
#671=EDGE_LOOP('',(#1322,#1323,#1324,#1325));
#672=AXIS2_PLACEMENT_3D('',#1326,#1327,#1328);
#673=EDGE_LOOP('',(#1329,#1330,#1331,#1332,#1333,#1334,#1335,#1336,#1337,#1338,#1339,#1340));
#674=AXIS2_PLACEMENT_3D('',#1341,#1342,#1343);
#675=EDGE_LOOP('',(#1344,#1345,#1346,#1347));
#676=AXIS2_PLACEMENT_3D('',#1348,#1349,#1350);
#677=EDGE_LOOP('',(#1351,#1352,#1353,#1354,#1355,#1356,#1357,#1358,#1359,#1360,#1361,#1362));
#678=AXIS2_PLACEMENT_3D('',#1363,#1364,#1365);
#679=EDGE_LOOP('',(#1366,#1367,#1368,#1369));
#680=AXIS2_PLACEMENT_3D('',#1370,#1371,#1372);
#681=EDGE_LOOP('',(#1373,#1374,#1375,#1376,#1377,#1378,#1379,#1380));
#682=AXIS2_PLACEMENT_3D('',#1381,#1382,#1383);
#683=EDGE_LOOP('',(#1384,#1385,#1386,#1387));
#684=AXIS2_PLACEMENT_3D('',#1388,#1389,#1390);
#685=EDGE_LOOP('',(#1391,#1392,#1393,#1394));
#686=AXIS2_PLACEMENT_3D('',#1395,#1396,#1397);
#687=EDGE_LOOP('',(#1398,#1399,#1400,#1401,#1402,#1403));
#688=AXIS2_PLACEMENT_3D('',#1404,#1405,#1406);
#689=EDGE_LOOP('',(#1407,#1408,#1409,#1410));
#690=AXIS2_PLACEMENT_3D('',#1411,#1412,#1413);
#691=EDGE_LOOP('',(#1414,#1415,#1416,#1417,#1418,#1419,#1420,#1421));
#692=AXIS2_PLACEMENT_3D('',#1422,#1423,#1424);
#693=EDGE_LOOP('',(#1425,#1426,#1427,#1428));
#694=AXIS2_PLACEMENT_3D('',#1429,#1430,#1431);
#695=EDGE_LOOP('',(#1432,#1433,#1434,#1435,#1436));
#696=AXIS2_PLACEMENT_3D('',#1437,#1438,#1439);
#697=EDGE_LOOP('',(#1440,#1441,#1442,#1443));
#698=AXIS2_PLACEMENT_3D('',#1444,#1445,#1446);
#699=EDGE_LOOP('',(#1447,#1448,#1449,#1450));
#700=AXIS2_PLACEMENT_3D('',#1451,#1452,#1453);
#701=EDGE_LOOP('',(#1454,#1455,#1456));
#702=AXIS2_PLACEMENT_3D('',#1457,#1458,#1459);
#703=EDGE_LOOP('',(#1460,#1461,#1462,#1463));
#704=AXIS2_PLACEMENT_3D('',#1464,#1465,#1466);
#705=EDGE_LOOP('',(#1467,#1468,#1469));
#706=AXIS2_PLACEMENT_3D('',#1470,#1471,#1472);
#707=EDGE_LOOP('',(#1473,#1474,#1475,#1476));
#708=AXIS2_PLACEMENT_3D('',#1477,#1478,#1479);
#709=EDGE_LOOP('',(#1480,#1481,#1482));
#710=AXIS2_PLACEMENT_3D('',#1483,#1484,#1485);
#711=EDGE_LOOP('',(#1486,#1487,#1488,#1489));
#712=AXIS2_PLACEMENT_3D('',#1490,#1491,#1492);
#713=EDGE_LOOP('',(#1493,#1494,#1495));
#714=AXIS2_PLACEMENT_3D('',#1496,#1497,#1498);
#715=EDGE_LOOP('',(#1499,#1500,#1501,#1502));
#716=AXIS2_PLACEMENT_3D('',#1503,#1504,#1505);
#717=EDGE_LOOP('',(#1506,#1507,#1508,#1509));
#718=AXIS2_PLACEMENT_3D('',#1510,#1511,#1512);
#719=EDGE_LOOP('',(#1513,#1514,#1515,#1516));
#720=AXIS2_PLACEMENT_3D('',#1517,#1518,#1519);
#721=EDGE_LOOP('',(#1520,#1521,#1522,#1523));
#722=AXIS2_PLACEMENT_3D('',#1524,#1525,#1526);
#723=EDGE_LOOP('',(#1527,#1528,#1529,#1530,#1531));
#724=AXIS2_PLACEMENT_3D('',#1532,#1533,#1534);
#725=EDGE_LOOP('',(#1535,#1536,#1537,#1538));
#726=AXIS2_PLACEMENT_3D('',#1539,#1540,#1541);
#727=EDGE_LOOP('',(#1542,#1543,#1544,#1545,#1546,#1547,#1548,#1549));
#728=AXIS2_PLACEMENT_3D('',#1550,#1551,#1552);
#729=EDGE_LOOP('',(#1553,#1554,#1555,#1556));
#730=AXIS2_PLACEMENT_3D('',#1557,#1558,#1559);
#731=EDGE_LOOP('',(#1560,#1561,#1562,#1563,#1564,#1565));
#732=AXIS2_PLACEMENT_3D('',#1566,#1567,#1568);
#733=EDGE_LOOP('',(#1569,#1570,#1571,#1572));
#734=AXIS2_PLACEMENT_3D('',#1573,#1574,#1575);
#735=EDGE_LOOP('',(#1576,#1577,#1578,#1579));
#736=AXIS2_PLACEMENT_3D('',#1580,#1581,#1582);
#737=EDGE_LOOP('',(#1583,#1584,#1585,#1586));
#738=AXIS2_PLACEMENT_3D('',#1587,#1588,#1589);
#739=EDGE_LOOP('',(#1590,#1591,#1592,#1593));
#740=AXIS2_PLACEMENT_3D('',#1594,#1595,#1596);
#741=EDGE_LOOP('',(#1597,#1598,#1599,#1600));
#742=AXIS2_PLACEMENT_3D('',#1601,#1602,#1603);
#743=EDGE_LOOP('',(#1604,#1605,#1606,#1607));
#744=AXIS2_PLACEMENT_3D('',#1608,#1609,#1610);
#745=EDGE_LOOP('',(#1611,#1612,#1613,#1614));
#746=AXIS2_PLACEMENT_3D('',#1615,#1616,#1617);
#747=EDGE_LOOP('',(#1618,#1619,#1620,#1621));
#748=AXIS2_PLACEMENT_3D('',#1622,#1623,#1624);
#749=EDGE_LOOP('',(#1625,#1626,#1627,#1628));
#750=AXIS2_PLACEMENT_3D('',#1629,#1630,#1631);
#751=EDGE_LOOP('',(#1632,#1633,#1634,#1635,#1636,#1637));
#752=AXIS2_PLACEMENT_3D('',#1638,#1639,#1640);
#753=EDGE_LOOP('',(#1641,#1642,#1643,#1644));
#754=AXIS2_PLACEMENT_3D('',#1645,#1646,#1647);
#755=EDGE_LOOP('',(#1648,#1649,#1650,#1651,#1652,#1653,#1654,#1655));
#756=AXIS2_PLACEMENT_3D('',#1656,#1657,#1658);
#757=EDGE_LOOP('',(#1659,#1660,#1661,#1662));
#758=AXIS2_PLACEMENT_3D('',#1663,#1664,#1665);
#759=EDGE_LOOP('',(#1666,#1667,#1668,#1669,#1670));
#760=AXIS2_PLACEMENT_3D('',#1671,#1672,#1673);
#761=EDGE_LOOP('',(#1674,#1675,#1676,#1677));
#762=AXIS2_PLACEMENT_3D('',#1678,#1679,#1680);
#763=EDGE_LOOP('',(#1681,#1682,#1683,#1684));
#764=AXIS2_PLACEMENT_3D('',#1685,#1686,#1687);
#765=EDGE_LOOP('',(#1688,#1689,#1690,#1691));
#766=AXIS2_PLACEMENT_3D('',#1692,#1693,#1694);
#767=EDGE_LOOP('',(#1695,#1696,#1697));
#768=AXIS2_PLACEMENT_3D('',#1698,#1699,#1700);
#769=EDGE_LOOP('',(#1701,#1702,#1703,#1704));
#770=AXIS2_PLACEMENT_3D('',#1705,#1706,#1707);
#771=EDGE_LOOP('',(#1708,#1709,#1710));
#772=AXIS2_PLACEMENT_3D('',#1711,#1712,#1713);
#773=EDGE_LOOP('',(#1714,#1715,#1716,#1717));
#774=AXIS2_PLACEMENT_3D('',#1718,#1719,#1720);
#775=EDGE_LOOP('',(#1721,#1722,#1723));
#776=AXIS2_PLACEMENT_3D('',#1724,#1725,#1726);
#777=EDGE_LOOP('',(#1727,#1728,#1729,#1730));
#778=AXIS2_PLACEMENT_3D('',#1731,#1732,#1733);
#779=EDGE_LOOP('',(#1734,#1735,#1736));
#780=AXIS2_PLACEMENT_3D('',#1737,#1738,#1739);
#781=EDGE_LOOP('',(#1740,#1741,#1742,#1743));
#782=AXIS2_PLACEMENT_3D('',#1744,#1745,#1746);
#783=EDGE_LOOP('',(#1747,#1748,#1749,#1750,#1751,#1752));
#784=AXIS2_PLACEMENT_3D('',#1753,#1754,#1755);
#785=EDGE_LOOP('',(#1756,#1757,#1758,#1759));
#786=AXIS2_PLACEMENT_3D('',#1760,#1761,#1762);
#787=EDGE_LOOP('',(#1763,#1764,#1765,#1766));
#788=AXIS2_PLACEMENT_3D('',#1767,#1768,#1769);
#789=EDGE_LOOP('',(#1770,#1771,#1772,#1773));
#790=AXIS2_PLACEMENT_3D('',#1774,#1775,#1776);
#791=EDGE_LOOP('',(#1777,#1778,#1779,#1780,#1781));
#792=AXIS2_PLACEMENT_3D('',#1782,#1783,#1784);
#793=EDGE_LOOP('',(#1785,#1786,#1787,#1788));
#794=AXIS2_PLACEMENT_3D('',#1789,#1790,#1791);
#795=EDGE_LOOP('',(#1792,#1793,#1794,#1795,#1796,#1797,#1798,#1799));
#796=AXIS2_PLACEMENT_3D('',#1800,#1801,#1802);
#797=EDGE_LOOP('',(#1803,#1804,#1805,#1806));
#798=AXIS2_PLACEMENT_3D('',#1807,#1808,#1809);
#799=EDGE_LOOP('',(#1810,#1811,#1812,#1813));
#800=AXIS2_PLACEMENT_3D('',#1814,#1815,#1816);
#801=EDGE_LOOP('',(#1817,#1818,#1819,#1820,#1821,#1822,#1823,#1824,#1825,#1826,#1827,#1828));
#802=EDGE_LOOP('',(#1829,#1830,#1831,#1832,#1833,#1834,#1835,#1836));
#803=EDGE_LOOP('',(#1837,#1838,#1839,#1840));
#804=EDGE_LOOP('',(#1841,#1842,#1843,#1844));
#805=EDGE_LOOP('',(#1845,#1846,#1847,#1848,#1849,#1850,#1851,#1852));
#806=AXIS2_PLACEMENT_3D('',#1853,#1854,#1855);
#807=EDGE_LOOP('',(#1856,#1857));
#808=EDGE_LOOP('',(#1858,#1859));
#809=EDGE_LOOP('',(#1860,#1861));
#810=EDGE_LOOP('',(#1862,#1863));
#811=EDGE_LOOP('',(#1864,#1865));
#812=AXIS2_PLACEMENT_3D('',#1866,#1867,#1868);
#813=EDGE_LOOP('',(#1869,#1870,#1871,#1872));
#814=AXIS2_PLACEMENT_3D('',#1873,#1874,#1875);
#815=EDGE_LOOP('',(#1876,#1877,#1878,#1879));
#816=AXIS2_PLACEMENT_3D('',#1880,#1881,#1882);
#817=EDGE_LOOP('',(#1883,#1884,#1885,#1886));
#818=AXIS2_PLACEMENT_3D('',#1887,#1888,#1889);
#819=EDGE_LOOP('',(#1890,#1891));
#820=EDGE_LOOP('',(#1892,#1893));
#821=AXIS2_PLACEMENT_3D('',#1894,#1895,#1896);
#822=EDGE_LOOP('',(#1897,#1898,#1899,#1900));
#823=AXIS2_PLACEMENT_3D('',#1901,#1902,#1903);
#824=EDGE_LOOP('',(#1904,#1905,#1906,#1907));
#825=AXIS2_PLACEMENT_3D('',#1908,#1909,#1910);
#826=EDGE_LOOP('',(#1911,#1912));
#827=EDGE_LOOP('',(#1913,#1914));
#828=AXIS2_PLACEMENT_3D('',#1915,#1916,#1917);
#829=EDGE_LOOP('',(#1918,#1919,#1920,#1921,#1922));
#830=AXIS2_PLACEMENT_3D('',#1923,#1924,#1925);
#831=EDGE_LOOP('',(#1926,#1927,#1928,#1929,#1930,#1931));
#832=AXIS2_PLACEMENT_3D('',#1932,#1933,#1934);
#833=EDGE_LOOP('',(#1935,#1936,#1937,#1938,#1939));
#834=AXIS2_PLACEMENT_3D('',#1940,#1941,#1942);
#835=EDGE_LOOP('',(#1943,#1944,#1945,#1946,#1947,#1948));
#836=AXIS2_PLACEMENT_3D('',#1949,#1950,#1951);
#837=EDGE_LOOP('',(#1952,#1953,#1954,#1955));
#838=AXIS2_PLACEMENT_3D('',#1956,#1957,#1958);
#839=EDGE_LOOP('',(#1959,#1960,#1961,#1962));
#840=AXIS2_PLACEMENT_3D('',#1963,#1964,#1965);
#841=EDGE_LOOP('',(#1966,#1967,#1968,#1969));
#842=AXIS2_PLACEMENT_3D('',#1970,#1971,#1972);
#843=EDGE_LOOP('',(#1973,#1974,#1975,#1976));
#844=AXIS2_PLACEMENT_3D('',#1977,#1978,#1979);
#845=EDGE_LOOP('',(#1980,#1981));
#846=EDGE_LOOP('',(#1982,#1983));
#847=AXIS2_PLACEMENT_3D('',#1984,#1985,#1986);
#848=EDGE_LOOP('',(#1987,#1988,#1989,#1990));
#849=AXIS2_PLACEMENT_3D('',#1991,#1992,#1993);
#850=EDGE_LOOP('',(#1994,#1995,#1996,#1997));
#851=AXIS2_PLACEMENT_3D('',#1998,#1999,#2000);
#852=EDGE_LOOP('',(#2001,#2002,#2003,#2004));
#853=AXIS2_PLACEMENT_3D('',#2005,#2006,#2007);
#854=EDGE_LOOP('',(#2008,#2009,#2010,#2011,#2012,#2013));
#855=AXIS2_PLACEMENT_3D('',#2014,#2015,#2016);
#856=EDGE_LOOP('',(#2017,#2018,#2019,#2020));
#857=AXIS2_PLACEMENT_3D('',#2021,#2022,#2023);
#858=EDGE_LOOP('',(#2024,#2025,#2026,#2027));
#859=AXIS2_PLACEMENT_3D('',#2028,#2029,#2030);
#860=EDGE_LOOP('',(#2031,#2032,#2033,#2034,#2035));
#861=AXIS2_PLACEMENT_3D('',#2036,#2037,#2038);
#862=EDGE_LOOP('',(#2039,#2040,#2041,#2042));
#863=AXIS2_PLACEMENT_3D('',#2043,#2044,#2045);
#864=EDGE_LOOP('',(#2046,#2047,#2048,#2049));
#865=EDGE_LOOP('',(#2050,#2051,#2052,#2053));
#866=AXIS2_PLACEMENT_3D('',#2054,#2055,#2056);
#867=EDGE_LOOP('',(#2057,#2058,#2059,#2060));
#868=AXIS2_PLACEMENT_3D('',#2061,#2062,#2063);
#869=EDGE_LOOP('',(#2064,#2065,#2066,#2067));
#870=AXIS2_PLACEMENT_3D('',#2068,#2069,#2070);
#871=EDGE_LOOP('',(#2071,#2072,#2073,#2074));
#872=AXIS2_PLACEMENT_3D('',#2075,#2076,#2077);
#873=EDGE_LOOP('',(#2078,#2079,#2080,#2081));
#874=AXIS2_PLACEMENT_3D('',#2082,#2083,#2084);
#875=EDGE_LOOP('',(#2085,#2086,#2087,#2088));
#876=AXIS2_PLACEMENT_3D('',#2089,#2090,#2091);
#877=EDGE_LOOP('',(#2092,#2093,#2094,#2095));
#878=AXIS2_PLACEMENT_3D('',#2096,#2097,#2098);
#879=EDGE_LOOP('',(#2099,#2100,#2101,#2102,#2103));
#880=AXIS2_PLACEMENT_3D('',#2104,#2105,#2106);
#881=EDGE_LOOP('',(#2107,#2108));
#882=EDGE_LOOP('',(#2109,#2110));
#883=AXIS2_PLACEMENT_3D('',#2111,#2112,#2113);
#884=EDGE_LOOP('',(#2114,#2115,#2116,#2117));
#885=AXIS2_PLACEMENT_3D('',#2118,#2119,#2120);
#886=EDGE_LOOP('',(#2121,#2122));
#887=AXIS2_PLACEMENT_3D('',#2123,#2124,#2125);
#888=EDGE_LOOP('',(#2126,#2127,#2128,#2129));
#889=AXIS2_PLACEMENT_3D('',#2130,#2131,#2132);
#890=ORIENTED_EDGE('',*,*,#2133,.T.);
#891=ORIENTED_EDGE('',*,*,#2134,.F.);
#892=ORIENTED_EDGE('',*,*,#2135,.F.);
#893=ORIENTED_EDGE('',*,*,#2136,.T.);
#894=CARTESIAN_POINT('',(0.0,-44.73,0.0));
#895=DIRECTION('',(0.0,-1.0,0.0));
#896=DIRECTION('',(1.0,0.0,0.0));
#897=ORIENTED_EDGE('',*,*,#2137,.F.);
#898=ORIENTED_EDGE('',*,*,#2138,.T.);
#899=ORIENTED_EDGE('',*,*,#2139,.F.);
#900=ORIENTED_EDGE('',*,*,#2140,.T.);
#901=ORIENTED_EDGE('',*,*,#2141,.F.);
#902=ORIENTED_EDGE('',*,*,#2142,.T.);
#903=ORIENTED_EDGE('',*,*,#2143,.F.);
#904=ORIENTED_EDGE('',*,*,#2144,.T.);
#905=ORIENTED_EDGE('',*,*,#2145,.F.);
#906=ORIENTED_EDGE('',*,*,#2146,.T.);
#907=ORIENTED_EDGE('',*,*,#2147,.F.);
#908=ORIENTED_EDGE('',*,*,#2148,.T.);
#909=ORIENTED_EDGE('',*,*,#2149,.F.);
#910=ORIENTED_EDGE('',*,*,#2150,.T.);
#911=ORIENTED_EDGE('',*,*,#2151,.F.);
#912=ORIENTED_EDGE('',*,*,#2152,.T.);
#913=ORIENTED_EDGE('',*,*,#2153,.F.);
#914=ORIENTED_EDGE('',*,*,#2154,.T.);
#915=ORIENTED_EDGE('',*,*,#2155,.F.);
#916=ORIENTED_EDGE('',*,*,#2156,.T.);
#917=ORIENTED_EDGE('',*,*,#2157,.F.);
#918=ORIENTED_EDGE('',*,*,#2158,.T.);
#919=ORIENTED_EDGE('',*,*,#2159,.F.);
#920=ORIENTED_EDGE('',*,*,#2160,.T.);
#921=ORIENTED_EDGE('',*,*,#2161,.F.);
#922=ORIENTED_EDGE('',*,*,#2162,.T.);
#923=ORIENTED_EDGE('',*,*,#2163,.T.);
#924=ORIENTED_EDGE('',*,*,#2164,.T.);
#925=ORIENTED_EDGE('',*,*,#2133,.F.);
#926=ORIENTED_EDGE('',*,*,#2165,.F.);
#927=ORIENTED_EDGE('',*,*,#2166,.T.);
#928=ORIENTED_EDGE('',*,*,#2167,.T.);
#929=CARTESIAN_POINT('',(0.0,-44.73,0.0));
#930=DIRECTION('',(0.0,-1.0,0.0));
#931=DIRECTION('',(1.0,0.0,0.0));
#932=ORIENTED_EDGE('',*,*,#2168,.F.);
#933=ORIENTED_EDGE('',*,*,#2169,.T.);
#934=ORIENTED_EDGE('',*,*,#2170,.F.);
#935=ORIENTED_EDGE('',*,*,#2171,.T.);
#936=CARTESIAN_POINT('',(-4.15,-35.9,-3.65));
#937=DIRECTION('',(0.0,1.0,-0.0));
#938=DIRECTION('',(1.0,0.0,0.0));
#939=ORIENTED_EDGE('',*,*,#2172,.F.);
#940=ORIENTED_EDGE('',*,*,#2173,.T.);
#941=ORIENTED_EDGE('',*,*,#2174,.F.);
#942=ORIENTED_EDGE('',*,*,#2175,.T.);
#943=CARTESIAN_POINT('',(-4.15,-35.9,-3.65));
#944=DIRECTION('',(0.0,1.0,-0.0));
#945=DIRECTION('',(1.0,0.0,0.0));
#946=ORIENTED_EDGE('',*,*,#2176,.F.);
#947=ORIENTED_EDGE('',*,*,#2177,.T.);
#948=ORIENTED_EDGE('',*,*,#2178,.F.);
#949=ORIENTED_EDGE('',*,*,#2179,.T.);
#950=CARTESIAN_POINT('',(4.15,-35.9,-3.65));
#951=DIRECTION('',(0.0,1.0,-0.0));
#952=DIRECTION('',(1.0,0.0,0.0));
#953=ORIENTED_EDGE('',*,*,#2180,.F.);
#954=ORIENTED_EDGE('',*,*,#2181,.T.);
#955=ORIENTED_EDGE('',*,*,#2182,.F.);
#956=ORIENTED_EDGE('',*,*,#2183,.T.);
#957=CARTESIAN_POINT('',(4.15,-35.9,-3.65));
#958=DIRECTION('',(0.0,1.0,-0.0));
#959=DIRECTION('',(1.0,0.0,0.0));
#960=ORIENTED_EDGE('',*,*,#2184,.T.);
#961=ORIENTED_EDGE('',*,*,#2185,.T.);
#962=ORIENTED_EDGE('',*,*,#2186,.F.);
#963=ORIENTED_EDGE('',*,*,#2187,.T.);
#964=CARTESIAN_POINT('',(4.15,-35.9,3.65));
#965=DIRECTION('',(0.0,1.0,-0.0));
#966=DIRECTION('',(1.0,0.0,0.0));
#967=ORIENTED_EDGE('',*,*,#2188,.F.);
#968=ORIENTED_EDGE('',*,*,#2189,.T.);
#969=ORIENTED_EDGE('',*,*,#2184,.F.);
#970=ORIENTED_EDGE('',*,*,#2190,.T.);
#971=ORIENTED_EDGE('',*,*,#2191,.F.);
#972=ORIENTED_EDGE('',*,*,#2192,.T.);
#973=ORIENTED_EDGE('',*,*,#2193,.F.);
#974=ORIENTED_EDGE('',*,*,#2194,.T.);
#975=ORIENTED_EDGE('',*,*,#2195,.F.);
#976=ORIENTED_EDGE('',*,*,#2196,.T.);
#977=ORIENTED_EDGE('',*,*,#2197,.F.);
#978=ORIENTED_EDGE('',*,*,#2198,.T.);
#979=CARTESIAN_POINT('',(4.15,-35.9,3.65));
#980=DIRECTION('',(0.0,1.0,-0.0));
#981=DIRECTION('',(1.0,0.0,0.0));
#982=ORIENTED_EDGE('',*,*,#2199,.T.);
#983=ORIENTED_EDGE('',*,*,#2200,.T.);
#984=ORIENTED_EDGE('',*,*,#2201,.F.);
#985=ORIENTED_EDGE('',*,*,#2202,.T.);
#986=CARTESIAN_POINT('',(-4.15,-35.9,3.65));
#987=DIRECTION('',(0.0,1.0,-0.0));
#988=DIRECTION('',(1.0,0.0,0.0));
#989=ORIENTED_EDGE('',*,*,#2203,.F.);
#990=ORIENTED_EDGE('',*,*,#2204,.T.);
#991=ORIENTED_EDGE('',*,*,#2199,.F.);
#992=ORIENTED_EDGE('',*,*,#2205,.T.);
#993=ORIENTED_EDGE('',*,*,#2206,.F.);
#994=ORIENTED_EDGE('',*,*,#2207,.T.);
#995=ORIENTED_EDGE('',*,*,#2208,.F.);
#996=ORIENTED_EDGE('',*,*,#2209,.T.);
#997=ORIENTED_EDGE('',*,*,#2210,.F.);
#998=ORIENTED_EDGE('',*,*,#2211,.T.);
#999=ORIENTED_EDGE('',*,*,#2212,.F.);
#1000=ORIENTED_EDGE('',*,*,#2213,.T.);
#1001=CARTESIAN_POINT('',(-4.15,-35.9,3.65));
#1002=DIRECTION('',(0.0,1.0,-0.0));
#1003=DIRECTION('',(1.0,0.0,0.0));
#1004=ORIENTED_EDGE('',*,*,#2214,.F.);
#1005=ORIENTED_EDGE('',*,*,#2215,.F.);
#1006=ORIENTED_EDGE('',*,*,#2216,.T.);
#1007=ORIENTED_EDGE('',*,*,#2217,.T.);
#1008=CARTESIAN_POINT('',(0.0,7.20000000001,0.0));
#1009=DIRECTION('',(-0.0,-1.0,-0.0));
#1010=DIRECTION('',(0.0,0.0,-1.0));
#1011=ORIENTED_EDGE('',*,*,#2218,.F.);
#1012=ORIENTED_EDGE('',*,*,#2219,.T.);
#1013=ORIENTED_EDGE('',*,*,#2216,.F.);
#1014=ORIENTED_EDGE('',*,*,#2220,.F.);
#1015=CARTESIAN_POINT('',(3.907985046681E-14,7.20000000001,0.0));
#1016=DIRECTION('',(-0.0,-1.0,-0.0));
#1017=DIRECTION('',(0.0,0.0,-1.0));
#1018=ORIENTED_EDGE('',*,*,#2221,.F.);
#1019=ORIENTED_EDGE('',*,*,#2222,.F.);
#1020=ORIENTED_EDGE('',*,*,#2217,.F.);
#1021=ORIENTED_EDGE('',*,*,#2219,.F.);
#1022=CARTESIAN_POINT('',(0.0,7.4,0.0));
#1023=DIRECTION('',(-0.0,1.0,0.0));
#1024=DIRECTION('',(1.0,0.0,0.0));
#1025=ORIENTED_EDGE('',*,*,#2218,.T.);
#1026=ORIENTED_EDGE('',*,*,#2223,.F.);
#1027=ORIENTED_EDGE('',*,*,#2224,.T.);
#1028=ORIENTED_EDGE('',*,*,#2221,.T.);
#1029=CARTESIAN_POINT('',(3.907985046681E-14,7.20000000001,0.0));
#1030=DIRECTION('',(-0.0,-1.0,-0.0));
#1031=DIRECTION('',(0.0,0.0,-1.0));
#1032=ORIENTED_EDGE('',*,*,#2214,.T.);
#1033=ORIENTED_EDGE('',*,*,#2222,.T.);
#1034=ORIENTED_EDGE('',*,*,#2224,.F.);
#1035=ORIENTED_EDGE('',*,*,#2225,.F.);
#1036=CARTESIAN_POINT('',(0.0,7.20000000001,0.0));
#1037=DIRECTION('',(-0.0,-1.0,-0.0));
#1038=DIRECTION('',(0.0,0.0,-1.0));
#1039=ORIENTED_EDGE('',*,*,#2226,.F.);
#1040=ORIENTED_EDGE('',*,*,#2227,.T.);
#1041=ORIENTED_EDGE('',*,*,#2228,.F.);
#1042=ORIENTED_EDGE('',*,*,#2223,.T.);
#1043=ORIENTED_EDGE('',*,*,#2220,.T.);
#1044=CARTESIAN_POINT('',(0.0,-44.73,0.0));
#1045=DIRECTION('',(0.0,-1.0,0.0));
#1046=DIRECTION('',(1.0,0.0,0.0));
#1047=ORIENTED_EDGE('',*,*,#2228,.T.);
#1048=ORIENTED_EDGE('',*,*,#2229,.T.);
#1049=ORIENTED_EDGE('',*,*,#2226,.T.);
#1050=ORIENTED_EDGE('',*,*,#2215,.T.);
#1051=ORIENTED_EDGE('',*,*,#2225,.T.);
#1052=CARTESIAN_POINT('',(0.0,-44.73,0.0));
#1053=DIRECTION('',(0.0,-1.0,0.0));
#1054=DIRECTION('',(1.0,0.0,0.0));
#1055=ORIENTED_EDGE('',*,*,#2229,.F.);
#1056=ORIENTED_EDGE('',*,*,#2227,.F.);
#1057=ORIENTED_EDGE('',*,*,#2230,.F.);
#1058=ORIENTED_EDGE('',*,*,#2231,.F.);
#1059=CARTESIAN_POINT('',(0.0,0.0,0.0));
#1060=DIRECTION('',(-0.0,1.0,0.0));
#1061=DIRECTION('',(1.0,0.0,0.0));
#1062=ORIENTED_EDGE('',*,*,#2232,.F.);
#1063=ORIENTED_EDGE('',*,*,#2233,.T.);
#1064=ORIENTED_EDGE('',*,*,#2234,.T.);
#1065=ORIENTED_EDGE('',*,*,#2231,.T.);
#1066=CARTESIAN_POINT('',(0.0,0.0,0.0));
#1067=DIRECTION('',(0.0,1.0,-0.0));
#1068=DIRECTION('',(0.0,0.0,1.0));
#1069=ORIENTED_EDGE('',*,*,#2234,.F.);
#1070=ORIENTED_EDGE('',*,*,#2235,.T.);
#1071=ORIENTED_EDGE('',*,*,#2232,.T.);
#1072=ORIENTED_EDGE('',*,*,#2230,.T.);
#1073=CARTESIAN_POINT('',(0.0,0.0,0.0));
#1074=DIRECTION('',(0.0,1.0,-0.0));
#1075=DIRECTION('',(0.0,0.0,1.0));
#1076=ORIENTED_EDGE('',*,*,#2235,.F.);
#1077=ORIENTED_EDGE('',*,*,#2233,.F.);
#1078=ORIENTED_EDGE('',*,*,#2236,.F.);
#1079=ORIENTED_EDGE('',*,*,#2237,.F.);
#1080=CARTESIAN_POINT('',(0.0,-1.0,0.0));
#1081=DIRECTION('',(0.0,-1.0,0.0));
#1082=DIRECTION('',(0.0,0.0,-1.0));
#1083=ORIENTED_EDGE('',*,*,#2238,.F.);
#1084=ORIENTED_EDGE('',*,*,#2239,.T.);
#1085=ORIENTED_EDGE('',*,*,#2240,.T.);
#1086=ORIENTED_EDGE('',*,*,#2237,.T.);
#1087=CARTESIAN_POINT('',(0.0,-1.0,0.0));
#1088=DIRECTION('',(0.0,-1.0,0.0));
#1089=DIRECTION('',(0.0,0.0,1.0));
#1090=ORIENTED_EDGE('',*,*,#2240,.F.);
#1091=ORIENTED_EDGE('',*,*,#2241,.T.);
#1092=ORIENTED_EDGE('',*,*,#2238,.T.);
#1093=ORIENTED_EDGE('',*,*,#2236,.T.);
#1094=CARTESIAN_POINT('',(0.0,-1.0,0.0));
#1095=DIRECTION('',(0.0,-1.0,0.0));
#1096=DIRECTION('',(0.0,0.0,1.0));
#1097=ORIENTED_EDGE('',*,*,#2241,.F.);
#1098=ORIENTED_EDGE('',*,*,#2239,.F.);
#1099=ORIENTED_EDGE('',*,*,#2242,.F.);
#1100=ORIENTED_EDGE('',*,*,#2243,.F.);
#1101=CARTESIAN_POINT('',(0.0,-4.2,0.0));
#1102=DIRECTION('',(-0.0,1.0,0.0));
#1103=DIRECTION('',(1.0,0.0,0.0));
#1104=ORIENTED_EDGE('',*,*,#2244,.T.);
#1105=ORIENTED_EDGE('',*,*,#2245,.T.);
#1106=ORIENTED_EDGE('',*,*,#2246,.F.);
#1107=ORIENTED_EDGE('',*,*,#2243,.T.);
#1108=CARTESIAN_POINT('',(0.0,-44.73,0.0));
#1109=DIRECTION('',(0.0,-1.0,0.0));
#1110=DIRECTION('',(1.0,0.0,0.0));
#1111=ORIENTED_EDGE('',*,*,#2246,.T.);
#1112=ORIENTED_EDGE('',*,*,#2247,.T.);
#1113=ORIENTED_EDGE('',*,*,#2244,.F.);
#1114=ORIENTED_EDGE('',*,*,#2242,.T.);
#1115=CARTESIAN_POINT('',(0.0,-44.73,0.0));
#1116=DIRECTION('',(0.0,-1.0,0.0));
#1117=DIRECTION('',(1.0,0.0,0.0));
#1118=ORIENTED_EDGE('',*,*,#2248,.T.);
#1119=ORIENTED_EDGE('',*,*,#2249,.F.);
#1120=ORIENTED_EDGE('',*,*,#2213,.F.);
#1121=ORIENTED_EDGE('',*,*,#2250,.F.);
#1122=ORIENTED_EDGE('',*,*,#2251,.F.);
#1123=CARTESIAN_POINT('',(-17.1,-39.4,4.6));
#1124=DIRECTION('',(0.0,-1.0,0.0));
#1125=DIRECTION('',(0.0,0.0,-1.0));
#1126=ORIENTED_EDGE('',*,*,#2250,.T.);
#1127=ORIENTED_EDGE('',*,*,#2212,.T.);
#1128=ORIENTED_EDGE('',*,*,#2252,.F.);
#1129=ORIENTED_EDGE('',*,*,#2253,.F.);
#1130=CARTESIAN_POINT('',(-17.1,-37.4,4.6));
#1131=DIRECTION('',(0.0,0.0,1.0));
#1132=DIRECTION('',(1.0,0.0,0.0));
#1133=ORIENTED_EDGE('',*,*,#2252,.T.);
#1134=ORIENTED_EDGE('',*,*,#2211,.F.);
#1135=ORIENTED_EDGE('',*,*,#2254,.F.);
#1136=ORIENTED_EDGE('',*,*,#2255,.F.);
#1137=CARTESIAN_POINT('',(-17.1,-37.4,5.6));
#1138=DIRECTION('',(0.0,-1.0,0.0));
#1139=DIRECTION('',(0.0,0.0,-1.0));
#1140=ORIENTED_EDGE('',*,*,#2256,.F.);
#1141=ORIENTED_EDGE('',*,*,#2192,.F.);
#1142=ORIENTED_EDGE('',*,*,#2257,.T.);
#1143=ORIENTED_EDGE('',*,*,#2258,.T.);
#1144=CARTESIAN_POINT('',(-17.1,-37.4,5.6));
#1145=DIRECTION('',(0.0,-1.0,0.0));
#1146=DIRECTION('',(0.0,0.0,-1.0));
#1147=ORIENTED_EDGE('',*,*,#2257,.F.);
#1148=ORIENTED_EDGE('',*,*,#2191,.T.);
#1149=ORIENTED_EDGE('',*,*,#2259,.T.);
#1150=ORIENTED_EDGE('',*,*,#2260,.T.);
#1151=CARTESIAN_POINT('',(-17.1,-37.4,4.6));
#1152=DIRECTION('',(0.0,0.0,1.0));
#1153=DIRECTION('',(1.0,0.0,0.0));
#1154=ORIENTED_EDGE('',*,*,#2259,.F.);
#1155=ORIENTED_EDGE('',*,*,#2190,.F.);
#1156=ORIENTED_EDGE('',*,*,#2187,.F.);
#1157=ORIENTED_EDGE('',*,*,#2261,.T.);
#1158=ORIENTED_EDGE('',*,*,#2262,.T.);
#1159=CARTESIAN_POINT('',(-17.1,-39.4,4.6));
#1160=DIRECTION('',(0.0,-1.0,0.0));
#1161=DIRECTION('',(0.0,0.0,-1.0));
#1162=ORIENTED_EDGE('',*,*,#2263,.F.);
#1163=ORIENTED_EDGE('',*,*,#2177,.F.);
#1164=ORIENTED_EDGE('',*,*,#2264,.F.);
#1165=ORIENTED_EDGE('',*,*,#2265,.T.);
#1166=ORIENTED_EDGE('',*,*,#2266,.T.);
#1167=CARTESIAN_POINT('',(-17.1,-39.4,-1.75));
#1168=DIRECTION('',(0.0,-1.0,0.0));
#1169=DIRECTION('',(0.0,0.0,-1.0));
#1170=ORIENTED_EDGE('',*,*,#2265,.F.);
#1171=ORIENTED_EDGE('',*,*,#2267,.T.);
#1172=ORIENTED_EDGE('',*,*,#2268,.T.);
#1173=ORIENTED_EDGE('',*,*,#2269,.T.);
#1174=CARTESIAN_POINT('',(-17.1,-39.4,-4.6));
#1175=DIRECTION('',(0.0,0.0,-1.0));
#1176=DIRECTION('',(0.0,-1.0,0.0));
#1177=ORIENTED_EDGE('',*,*,#2268,.F.);
#1178=ORIENTED_EDGE('',*,*,#2270,.F.);
#1179=ORIENTED_EDGE('',*,*,#2271,.T.);
#1180=ORIENTED_EDGE('',*,*,#2272,.T.);
#1181=CARTESIAN_POINT('',(-17.1,-37.4,-4.6));
#1182=DIRECTION('',(0.0,-1.0,0.0));
#1183=DIRECTION('',(0.0,0.0,-1.0));
#1184=ORIENTED_EDGE('',*,*,#2273,.T.);
#1185=ORIENTED_EDGE('',*,*,#2274,.F.);
#1186=ORIENTED_EDGE('',*,*,#2175,.F.);
#1187=ORIENTED_EDGE('',*,*,#2275,.F.);
#1188=ORIENTED_EDGE('',*,*,#2276,.F.);
#1189=CARTESIAN_POINT('',(-17.1,-39.4,-1.75));
#1190=DIRECTION('',(0.0,-1.0,0.0));
#1191=DIRECTION('',(0.0,0.0,-1.0));
#1192=ORIENTED_EDGE('',*,*,#2277,.T.);
#1193=ORIENTED_EDGE('',*,*,#2278,.T.);
#1194=ORIENTED_EDGE('',*,*,#2273,.F.);
#1195=ORIENTED_EDGE('',*,*,#2279,.F.);
#1196=CARTESIAN_POINT('',(-17.1,-39.4,-4.6));
#1197=DIRECTION('',(0.0,0.0,-1.0));
#1198=DIRECTION('',(0.0,-1.0,0.0));
#1199=ORIENTED_EDGE('',*,*,#2280,.T.);
#1200=ORIENTED_EDGE('',*,*,#2281,.F.);
#1201=ORIENTED_EDGE('',*,*,#2277,.F.);
#1202=ORIENTED_EDGE('',*,*,#2282,.F.);
#1203=CARTESIAN_POINT('',(-17.1,-37.4,-4.6));
#1204=DIRECTION('',(0.0,-1.0,0.0));
#1205=DIRECTION('',(0.0,0.0,-1.0));
#1206=ORIENTED_EDGE('',*,*,#2283,.F.);
#1207=ORIENTED_EDGE('',*,*,#2284,.F.);
#1208=ORIENTED_EDGE('',*,*,#2247,.F.);
#1209=ORIENTED_EDGE('',*,*,#2245,.F.);
#1210=CARTESIAN_POINT('',(0.0,-4.6,0.0));
#1211=DIRECTION('',(-0.0,1.0,0.0));
#1212=DIRECTION('',(1.0,0.0,0.0));
#1213=ORIENTED_EDGE('',*,*,#2254,.T.);
#1214=ORIENTED_EDGE('',*,*,#2210,.T.);
#1215=ORIENTED_EDGE('',*,*,#2285,.F.);
#1216=ORIENTED_EDGE('',*,*,#2286,.F.);
#1217=CARTESIAN_POINT('',(-17.1,-39.4,5.6));
#1218=DIRECTION('',(0.0,0.0,-1.0));
#1219=DIRECTION('',(0.0,-1.0,0.0));
#1220=ORIENTED_EDGE('',*,*,#2287,.T.);
#1221=ORIENTED_EDGE('',*,*,#2288,.T.);
#1222=ORIENTED_EDGE('',*,*,#2289,.T.);
#1223=ORIENTED_EDGE('',*,*,#2290,.T.);
#1224=ORIENTED_EDGE('',*,*,#2251,.T.);
#1225=ORIENTED_EDGE('',*,*,#2253,.T.);
#1226=ORIENTED_EDGE('',*,*,#2255,.T.);
#1227=ORIENTED_EDGE('',*,*,#2286,.T.);
#1228=CARTESIAN_POINT('',(-1.0,-35.9,8.1));
#1229=DIRECTION('',(-1.0,0.0,0.0));
#1230=DIRECTION('',(0.0,0.0,1.0));
#1231=ORIENTED_EDGE('',*,*,#2291,.T.);
#1232=ORIENTED_EDGE('',*,*,#2292,.T.);
#1233=ORIENTED_EDGE('',*,*,#2248,.F.);
#1234=ORIENTED_EDGE('',*,*,#2290,.F.);
#1235=CARTESIAN_POINT('',(-17.1,-39.4,1.75));
#1236=DIRECTION('',(0.0,0.0,-1.0));
#1237=DIRECTION('',(0.0,-1.0,0.0));
#1238=ORIENTED_EDGE('',*,*,#2203,.T.);
#1239=ORIENTED_EDGE('',*,*,#2249,.T.);
#1240=ORIENTED_EDGE('',*,*,#2292,.F.);
#1241=ORIENTED_EDGE('',*,*,#2293,.T.);
#1242=CARTESIAN_POINT('',(-4.15,-35.9,3.65));
#1243=DIRECTION('',(0.0,1.0,-0.0));
#1244=DIRECTION('',(1.0,0.0,0.0));
#1245=ORIENTED_EDGE('',*,*,#2261,.F.);
#1246=ORIENTED_EDGE('',*,*,#2186,.T.);
#1247=ORIENTED_EDGE('',*,*,#2294,.T.);
#1248=ORIENTED_EDGE('',*,*,#2295,.T.);
#1249=CARTESIAN_POINT('',(-17.1,-39.4,1.75));
#1250=DIRECTION('',(0.0,0.0,-1.0));
#1251=DIRECTION('',(0.0,-1.0,0.0));
#1252=ORIENTED_EDGE('',*,*,#2258,.F.);
#1253=ORIENTED_EDGE('',*,*,#2260,.F.);
#1254=ORIENTED_EDGE('',*,*,#2262,.F.);
#1255=ORIENTED_EDGE('',*,*,#2295,.F.);
#1256=ORIENTED_EDGE('',*,*,#2296,.F.);
#1257=ORIENTED_EDGE('',*,*,#2297,.F.);
#1258=ORIENTED_EDGE('',*,*,#2298,.F.);
#1259=ORIENTED_EDGE('',*,*,#2299,.F.);
#1260=CARTESIAN_POINT('',(1.0,-35.9,-8.1));
#1261=DIRECTION('',(1.0,0.0,0.0));
#1262=DIRECTION('',(0.0,1.0,0.0));
#1263=ORIENTED_EDGE('',*,*,#2300,.F.);
#1264=ORIENTED_EDGE('',*,*,#2193,.T.);
#1265=ORIENTED_EDGE('',*,*,#2256,.T.);
#1266=ORIENTED_EDGE('',*,*,#2299,.T.);
#1267=CARTESIAN_POINT('',(-17.1,-39.4,5.6));
#1268=DIRECTION('',(0.0,0.0,-1.0));
#1269=DIRECTION('',(0.0,-1.0,0.0));
#1270=ORIENTED_EDGE('',*,*,#2188,.T.);
#1271=ORIENTED_EDGE('',*,*,#2301,.T.);
#1272=ORIENTED_EDGE('',*,*,#2302,.F.);
#1273=ORIENTED_EDGE('',*,*,#2303,.T.);
#1274=CARTESIAN_POINT('',(4.15,-35.9,3.65));
#1275=DIRECTION('',(0.0,1.0,-0.0));
#1276=DIRECTION('',(1.0,0.0,0.0));
#1277=ORIENTED_EDGE('',*,*,#2284,.T.);
#1278=ORIENTED_EDGE('',*,*,#2304,.T.);
#1279=ORIENTED_EDGE('',*,*,#2305,.T.);
#1280=ORIENTED_EDGE('',*,*,#2306,.F.);
#1281=CARTESIAN_POINT('',(0.0,-44.73,0.0));
#1282=DIRECTION('',(0.0,-1.0,0.0));
#1283=DIRECTION('',(1.0,0.0,0.0));
#1284=ORIENTED_EDGE('',*,*,#2307,.F.);
#1285=ORIENTED_EDGE('',*,*,#2308,.F.);
#1286=CARTESIAN_POINT('',(-17.1,-39.4,0.0));
#1287=DIRECTION('',(0.0,-1.0,0.0));
#1288=DIRECTION('',(0.0,0.0,-1.0));
#1289=ORIENTED_EDGE('',*,*,#2309,.F.);
#1290=ORIENTED_EDGE('',*,*,#2310,.F.);
#1291=CARTESIAN_POINT('',(-17.1,-39.4,0.0));
#1292=DIRECTION('',(0.0,-1.0,0.0));
#1293=DIRECTION('',(0.0,0.0,-1.0));
#1294=ORIENTED_EDGE('',*,*,#2311,.F.);
#1295=ORIENTED_EDGE('',*,*,#2312,.F.);
#1296=CARTESIAN_POINT('',(-17.1,-39.4,0.0));
#1297=DIRECTION('',(0.0,-1.0,0.0));
#1298=DIRECTION('',(0.0,0.0,-1.0));
#1299=ORIENTED_EDGE('',*,*,#2313,.F.);
#1300=ORIENTED_EDGE('',*,*,#2314,.F.);
#1301=CARTESIAN_POINT('',(-17.1,-39.4,0.0));
#1302=DIRECTION('',(0.0,-1.0,0.0));
#1303=DIRECTION('',(0.0,0.0,-1.0));
#1304=ORIENTED_EDGE('',*,*,#2271,.F.);
#1305=ORIENTED_EDGE('',*,*,#2315,.T.);
#1306=ORIENTED_EDGE('',*,*,#2316,.T.);
#1307=ORIENTED_EDGE('',*,*,#2317,.T.);
#1308=CARTESIAN_POINT('',(-17.1,-37.4,-5.6));
#1309=DIRECTION('',(0.0,0.0,1.0));
#1310=DIRECTION('',(1.0,0.0,0.0));
#1311=ORIENTED_EDGE('',*,*,#2318,.F.);
#1312=ORIENTED_EDGE('',*,*,#2319,.F.);
#1313=ORIENTED_EDGE('',*,*,#2320,.F.);
#1314=ORIENTED_EDGE('',*,*,#2321,.F.);
#1315=ORIENTED_EDGE('',*,*,#2266,.F.);
#1316=ORIENTED_EDGE('',*,*,#2269,.F.);
#1317=ORIENTED_EDGE('',*,*,#2272,.F.);
#1318=ORIENTED_EDGE('',*,*,#2317,.F.);
#1319=CARTESIAN_POINT('',(1.0,-35.9,-8.1));
#1320=DIRECTION('',(1.0,0.0,0.0));
#1321=DIRECTION('',(0.0,1.0,0.0));
#1322=ORIENTED_EDGE('',*,*,#2322,.F.);
#1323=ORIENTED_EDGE('',*,*,#2178,.T.);
#1324=ORIENTED_EDGE('',*,*,#2263,.T.);
#1325=ORIENTED_EDGE('',*,*,#2321,.T.);
#1326=CARTESIAN_POINT('',(-17.1,-35.9,-1.75));
#1327=DIRECTION('',(0.0,0.0,1.0));
#1328=DIRECTION('',(1.0,0.0,0.0));
#1329=ORIENTED_EDGE('',*,*,#2180,.T.);
#1330=ORIENTED_EDGE('',*,*,#2323,.T.);
#1331=ORIENTED_EDGE('',*,*,#2324,.F.);
#1332=ORIENTED_EDGE('',*,*,#2325,.T.);
#1333=ORIENTED_EDGE('',*,*,#2326,.F.);
#1334=ORIENTED_EDGE('',*,*,#2327,.T.);
#1335=ORIENTED_EDGE('',*,*,#2315,.F.);
#1336=ORIENTED_EDGE('',*,*,#2270,.T.);
#1337=ORIENTED_EDGE('',*,*,#2267,.F.);
#1338=ORIENTED_EDGE('',*,*,#2264,.T.);
#1339=ORIENTED_EDGE('',*,*,#2176,.T.);
#1340=ORIENTED_EDGE('',*,*,#2328,.T.);
#1341=CARTESIAN_POINT('',(4.15,-35.9,-3.65));
#1342=DIRECTION('',(0.0,1.0,-0.0));
#1343=DIRECTION('',(1.0,0.0,0.0));
#1344=ORIENTED_EDGE('',*,*,#2329,.T.);
#1345=ORIENTED_EDGE('',*,*,#2330,.T.);
#1346=ORIENTED_EDGE('',*,*,#2280,.F.);
#1347=ORIENTED_EDGE('',*,*,#2331,.F.);
#1348=CARTESIAN_POINT('',(-17.1,-37.4,-5.6));
#1349=DIRECTION('',(0.0,0.0,1.0));
#1350=DIRECTION('',(1.0,0.0,0.0));
#1351=ORIENTED_EDGE('',*,*,#2172,.T.);
#1352=ORIENTED_EDGE('',*,*,#2274,.T.);
#1353=ORIENTED_EDGE('',*,*,#2278,.F.);
#1354=ORIENTED_EDGE('',*,*,#2281,.T.);
#1355=ORIENTED_EDGE('',*,*,#2330,.F.);
#1356=ORIENTED_EDGE('',*,*,#2332,.T.);
#1357=ORIENTED_EDGE('',*,*,#2333,.F.);
#1358=ORIENTED_EDGE('',*,*,#2334,.T.);
#1359=ORIENTED_EDGE('',*,*,#2335,.F.);
#1360=ORIENTED_EDGE('',*,*,#2336,.T.);
#1361=ORIENTED_EDGE('',*,*,#2168,.T.);
#1362=ORIENTED_EDGE('',*,*,#2337,.T.);
#1363=CARTESIAN_POINT('',(-4.15,-35.9,-3.65));
#1364=DIRECTION('',(0.0,1.0,-0.0));
#1365=DIRECTION('',(1.0,0.0,0.0));
#1366=ORIENTED_EDGE('',*,*,#2275,.T.);
#1367=ORIENTED_EDGE('',*,*,#2174,.T.);
#1368=ORIENTED_EDGE('',*,*,#2338,.F.);
#1369=ORIENTED_EDGE('',*,*,#2339,.F.);
#1370=CARTESIAN_POINT('',(-17.1,-35.9,-1.75));
#1371=DIRECTION('',(0.0,0.0,1.0));
#1372=DIRECTION('',(1.0,0.0,0.0));
#1373=ORIENTED_EDGE('',*,*,#2340,.T.);
#1374=ORIENTED_EDGE('',*,*,#2341,.T.);
#1375=ORIENTED_EDGE('',*,*,#2342,.T.);
#1376=ORIENTED_EDGE('',*,*,#2331,.T.);
#1377=ORIENTED_EDGE('',*,*,#2282,.T.);
#1378=ORIENTED_EDGE('',*,*,#2279,.T.);
#1379=ORIENTED_EDGE('',*,*,#2276,.T.);
#1380=ORIENTED_EDGE('',*,*,#2339,.T.);
#1381=CARTESIAN_POINT('',(-1.0,-35.9,8.1));
#1382=DIRECTION('',(-1.0,0.0,0.0));
#1383=DIRECTION('',(0.0,0.0,1.0));
#1384=ORIENTED_EDGE('',*,*,#2343,.T.);
#1385=ORIENTED_EDGE('',*,*,#2304,.F.);
#1386=ORIENTED_EDGE('',*,*,#2283,.T.);
#1387=ORIENTED_EDGE('',*,*,#2306,.T.);
#1388=CARTESIAN_POINT('',(0.0,-44.73,0.0));
#1389=DIRECTION('',(0.0,-1.0,0.0));
#1390=DIRECTION('',(1.0,0.0,0.0));
#1391=ORIENTED_EDGE('',*,*,#2344,.T.);
#1392=ORIENTED_EDGE('',*,*,#2345,.T.);
#1393=ORIENTED_EDGE('',*,*,#2346,.F.);
#1394=ORIENTED_EDGE('',*,*,#2208,.T.);
#1395=CARTESIAN_POINT('',(-17.1,-39.4,5.6));
#1396=DIRECTION('',(0.0,0.0,-1.0));
#1397=DIRECTION('',(0.0,-1.0,0.0));
#1398=ORIENTED_EDGE('',*,*,#2285,.T.);
#1399=ORIENTED_EDGE('',*,*,#2209,.F.);
#1400=ORIENTED_EDGE('',*,*,#2346,.T.);
#1401=ORIENTED_EDGE('',*,*,#2347,.F.);
#1402=ORIENTED_EDGE('',*,*,#2348,.F.);
#1403=ORIENTED_EDGE('',*,*,#2287,.F.);
#1404=CARTESIAN_POINT('',(-17.1,-39.4,8.1));
#1405=DIRECTION('',(0.0,-1.0,0.0));
#1406=DIRECTION('',(0.0,0.0,-1.0));
#1407=ORIENTED_EDGE('',*,*,#2348,.T.);
#1408=ORIENTED_EDGE('',*,*,#2349,.T.);
#1409=ORIENTED_EDGE('',*,*,#2350,.F.);
#1410=ORIENTED_EDGE('',*,*,#2288,.F.);
#1411=CARTESIAN_POINT('',(-17.1,-35.9,8.1));
#1412=DIRECTION('',(0.0,0.0,1.0));
#1413=DIRECTION('',(1.0,0.0,0.0));
#1414=ORIENTED_EDGE('',*,*,#2350,.T.);
#1415=ORIENTED_EDGE('',*,*,#2351,.F.);
#1416=ORIENTED_EDGE('',*,*,#2352,.F.);
#1417=ORIENTED_EDGE('',*,*,#2200,.F.);
#1418=ORIENTED_EDGE('',*,*,#2204,.F.);
#1419=ORIENTED_EDGE('',*,*,#2293,.F.);
#1420=ORIENTED_EDGE('',*,*,#2291,.F.);
#1421=ORIENTED_EDGE('',*,*,#2289,.F.);
#1422=CARTESIAN_POINT('',(-17.1,-35.9,1.75));
#1423=DIRECTION('',(-0.0,1.0,0.0));
#1424=DIRECTION('',(1.0,0.0,0.0));
#1425=ORIENTED_EDGE('',*,*,#2352,.T.);
#1426=ORIENTED_EDGE('',*,*,#2353,.T.);
#1427=ORIENTED_EDGE('',*,*,#2354,.F.);
#1428=ORIENTED_EDGE('',*,*,#2201,.T.);
#1429=CARTESIAN_POINT('',(-17.1,-39.4,1.75));
#1430=DIRECTION('',(0.0,0.0,-1.0));
#1431=DIRECTION('',(0.0,-1.0,0.0));
#1432=ORIENTED_EDGE('',*,*,#2354,.T.);
#1433=ORIENTED_EDGE('',*,*,#2355,.F.);
#1434=ORIENTED_EDGE('',*,*,#2356,.F.);
#1435=ORIENTED_EDGE('',*,*,#2205,.F.);
#1436=ORIENTED_EDGE('',*,*,#2202,.F.);
#1437=CARTESIAN_POINT('',(-17.1,-39.4,4.6));
#1438=DIRECTION('',(0.0,-1.0,0.0));
#1439=DIRECTION('',(0.0,0.0,-1.0));
#1440=ORIENTED_EDGE('',*,*,#2356,.T.);
#1441=ORIENTED_EDGE('',*,*,#2357,.T.);
#1442=ORIENTED_EDGE('',*,*,#2358,.F.);
#1443=ORIENTED_EDGE('',*,*,#2206,.T.);
#1444=CARTESIAN_POINT('',(-17.1,-37.4,4.6));
#1445=DIRECTION('',(0.0,0.0,1.0));
#1446=DIRECTION('',(1.0,0.0,0.0));
#1447=ORIENTED_EDGE('',*,*,#2358,.T.);
#1448=ORIENTED_EDGE('',*,*,#2359,.F.);
#1449=ORIENTED_EDGE('',*,*,#2344,.F.);
#1450=ORIENTED_EDGE('',*,*,#2207,.F.);
#1451=CARTESIAN_POINT('',(-17.1,-37.4,5.6));
#1452=DIRECTION('',(0.0,-1.0,0.0));
#1453=DIRECTION('',(0.0,0.0,-1.0));
#1454=ORIENTED_EDGE('',*,*,#2360,.F.);
#1455=ORIENTED_EDGE('',*,*,#2361,.F.);
#1456=ORIENTED_EDGE('',*,*,#2362,.F.);
#1457=CARTESIAN_POINT('',(0.0,-31.4,0.0));
#1458=DIRECTION('',(0.0,-1.0,0.0));
#1459=DIRECTION('',(0.0,0.0,-1.0));
#1460=ORIENTED_EDGE('',*,*,#2363,.F.);
#1461=ORIENTED_EDGE('',*,*,#2364,.T.);
#1462=ORIENTED_EDGE('',*,*,#2360,.T.);
#1463=ORIENTED_EDGE('',*,*,#2365,.T.);
#1464=CARTESIAN_POINT('',(2.96395,-31.4,9.864329698337));
#1465=DIRECTION('',(-1.0,0.0,0.0));
#1466=DIRECTION('',(0.0,0.0,1.0));
#1467=ORIENTED_EDGE('',*,*,#2366,.F.);
#1468=ORIENTED_EDGE('',*,*,#2363,.T.);
#1469=ORIENTED_EDGE('',*,*,#2367,.F.);
#1470=CARTESIAN_POINT('',(0.0,-34.4,0.0));
#1471=DIRECTION('',(0.0,-1.0,0.0));
#1472=DIRECTION('',(0.0,0.0,-1.0));
#1473=ORIENTED_EDGE('',*,*,#2368,.T.);
#1474=ORIENTED_EDGE('',*,*,#2361,.T.);
#1475=ORIENTED_EDGE('',*,*,#2364,.F.);
#1476=ORIENTED_EDGE('',*,*,#2366,.T.);
#1477=CARTESIAN_POINT('',(5.32395,-31.4,7.5));
#1478=DIRECTION('',(0.0,0.0,-1.0));
#1479=DIRECTION('',(0.0,-1.0,0.0));
#1480=ORIENTED_EDGE('',*,*,#2369,.F.);
#1481=ORIENTED_EDGE('',*,*,#2370,.F.);
#1482=ORIENTED_EDGE('',*,*,#2371,.F.);
#1483=CARTESIAN_POINT('',(0.0,-31.4,0.0));
#1484=DIRECTION('',(0.0,-1.0,0.0));
#1485=DIRECTION('',(0.0,0.0,-1.0));
#1486=ORIENTED_EDGE('',*,*,#2372,.T.);
#1487=ORIENTED_EDGE('',*,*,#2373,.T.);
#1488=ORIENTED_EDGE('',*,*,#2374,.T.);
#1489=ORIENTED_EDGE('',*,*,#2369,.T.);
#1490=CARTESIAN_POINT('',(-7.059745037889,-31.4,7.5));
#1491=DIRECTION('',(0.0,0.0,-1.0));
#1492=DIRECTION('',(0.0,-1.0,0.0));
#1493=ORIENTED_EDGE('',*,*,#2375,.F.);
#1494=ORIENTED_EDGE('',*,*,#2373,.F.);
#1495=ORIENTED_EDGE('',*,*,#2376,.F.);
#1496=CARTESIAN_POINT('',(0.0,-34.4,0.0));
#1497=DIRECTION('',(0.0,-1.0,0.0));
#1498=DIRECTION('',(0.0,0.0,-1.0));
#1499=ORIENTED_EDGE('',*,*,#2377,.T.);
#1500=ORIENTED_EDGE('',*,*,#2370,.T.);
#1501=ORIENTED_EDGE('',*,*,#2374,.F.);
#1502=ORIENTED_EDGE('',*,*,#2375,.T.);
#1503=CARTESIAN_POINT('',(-2.96395,-31.4,7.524329698337));
#1504=DIRECTION('',(1.0,0.0,0.0));
#1505=DIRECTION('',(0.0,1.0,0.0));
#1506=ORIENTED_EDGE('',*,*,#2378,.F.);
#1507=ORIENTED_EDGE('',*,*,#2379,.T.);
#1508=ORIENTED_EDGE('',*,*,#2380,.T.);
#1509=ORIENTED_EDGE('',*,*,#2195,.T.);
#1510=CARTESIAN_POINT('',(-17.1,-39.4,5.6));
#1511=DIRECTION('',(0.0,0.0,-1.0));
#1512=DIRECTION('',(0.0,-1.0,0.0));
#1513=ORIENTED_EDGE('',*,*,#2380,.F.);
#1514=ORIENTED_EDGE('',*,*,#2381,.F.);
#1515=ORIENTED_EDGE('',*,*,#2382,.T.);
#1516=ORIENTED_EDGE('',*,*,#2196,.F.);
#1517=CARTESIAN_POINT('',(-17.1,-37.4,5.6));
#1518=DIRECTION('',(0.0,-1.0,0.0));
#1519=DIRECTION('',(0.0,0.0,-1.0));
#1520=ORIENTED_EDGE('',*,*,#2382,.F.);
#1521=ORIENTED_EDGE('',*,*,#2383,.T.);
#1522=ORIENTED_EDGE('',*,*,#2384,.T.);
#1523=ORIENTED_EDGE('',*,*,#2197,.T.);
#1524=CARTESIAN_POINT('',(-17.1,-37.4,4.6));
#1525=DIRECTION('',(0.0,0.0,1.0));
#1526=DIRECTION('',(1.0,0.0,0.0));
#1527=ORIENTED_EDGE('',*,*,#2384,.F.);
#1528=ORIENTED_EDGE('',*,*,#2385,.F.);
#1529=ORIENTED_EDGE('',*,*,#2386,.T.);
#1530=ORIENTED_EDGE('',*,*,#2301,.F.);
#1531=ORIENTED_EDGE('',*,*,#2198,.F.);
#1532=CARTESIAN_POINT('',(-17.1,-39.4,4.6));
#1533=DIRECTION('',(0.0,-1.0,0.0));
#1534=DIRECTION('',(0.0,0.0,-1.0));
#1535=ORIENTED_EDGE('',*,*,#2386,.F.);
#1536=ORIENTED_EDGE('',*,*,#2387,.T.);
#1537=ORIENTED_EDGE('',*,*,#2388,.T.);
#1538=ORIENTED_EDGE('',*,*,#2302,.T.);
#1539=CARTESIAN_POINT('',(-17.1,-39.4,1.75));
#1540=DIRECTION('',(0.0,0.0,-1.0));
#1541=DIRECTION('',(0.0,-1.0,0.0));
#1542=ORIENTED_EDGE('',*,*,#2294,.F.);
#1543=ORIENTED_EDGE('',*,*,#2185,.F.);
#1544=ORIENTED_EDGE('',*,*,#2189,.F.);
#1545=ORIENTED_EDGE('',*,*,#2303,.F.);
#1546=ORIENTED_EDGE('',*,*,#2388,.F.);
#1547=ORIENTED_EDGE('',*,*,#2389,.F.);
#1548=ORIENTED_EDGE('',*,*,#2390,.T.);
#1549=ORIENTED_EDGE('',*,*,#2296,.T.);
#1550=CARTESIAN_POINT('',(-17.1,-35.9,1.75));
#1551=DIRECTION('',(-0.0,1.0,0.0));
#1552=DIRECTION('',(1.0,0.0,0.0));
#1553=ORIENTED_EDGE('',*,*,#2390,.F.);
#1554=ORIENTED_EDGE('',*,*,#2391,.T.);
#1555=ORIENTED_EDGE('',*,*,#2392,.T.);
#1556=ORIENTED_EDGE('',*,*,#2297,.T.);
#1557=CARTESIAN_POINT('',(-17.1,-35.9,8.1));
#1558=DIRECTION('',(0.0,0.0,1.0));
#1559=DIRECTION('',(1.0,0.0,0.0));
#1560=ORIENTED_EDGE('',*,*,#2392,.F.);
#1561=ORIENTED_EDGE('',*,*,#2393,.F.);
#1562=ORIENTED_EDGE('',*,*,#2378,.T.);
#1563=ORIENTED_EDGE('',*,*,#2194,.F.);
#1564=ORIENTED_EDGE('',*,*,#2300,.T.);
#1565=ORIENTED_EDGE('',*,*,#2298,.T.);
#1566=CARTESIAN_POINT('',(-17.1,-39.4,8.1));
#1567=DIRECTION('',(0.0,-1.0,0.0));
#1568=DIRECTION('',(0.0,0.0,-1.0));
#1569=ORIENTED_EDGE('',*,*,#2305,.F.);
#1570=ORIENTED_EDGE('',*,*,#2394,.T.);
#1571=ORIENTED_EDGE('',*,*,#2395,.F.);
#1572=ORIENTED_EDGE('',*,*,#2396,.F.);
#1573=CARTESIAN_POINT('',(0.0,-14.4,0.0));
#1574=DIRECTION('',(-0.0,1.0,-0.0));
#1575=DIRECTION('',(1.0,0.0,0.0));
#1576=ORIENTED_EDGE('',*,*,#2397,.F.);
#1577=ORIENTED_EDGE('',*,*,#2398,.T.);
#1578=ORIENTED_EDGE('',*,*,#2399,.F.);
#1579=ORIENTED_EDGE('',*,*,#2307,.T.);
#1580=CARTESIAN_POINT('',(4.15,-42.2,-3.65));
#1581=DIRECTION('',(0.0,1.0,-0.0));
#1582=DIRECTION('',(1.0,0.0,0.0));
#1583=ORIENTED_EDGE('',*,*,#2399,.T.);
#1584=ORIENTED_EDGE('',*,*,#2400,.T.);
#1585=ORIENTED_EDGE('',*,*,#2397,.T.);
#1586=ORIENTED_EDGE('',*,*,#2308,.T.);
#1587=CARTESIAN_POINT('',(4.15,-42.2,-3.65));
#1588=DIRECTION('',(0.0,1.0,-0.0));
#1589=DIRECTION('',(1.0,0.0,0.0));
#1590=ORIENTED_EDGE('',*,*,#2401,.F.);
#1591=ORIENTED_EDGE('',*,*,#2402,.T.);
#1592=ORIENTED_EDGE('',*,*,#2403,.F.);
#1593=ORIENTED_EDGE('',*,*,#2309,.T.);
#1594=CARTESIAN_POINT('',(-4.15,-42.2,-3.65));
#1595=DIRECTION('',(0.0,1.0,-0.0));
#1596=DIRECTION('',(1.0,0.0,0.0));
#1597=ORIENTED_EDGE('',*,*,#2403,.T.);
#1598=ORIENTED_EDGE('',*,*,#2404,.T.);
#1599=ORIENTED_EDGE('',*,*,#2401,.T.);
#1600=ORIENTED_EDGE('',*,*,#2310,.T.);
#1601=CARTESIAN_POINT('',(-4.15,-42.2,-3.65));
#1602=DIRECTION('',(0.0,1.0,-0.0));
#1603=DIRECTION('',(1.0,0.0,0.0));
#1604=ORIENTED_EDGE('',*,*,#2405,.F.);
#1605=ORIENTED_EDGE('',*,*,#2406,.T.);
#1606=ORIENTED_EDGE('',*,*,#2407,.F.);
#1607=ORIENTED_EDGE('',*,*,#2311,.T.);
#1608=CARTESIAN_POINT('',(-4.15,-42.2,3.65));
#1609=DIRECTION('',(0.0,1.0,-0.0));
#1610=DIRECTION('',(1.0,0.0,0.0));
#1611=ORIENTED_EDGE('',*,*,#2407,.T.);
#1612=ORIENTED_EDGE('',*,*,#2408,.T.);
#1613=ORIENTED_EDGE('',*,*,#2405,.T.);
#1614=ORIENTED_EDGE('',*,*,#2312,.T.);
#1615=CARTESIAN_POINT('',(-4.15,-42.2,3.65));
#1616=DIRECTION('',(0.0,1.0,-0.0));
#1617=DIRECTION('',(1.0,0.0,0.0));
#1618=ORIENTED_EDGE('',*,*,#2409,.F.);
#1619=ORIENTED_EDGE('',*,*,#2410,.T.);
#1620=ORIENTED_EDGE('',*,*,#2411,.F.);
#1621=ORIENTED_EDGE('',*,*,#2313,.T.);
#1622=CARTESIAN_POINT('',(4.15,-42.2,3.65));
#1623=DIRECTION('',(0.0,1.0,-0.0));
#1624=DIRECTION('',(1.0,0.0,0.0));
#1625=ORIENTED_EDGE('',*,*,#2411,.T.);
#1626=ORIENTED_EDGE('',*,*,#2412,.T.);
#1627=ORIENTED_EDGE('',*,*,#2409,.T.);
#1628=ORIENTED_EDGE('',*,*,#2314,.T.);
#1629=CARTESIAN_POINT('',(4.15,-42.2,3.65));
#1630=DIRECTION('',(0.0,1.0,-0.0));
#1631=DIRECTION('',(1.0,0.0,0.0));
#1632=ORIENTED_EDGE('',*,*,#2316,.F.);
#1633=ORIENTED_EDGE('',*,*,#2327,.F.);
#1634=ORIENTED_EDGE('',*,*,#2413,.F.);
#1635=ORIENTED_EDGE('',*,*,#2144,.F.);
#1636=ORIENTED_EDGE('',*,*,#2414,.T.);
#1637=ORIENTED_EDGE('',*,*,#2318,.T.);
#1638=CARTESIAN_POINT('',(-17.1,-39.4,-5.6));
#1639=DIRECTION('',(0.0,-1.0,0.0));
#1640=DIRECTION('',(0.0,0.0,-1.0));
#1641=ORIENTED_EDGE('',*,*,#2414,.F.);
#1642=ORIENTED_EDGE('',*,*,#2143,.T.);
#1643=ORIENTED_EDGE('',*,*,#2415,.T.);
#1644=ORIENTED_EDGE('',*,*,#2319,.T.);
#1645=CARTESIAN_POINT('',(-17.1,-39.4,-8.1));
#1646=DIRECTION('',(0.0,0.0,-1.0));
#1647=DIRECTION('',(0.0,-1.0,0.0));
#1648=ORIENTED_EDGE('',*,*,#2415,.F.);
#1649=ORIENTED_EDGE('',*,*,#2142,.F.);
#1650=ORIENTED_EDGE('',*,*,#2416,.T.);
#1651=ORIENTED_EDGE('',*,*,#2181,.F.);
#1652=ORIENTED_EDGE('',*,*,#2328,.F.);
#1653=ORIENTED_EDGE('',*,*,#2179,.F.);
#1654=ORIENTED_EDGE('',*,*,#2322,.T.);
#1655=ORIENTED_EDGE('',*,*,#2320,.T.);
#1656=CARTESIAN_POINT('',(-17.1,-35.9,1.75));
#1657=DIRECTION('',(-0.0,1.0,0.0));
#1658=DIRECTION('',(1.0,0.0,0.0));
#1659=ORIENTED_EDGE('',*,*,#2416,.F.);
#1660=ORIENTED_EDGE('',*,*,#2141,.T.);
#1661=ORIENTED_EDGE('',*,*,#2417,.T.);
#1662=ORIENTED_EDGE('',*,*,#2182,.T.);
#1663=CARTESIAN_POINT('',(-17.1,-35.9,-1.75));
#1664=DIRECTION('',(0.0,0.0,1.0));
#1665=DIRECTION('',(1.0,0.0,0.0));
#1666=ORIENTED_EDGE('',*,*,#2417,.F.);
#1667=ORIENTED_EDGE('',*,*,#2140,.F.);
#1668=ORIENTED_EDGE('',*,*,#2418,.T.);
#1669=ORIENTED_EDGE('',*,*,#2323,.F.);
#1670=ORIENTED_EDGE('',*,*,#2183,.F.);
#1671=CARTESIAN_POINT('',(-17.1,-39.4,-1.75));
#1672=DIRECTION('',(0.0,-1.0,0.0));
#1673=DIRECTION('',(0.0,0.0,-1.0));
#1674=ORIENTED_EDGE('',*,*,#2418,.F.);
#1675=ORIENTED_EDGE('',*,*,#2139,.T.);
#1676=ORIENTED_EDGE('',*,*,#2419,.T.);
#1677=ORIENTED_EDGE('',*,*,#2324,.T.);
#1678=CARTESIAN_POINT('',(-17.1,-39.4,-4.6));
#1679=DIRECTION('',(0.0,0.0,-1.0));
#1680=DIRECTION('',(0.0,-1.0,0.0));
#1681=ORIENTED_EDGE('',*,*,#2419,.F.);
#1682=ORIENTED_EDGE('',*,*,#2138,.F.);
#1683=ORIENTED_EDGE('',*,*,#2420,.T.);
#1684=ORIENTED_EDGE('',*,*,#2325,.F.);
#1685=CARTESIAN_POINT('',(-17.1,-37.4,-4.6));
#1686=DIRECTION('',(0.0,-1.0,0.0));
#1687=DIRECTION('',(0.0,0.0,-1.0));
#1688=ORIENTED_EDGE('',*,*,#2420,.F.);
#1689=ORIENTED_EDGE('',*,*,#2137,.T.);
#1690=ORIENTED_EDGE('',*,*,#2413,.T.);
#1691=ORIENTED_EDGE('',*,*,#2326,.T.);
#1692=CARTESIAN_POINT('',(-17.1,-37.4,-5.6));
#1693=DIRECTION('',(0.0,0.0,1.0));
#1694=DIRECTION('',(1.0,0.0,0.0));
#1695=ORIENTED_EDGE('',*,*,#2421,.F.);
#1696=ORIENTED_EDGE('',*,*,#2422,.F.);
#1697=ORIENTED_EDGE('',*,*,#2148,.F.);
#1698=CARTESIAN_POINT('',(0.0,-31.4,0.0));
#1699=DIRECTION('',(0.0,-1.0,0.0));
#1700=DIRECTION('',(0.0,0.0,-1.0));
#1701=ORIENTED_EDGE('',*,*,#2423,.F.);
#1702=ORIENTED_EDGE('',*,*,#2424,.T.);
#1703=ORIENTED_EDGE('',*,*,#2421,.T.);
#1704=ORIENTED_EDGE('',*,*,#2147,.T.);
#1705=CARTESIAN_POINT('',(-2.96395,-31.4,-9.864329698337));
#1706=DIRECTION('',(1.0,0.0,0.0));
#1707=DIRECTION('',(0.0,1.0,0.0));
#1708=ORIENTED_EDGE('',*,*,#2425,.F.);
#1709=ORIENTED_EDGE('',*,*,#2423,.T.);
#1710=ORIENTED_EDGE('',*,*,#2146,.F.);
#1711=CARTESIAN_POINT('',(0.0,-34.4,0.0));
#1712=DIRECTION('',(0.0,-1.0,0.0));
#1713=DIRECTION('',(0.0,0.0,-1.0));
#1714=ORIENTED_EDGE('',*,*,#2145,.T.);
#1715=ORIENTED_EDGE('',*,*,#2422,.T.);
#1716=ORIENTED_EDGE('',*,*,#2424,.F.);
#1717=ORIENTED_EDGE('',*,*,#2425,.T.);
#1718=CARTESIAN_POINT('',(-7.035415339552,-31.4,-7.5));
#1719=DIRECTION('',(0.0,0.0,1.0));
#1720=DIRECTION('',(1.0,0.0,0.0));
#1721=ORIENTED_EDGE('',*,*,#2426,.F.);
#1722=ORIENTED_EDGE('',*,*,#2427,.F.);
#1723=ORIENTED_EDGE('',*,*,#2152,.F.);
#1724=CARTESIAN_POINT('',(0.0,-31.4,0.0));
#1725=DIRECTION('',(0.0,-1.0,0.0));
#1726=DIRECTION('',(0.0,0.0,-1.0));
#1727=ORIENTED_EDGE('',*,*,#2151,.T.);
#1728=ORIENTED_EDGE('',*,*,#2428,.T.);
#1729=ORIENTED_EDGE('',*,*,#2429,.T.);
#1730=ORIENTED_EDGE('',*,*,#2426,.T.);
#1731=CARTESIAN_POINT('',(7.059745037889,-31.4,-7.5));
#1732=DIRECTION('',(0.0,0.0,1.0));
#1733=DIRECTION('',(1.0,0.0,0.0));
#1734=ORIENTED_EDGE('',*,*,#2430,.T.);
#1735=ORIENTED_EDGE('',*,*,#2428,.F.);
#1736=ORIENTED_EDGE('',*,*,#2150,.F.);
#1737=CARTESIAN_POINT('',(0.0,-34.4,0.0));
#1738=DIRECTION('',(0.0,-1.0,0.0));
#1739=DIRECTION('',(0.0,0.0,-1.0));
#1740=ORIENTED_EDGE('',*,*,#2427,.T.);
#1741=ORIENTED_EDGE('',*,*,#2429,.F.);
#1742=ORIENTED_EDGE('',*,*,#2430,.F.);
#1743=ORIENTED_EDGE('',*,*,#2149,.T.);
#1744=CARTESIAN_POINT('',(2.96395,-31.4,-7.5));
#1745=DIRECTION('',(-1.0,0.0,0.0));
#1746=DIRECTION('',(0.0,0.0,1.0));
#1747=ORIENTED_EDGE('',*,*,#2431,.T.);
#1748=ORIENTED_EDGE('',*,*,#2160,.F.);
#1749=ORIENTED_EDGE('',*,*,#2432,.F.);
#1750=ORIENTED_EDGE('',*,*,#2332,.F.);
#1751=ORIENTED_EDGE('',*,*,#2329,.F.);
#1752=ORIENTED_EDGE('',*,*,#2342,.F.);
#1753=CARTESIAN_POINT('',(-17.1,-39.4,-5.6));
#1754=DIRECTION('',(0.0,-1.0,0.0));
#1755=DIRECTION('',(0.0,0.0,-1.0));
#1756=ORIENTED_EDGE('',*,*,#2432,.T.);
#1757=ORIENTED_EDGE('',*,*,#2159,.T.);
#1758=ORIENTED_EDGE('',*,*,#2433,.F.);
#1759=ORIENTED_EDGE('',*,*,#2333,.T.);
#1760=CARTESIAN_POINT('',(-17.1,-37.4,-5.6));
#1761=DIRECTION('',(0.0,0.0,1.0));
#1762=DIRECTION('',(1.0,0.0,0.0));
#1763=ORIENTED_EDGE('',*,*,#2433,.T.);
#1764=ORIENTED_EDGE('',*,*,#2158,.F.);
#1765=ORIENTED_EDGE('',*,*,#2434,.F.);
#1766=ORIENTED_EDGE('',*,*,#2334,.F.);
#1767=CARTESIAN_POINT('',(-17.1,-37.4,-4.6));
#1768=DIRECTION('',(0.0,-1.0,0.0));
#1769=DIRECTION('',(0.0,0.0,-1.0));
#1770=ORIENTED_EDGE('',*,*,#2434,.T.);
#1771=ORIENTED_EDGE('',*,*,#2157,.T.);
#1772=ORIENTED_EDGE('',*,*,#2435,.F.);
#1773=ORIENTED_EDGE('',*,*,#2335,.T.);
#1774=CARTESIAN_POINT('',(-17.1,-39.4,-4.6));
#1775=DIRECTION('',(0.0,0.0,-1.0));
#1776=DIRECTION('',(0.0,-1.0,0.0));
#1777=ORIENTED_EDGE('',*,*,#2435,.T.);
#1778=ORIENTED_EDGE('',*,*,#2156,.F.);
#1779=ORIENTED_EDGE('',*,*,#2436,.F.);
#1780=ORIENTED_EDGE('',*,*,#2169,.F.);
#1781=ORIENTED_EDGE('',*,*,#2336,.F.);
#1782=CARTESIAN_POINT('',(-17.1,-39.4,-1.75));
#1783=DIRECTION('',(0.0,-1.0,0.0));
#1784=DIRECTION('',(0.0,0.0,-1.0));
#1785=ORIENTED_EDGE('',*,*,#2436,.T.);
#1786=ORIENTED_EDGE('',*,*,#2155,.T.);
#1787=ORIENTED_EDGE('',*,*,#2437,.F.);
#1788=ORIENTED_EDGE('',*,*,#2170,.T.);
#1789=CARTESIAN_POINT('',(-17.1,-35.9,-1.75));
#1790=DIRECTION('',(0.0,0.0,1.0));
#1791=DIRECTION('',(1.0,0.0,0.0));
#1792=ORIENTED_EDGE('',*,*,#2338,.T.);
#1793=ORIENTED_EDGE('',*,*,#2173,.F.);
#1794=ORIENTED_EDGE('',*,*,#2337,.F.);
#1795=ORIENTED_EDGE('',*,*,#2171,.F.);
#1796=ORIENTED_EDGE('',*,*,#2437,.T.);
#1797=ORIENTED_EDGE('',*,*,#2154,.F.);
#1798=ORIENTED_EDGE('',*,*,#2438,.F.);
#1799=ORIENTED_EDGE('',*,*,#2340,.F.);
#1800=CARTESIAN_POINT('',(-17.1,-35.9,1.75));
#1801=DIRECTION('',(-0.0,1.0,0.0));
#1802=DIRECTION('',(1.0,0.0,0.0));
#1803=ORIENTED_EDGE('',*,*,#2438,.T.);
#1804=ORIENTED_EDGE('',*,*,#2153,.T.);
#1805=ORIENTED_EDGE('',*,*,#2431,.F.);
#1806=ORIENTED_EDGE('',*,*,#2341,.F.);
#1807=CARTESIAN_POINT('',(-17.1,-39.4,-8.1));
#1808=DIRECTION('',(0.0,0.0,-1.0));
#1809=DIRECTION('',(0.0,-1.0,0.0));
#1810=ORIENTED_EDGE('',*,*,#2166,.F.);
#1811=ORIENTED_EDGE('',*,*,#2394,.F.);
#1812=ORIENTED_EDGE('',*,*,#2343,.F.);
#1813=ORIENTED_EDGE('',*,*,#2396,.T.);
#1814=CARTESIAN_POINT('',(0.0,-14.4,0.0));
#1815=DIRECTION('',(-0.0,1.0,-0.0));
#1816=DIRECTION('',(1.0,0.0,0.0));
#1817=ORIENTED_EDGE('',*,*,#2136,.F.);
#1818=ORIENTED_EDGE('',*,*,#2135,.T.);
#1819=ORIENTED_EDGE('',*,*,#2134,.T.);
#1820=ORIENTED_EDGE('',*,*,#2164,.F.);
#1821=ORIENTED_EDGE('',*,*,#2439,.T.);
#1822=ORIENTED_EDGE('',*,*,#2162,.F.);
#1823=ORIENTED_EDGE('',*,*,#2440,.T.);
#1824=ORIENTED_EDGE('',*,*,#2441,.F.);
#1825=ORIENTED_EDGE('',*,*,#2442,.F.);
#1826=ORIENTED_EDGE('',*,*,#2167,.F.);
#1827=ORIENTED_EDGE('',*,*,#2395,.T.);
#1828=ORIENTED_EDGE('',*,*,#2165,.T.);
#1829=ORIENTED_EDGE('',*,*,#2393,.T.);
#1830=ORIENTED_EDGE('',*,*,#2391,.F.);
#1831=ORIENTED_EDGE('',*,*,#2389,.T.);
#1832=ORIENTED_EDGE('',*,*,#2387,.F.);
#1833=ORIENTED_EDGE('',*,*,#2385,.T.);
#1834=ORIENTED_EDGE('',*,*,#2383,.F.);
#1835=ORIENTED_EDGE('',*,*,#2381,.T.);
#1836=ORIENTED_EDGE('',*,*,#2379,.F.);
#1837=ORIENTED_EDGE('',*,*,#2377,.F.);
#1838=ORIENTED_EDGE('',*,*,#2376,.T.);
#1839=ORIENTED_EDGE('',*,*,#2372,.F.);
#1840=ORIENTED_EDGE('',*,*,#2371,.T.);
#1841=ORIENTED_EDGE('',*,*,#2368,.F.);
#1842=ORIENTED_EDGE('',*,*,#2367,.T.);
#1843=ORIENTED_EDGE('',*,*,#2365,.F.);
#1844=ORIENTED_EDGE('',*,*,#2362,.T.);
#1845=ORIENTED_EDGE('',*,*,#2359,.T.);
#1846=ORIENTED_EDGE('',*,*,#2357,.F.);
#1847=ORIENTED_EDGE('',*,*,#2355,.T.);
#1848=ORIENTED_EDGE('',*,*,#2353,.F.);
#1849=ORIENTED_EDGE('',*,*,#2351,.T.);
#1850=ORIENTED_EDGE('',*,*,#2349,.F.);
#1851=ORIENTED_EDGE('',*,*,#2347,.T.);
#1852=ORIENTED_EDGE('',*,*,#2345,.F.);
#1853=CARTESIAN_POINT('',(0.0,-44.73,0.0));
#1854=DIRECTION('',(0.0,-1.0,0.0));
#1855=DIRECTION('',(1.0,0.0,0.0));
#1856=ORIENTED_EDGE('',*,*,#2163,.F.);
#1857=ORIENTED_EDGE('',*,*,#2439,.F.);
#1858=ORIENTED_EDGE('',*,*,#2412,.F.);
#1859=ORIENTED_EDGE('',*,*,#2410,.F.);
#1860=ORIENTED_EDGE('',*,*,#2408,.F.);
#1861=ORIENTED_EDGE('',*,*,#2406,.F.);
#1862=ORIENTED_EDGE('',*,*,#2404,.F.);
#1863=ORIENTED_EDGE('',*,*,#2402,.F.);
#1864=ORIENTED_EDGE('',*,*,#2400,.F.);
#1865=ORIENTED_EDGE('',*,*,#2398,.F.);
#1866=CARTESIAN_POINT('',(0.0,-43.5,0.0));
#1867=DIRECTION('',(0.0,-1.0,0.0));
#1868=DIRECTION('',(0.0,0.0,-1.0));
#1869=ORIENTED_EDGE('',*,*,#2161,.T.);
#1870=ORIENTED_EDGE('',*,*,#2442,.T.);
#1871=ORIENTED_EDGE('',*,*,#2441,.T.);
#1872=ORIENTED_EDGE('',*,*,#2440,.F.);
#1873=CARTESIAN_POINT('',(0.0,-44.73,0.0));
#1874=DIRECTION('',(0.0,-1.0,0.0));
#1875=DIRECTION('',(1.0,0.0,0.0));
#1876=ORIENTED_EDGE('',*,*,#2443,.F.);
#1877=ORIENTED_EDGE('',*,*,#2444,.F.);
#1878=ORIENTED_EDGE('',*,*,#2445,.F.);
#1879=ORIENTED_EDGE('',*,*,#2446,.F.);
#1880=CARTESIAN_POINT('',(0.0,14.637863279075,0.0));
#1881=DIRECTION('',(0.0,-1.0,-0.0));
#1882=DIRECTION('',(-0.999977211958669,0.0,-0.00675096758748979));
#1883=ORIENTED_EDGE('',*,*,#2447,.F.);
#1884=ORIENTED_EDGE('',*,*,#2448,.F.);
#1885=ORIENTED_EDGE('',*,*,#2449,.T.);
#1886=ORIENTED_EDGE('',*,*,#2450,.T.);
#1887=CARTESIAN_POINT('',(0.0,14.637863279075,0.0));
#1888=DIRECTION('',(0.0,-1.0,-0.0));
#1889=DIRECTION('',(-0.999977211958669,0.0,-0.00675096758748979));
#1890=ORIENTED_EDGE('',*,*,#2451,.T.);
#1891=ORIENTED_EDGE('',*,*,#2452,.F.);
#1892=ORIENTED_EDGE('',*,*,#2453,.F.);
#1893=ORIENTED_EDGE('',*,*,#2454,.F.);
#1894=CARTESIAN_POINT('',(0.0,1.68,0.0));
#1895=DIRECTION('',(0.0,-1.0,0.0));
#1896=DIRECTION('',(0.0,0.0,-1.0));
#1897=ORIENTED_EDGE('',*,*,#2452,.T.);
#1898=ORIENTED_EDGE('',*,*,#2455,.T.);
#1899=ORIENTED_EDGE('',*,*,#2456,.F.);
#1900=ORIENTED_EDGE('',*,*,#2457,.F.);
#1901=CARTESIAN_POINT('',(0.0,16.59,0.0));
#1902=DIRECTION('',(-0.0,1.0,0.0));
#1903=DIRECTION('',(1.0,0.0,0.0));
#1904=ORIENTED_EDGE('',*,*,#2458,.T.);
#1905=ORIENTED_EDGE('',*,*,#2455,.F.);
#1906=ORIENTED_EDGE('',*,*,#2451,.F.);
#1907=ORIENTED_EDGE('',*,*,#2457,.T.);
#1908=CARTESIAN_POINT('',(0.0,16.59,0.0));
#1909=DIRECTION('',(-0.0,1.0,0.0));
#1910=DIRECTION('',(1.0,0.0,0.0));
#1911=ORIENTED_EDGE('',*,*,#2456,.T.);
#1912=ORIENTED_EDGE('',*,*,#2458,.F.);
#1913=ORIENTED_EDGE('',*,*,#2459,.T.);
#1914=ORIENTED_EDGE('',*,*,#2460,.F.);
#1915=CARTESIAN_POINT('',(0.0,6.88,0.0));
#1916=DIRECTION('',(0.0,-1.0,0.0));
#1917=DIRECTION('',(0.0,0.0,-1.0));
#1918=ORIENTED_EDGE('',*,*,#2461,.F.);
#1919=ORIENTED_EDGE('',*,*,#2460,.T.);
#1920=ORIENTED_EDGE('',*,*,#2462,.T.);
#1921=ORIENTED_EDGE('',*,*,#2444,.T.);
#1922=ORIENTED_EDGE('',*,*,#2463,.T.);
#1923=CARTESIAN_POINT('',(0.0,16.59,0.0));
#1924=DIRECTION('',(-0.0,1.0,0.0));
#1925=DIRECTION('',(1.0,0.0,0.0));
#1926=ORIENTED_EDGE('',*,*,#2447,.T.);
#1927=ORIENTED_EDGE('',*,*,#2464,.T.);
#1928=ORIENTED_EDGE('',*,*,#2463,.F.);
#1929=ORIENTED_EDGE('',*,*,#2443,.T.);
#1930=ORIENTED_EDGE('',*,*,#2465,.F.);
#1931=ORIENTED_EDGE('',*,*,#2466,.F.);
#1932=CARTESIAN_POINT('',(0.0,14.637863279075,0.0));
#1933=DIRECTION('',(0.0,-1.0,-0.0));
#1934=DIRECTION('',(-0.999977211958669,0.0,-0.00675096758748979));
#1935=ORIENTED_EDGE('',*,*,#2467,.T.);
#1936=ORIENTED_EDGE('',*,*,#2468,.T.);
#1937=ORIENTED_EDGE('',*,*,#2469,.F.);
#1938=ORIENTED_EDGE('',*,*,#2448,.T.);
#1939=ORIENTED_EDGE('',*,*,#2466,.T.);
#1940=CARTESIAN_POINT('',(0.0,-33.45953789812,0.0));
#1941=DIRECTION('',(0.0,-1.0,0.0));
#1942=DIRECTION('',(0.0,0.0,1.0));
#1943=ORIENTED_EDGE('',*,*,#2470,.T.);
#1944=ORIENTED_EDGE('',*,*,#2469,.T.);
#1945=ORIENTED_EDGE('',*,*,#2471,.T.);
#1946=ORIENTED_EDGE('',*,*,#2467,.F.);
#1947=ORIENTED_EDGE('',*,*,#2465,.T.);
#1948=ORIENTED_EDGE('',*,*,#2446,.T.);
#1949=CARTESIAN_POINT('',(0.0,-33.45953789812,0.0));
#1950=DIRECTION('',(0.0,-1.0,0.0));
#1951=DIRECTION('',(0.0,0.0,1.0));
#1952=ORIENTED_EDGE('',*,*,#2472,.T.);
#1953=ORIENTED_EDGE('',*,*,#2471,.F.);
#1954=ORIENTED_EDGE('',*,*,#2473,.F.);
#1955=ORIENTED_EDGE('',*,*,#2474,.T.);
#1956=CARTESIAN_POINT('',(0.0,15.643924301607,0.0));
#1957=DIRECTION('',(0.0,-1.0,0.0));
#1958=DIRECTION('',(0.0,0.0,1.0));
#1959=ORIENTED_EDGE('',*,*,#2474,.F.);
#1960=ORIENTED_EDGE('',*,*,#2475,.T.);
#1961=ORIENTED_EDGE('',*,*,#2476,.F.);
#1962=ORIENTED_EDGE('',*,*,#2477,.F.);
#1963=CARTESIAN_POINT('',(0.0,16.005,0.0));
#1964=DIRECTION('',(0.0,1.0,0.0));
#1965=DIRECTION('',(0.0,0.0,1.0));
#1966=ORIENTED_EDGE('',*,*,#2478,.T.);
#1967=ORIENTED_EDGE('',*,*,#2475,.F.);
#1968=ORIENTED_EDGE('',*,*,#2479,.F.);
#1969=ORIENTED_EDGE('',*,*,#2477,.T.);
#1970=CARTESIAN_POINT('',(0.0,16.005,0.0));
#1971=DIRECTION('',(0.0,1.0,0.0));
#1972=DIRECTION('',(0.0,0.0,1.0));
#1973=ORIENTED_EDGE('',*,*,#2473,.T.);
#1974=ORIENTED_EDGE('',*,*,#2468,.F.);
#1975=ORIENTED_EDGE('',*,*,#2472,.F.);
#1976=ORIENTED_EDGE('',*,*,#2479,.T.);
#1977=CARTESIAN_POINT('',(0.0,15.643924301607,0.0));
#1978=DIRECTION('',(0.0,-1.0,0.0));
#1979=DIRECTION('',(0.0,0.0,1.0));
#1980=ORIENTED_EDGE('',*,*,#2478,.F.);
#1981=ORIENTED_EDGE('',*,*,#2476,.T.);
#1982=ORIENTED_EDGE('',*,*,#2480,.T.);
#1983=ORIENTED_EDGE('',*,*,#2481,.T.);
#1984=CARTESIAN_POINT('',(0.0,13.38,0.0));
#1985=DIRECTION('',(0.0,-1.0,0.0));
#1986=DIRECTION('',(0.0,0.0,-1.0));
#1987=ORIENTED_EDGE('',*,*,#2482,.F.);
#1988=ORIENTED_EDGE('',*,*,#2481,.F.);
#1989=ORIENTED_EDGE('',*,*,#2483,.T.);
#1990=ORIENTED_EDGE('',*,*,#2454,.T.);
#1991=CARTESIAN_POINT('',(0.0,13.965,0.0));
#1992=DIRECTION('',(0.0,1.0,0.0));
#1993=DIRECTION('',(0.0,0.0,1.0));
#1994=ORIENTED_EDGE('',*,*,#2483,.F.);
#1995=ORIENTED_EDGE('',*,*,#2480,.F.);
#1996=ORIENTED_EDGE('',*,*,#2482,.T.);
#1997=ORIENTED_EDGE('',*,*,#2453,.T.);
#1998=CARTESIAN_POINT('',(0.0,13.965,0.0));
#1999=DIRECTION('',(0.0,1.0,0.0));
#2000=DIRECTION('',(0.0,0.0,1.0));
#2001=ORIENTED_EDGE('',*,*,#2445,.T.);
#2002=ORIENTED_EDGE('',*,*,#2484,.T.);
#2003=ORIENTED_EDGE('',*,*,#2449,.F.);
#2004=ORIENTED_EDGE('',*,*,#2470,.F.);
#2005=CARTESIAN_POINT('',(0.0,14.637863279075,0.0));
#2006=DIRECTION('',(0.0,-1.0,0.0));
#2007=DIRECTION('',(0.999977211958669,0.0,0.00675096758749179));
#2008=ORIENTED_EDGE('',*,*,#2462,.F.);
#2009=ORIENTED_EDGE('',*,*,#2459,.F.);
#2010=ORIENTED_EDGE('',*,*,#2461,.T.);
#2011=ORIENTED_EDGE('',*,*,#2464,.F.);
#2012=ORIENTED_EDGE('',*,*,#2450,.F.);
#2013=ORIENTED_EDGE('',*,*,#2484,.F.);
#2014=CARTESIAN_POINT('',(0.0,16.59,0.0));
#2015=DIRECTION('',(-0.0,1.0,0.0));
#2016=DIRECTION('',(1.0,0.0,0.0));
#2017=ORIENTED_EDGE('',*,*,#2485,.F.);
#2018=ORIENTED_EDGE('',*,*,#2486,.T.);
#2019=ORIENTED_EDGE('',*,*,#2487,.F.);
#2020=ORIENTED_EDGE('',*,*,#2488,.F.);
#2021=CARTESIAN_POINT('',(0.0,15.48,0.0));
#2022=DIRECTION('',(0.0,-1.0,0.0));
#2023=DIRECTION('',(0.70501552221026,0.0,0.709191873502929));
#2024=ORIENTED_EDGE('',*,*,#2489,.F.);
#2025=ORIENTED_EDGE('',*,*,#2490,.T.);
#2026=ORIENTED_EDGE('',*,*,#2491,.F.);
#2027=ORIENTED_EDGE('',*,*,#2492,.F.);
#2028=CARTESIAN_POINT('',(0.0,15.48,0.0));
#2029=DIRECTION('',(0.0,-1.0,-0.0));
#2030=DIRECTION('',(-0.70501552221026,0.0,-0.709191873502929));
#2031=ORIENTED_EDGE('',*,*,#2493,.F.);
#2032=ORIENTED_EDGE('',*,*,#2494,.F.);
#2033=ORIENTED_EDGE('',*,*,#2495,.T.);
#2034=ORIENTED_EDGE('',*,*,#2490,.F.);
#2035=ORIENTED_EDGE('',*,*,#2496,.F.);
#2036=CARTESIAN_POINT('',(0.0,17.28,0.0));
#2037=DIRECTION('',(0.0,1.0,0.0));
#2038=DIRECTION('',(-0.707106781186548,0.0,-0.707106781186548));
#2039=ORIENTED_EDGE('',*,*,#2489,.T.);
#2040=ORIENTED_EDGE('',*,*,#2497,.F.);
#2041=ORIENTED_EDGE('',*,*,#2487,.T.);
#2042=ORIENTED_EDGE('',*,*,#2496,.T.);
#2043=CARTESIAN_POINT('',(0.0,15.48,0.0));
#2044=DIRECTION('',(0.0,-1.0,-0.0));
#2045=DIRECTION('',(-0.70501552221026,0.0,-0.709191873502929));
#2046=ORIENTED_EDGE('',*,*,#2497,.T.);
#2047=ORIENTED_EDGE('',*,*,#2492,.T.);
#2048=ORIENTED_EDGE('',*,*,#2498,.T.);
#2049=ORIENTED_EDGE('',*,*,#2488,.T.);
#2050=ORIENTED_EDGE('',*,*,#2499,.T.);
#2051=ORIENTED_EDGE('',*,*,#2500,.T.);
#2052=ORIENTED_EDGE('',*,*,#2501,.T.);
#2053=ORIENTED_EDGE('',*,*,#2502,.T.);
#2054=CARTESIAN_POINT('',(0.0,15.98,0.0));
#2055=DIRECTION('',(-0.0,-1.0,0.0));
#2056=DIRECTION('',(-0.707106781186548,0.0,0.707106781186548));
#2057=ORIENTED_EDGE('',*,*,#2503,.F.);
#2058=ORIENTED_EDGE('',*,*,#2504,.T.);
#2059=ORIENTED_EDGE('',*,*,#2505,.T.);
#2060=ORIENTED_EDGE('',*,*,#2502,.F.);
#2061=CARTESIAN_POINT('',(-3.67695526217005,13.98,-5.40229580826522));
#2062=DIRECTION('',(0.707106781186548,0.0,-0.707106781186548));
#2063=DIRECTION('',(-0.707106781186548,0.0,-0.707106781186548));
#2064=ORIENTED_EDGE('',*,*,#2505,.F.);
#2065=ORIENTED_EDGE('',*,*,#2506,.T.);
#2066=ORIENTED_EDGE('',*,*,#2507,.T.);
#2067=ORIENTED_EDGE('',*,*,#2499,.F.);
#2068=CARTESIAN_POINT('',(2.63043722601396,13.98,0.905096679918781));
#2069=DIRECTION('',(0.707106781186548,0.0,0.707106781186548));
#2070=DIRECTION('',(0.707106781186548,0.0,-0.707106781186548));
#2071=ORIENTED_EDGE('',*,*,#2507,.F.);
#2072=ORIENTED_EDGE('',*,*,#2508,.T.);
#2073=ORIENTED_EDGE('',*,*,#2509,.T.);
#2074=ORIENTED_EDGE('',*,*,#2500,.F.);
#2075=CARTESIAN_POINT('',(0.898025612106915,13.98,2.63750829382582));
#2076=DIRECTION('',(-0.707106781186548,0.0,0.707106781186548));
#2077=DIRECTION('',(0.0,-1.0,0.0));
#2078=ORIENTED_EDGE('',*,*,#2509,.F.);
#2079=ORIENTED_EDGE('',*,*,#2510,.T.);
#2080=ORIENTED_EDGE('',*,*,#2503,.T.);
#2081=ORIENTED_EDGE('',*,*,#2501,.F.);
#2082=CARTESIAN_POINT('',(-5.40936687607709,13.98,-3.66988419435818));
#2083=DIRECTION('',(-0.707106781186548,0.0,-0.707106781186548));
#2084=DIRECTION('',(0.0,1.0,0.0));
#2085=ORIENTED_EDGE('',*,*,#2510,.F.);
#2086=ORIENTED_EDGE('',*,*,#2508,.F.);
#2087=ORIENTED_EDGE('',*,*,#2506,.F.);
#2088=ORIENTED_EDGE('',*,*,#2504,.F.);
#2089=CARTESIAN_POINT('',(0.0,13.98,0.0));
#2090=DIRECTION('',(-0.0,-1.0,0.0));
#2091=DIRECTION('',(-0.707106781186548,0.0,0.707106781186548));
#2092=ORIENTED_EDGE('',*,*,#2485,.T.);
#2093=ORIENTED_EDGE('',*,*,#2498,.F.);
#2094=ORIENTED_EDGE('',*,*,#2491,.T.);
#2095=ORIENTED_EDGE('',*,*,#2511,.T.);
#2096=CARTESIAN_POINT('',(0.0,15.48,0.0));
#2097=DIRECTION('',(0.0,-1.0,0.0));
#2098=DIRECTION('',(0.70501552221026,0.0,0.709191873502929));
#2099=ORIENTED_EDGE('',*,*,#2495,.F.);
#2100=ORIENTED_EDGE('',*,*,#2512,.F.);
#2101=ORIENTED_EDGE('',*,*,#2493,.T.);
#2102=ORIENTED_EDGE('',*,*,#2486,.F.);
#2103=ORIENTED_EDGE('',*,*,#2511,.F.);
#2104=CARTESIAN_POINT('',(0.0,17.28,0.0));
#2105=DIRECTION('',(0.0,1.0,0.0));
#2106=DIRECTION('',(-0.707106781186548,0.0,-0.707106781186548));
#2107=ORIENTED_EDGE('',*,*,#2512,.T.);
#2108=ORIENTED_EDGE('',*,*,#2494,.T.);
#2109=ORIENTED_EDGE('',*,*,#2513,.F.);
#2110=ORIENTED_EDGE('',*,*,#2514,.F.);
#2111=CARTESIAN_POINT('',(0.0,13.48,0.0));
#2112=DIRECTION('',(0.0,1.0,0.0));
#2113=DIRECTION('',(-0.707106781186548,0.0,-0.707106781186548));
#2114=ORIENTED_EDGE('',*,*,#2515,.F.);
#2115=ORIENTED_EDGE('',*,*,#2514,.T.);
#2116=ORIENTED_EDGE('',*,*,#2516,.T.);
#2117=ORIENTED_EDGE('',*,*,#2517,.T.);
#2118=CARTESIAN_POINT('',(0.0,13.48,0.0));
#2119=DIRECTION('',(0.0,-1.0,-0.0));
#2120=DIRECTION('',(-0.707106781186547,0.0,-0.707106781186547));
#2121=ORIENTED_EDGE('',*,*,#2518,.F.);
#2122=ORIENTED_EDGE('',*,*,#2517,.F.);
#2123=CARTESIAN_POINT('',(0.0,-10.02,0.0));
#2124=DIRECTION('',(-0.0,-1.0,0.0));
#2125=DIRECTION('',(-0.707106781186548,0.0,0.707106781186548));
#2126=ORIENTED_EDGE('',*,*,#2516,.F.);
#2127=ORIENTED_EDGE('',*,*,#2513,.T.);
#2128=ORIENTED_EDGE('',*,*,#2515,.T.);
#2129=ORIENTED_EDGE('',*,*,#2518,.T.);
#2130=CARTESIAN_POINT('',(0.0,13.48,0.0));
#2131=DIRECTION('',(0.0,-1.0,-0.0));
#2132=DIRECTION('',(-0.707106781186547,0.0,-0.707106781186547));
#2133=EDGE_CURVE('',#2519,#2520,#2521,.T.);
#2134=EDGE_CURVE('',#2522,#2520,#2523,.T.);
#2135=EDGE_CURVE('',#2524,#2522,#2525,.T.);
#2136=EDGE_CURVE('',#2524,#2519,#2526,.T.);
#2137=EDGE_CURVE('',#2527,#2528,#2529,.T.);
#2138=EDGE_CURVE('',#2527,#2530,#2531,.T.);
#2139=EDGE_CURVE('',#2532,#2530,#2533,.T.);
#2140=EDGE_CURVE('',#2532,#2534,#2535,.T.);
#2141=EDGE_CURVE('',#2536,#2534,#2537,.T.);
#2142=EDGE_CURVE('',#2536,#2538,#2539,.T.);
#2143=EDGE_CURVE('',#2540,#2538,#2541,.T.);
#2144=EDGE_CURVE('',#2540,#2528,#2542,.T.);
#2145=EDGE_CURVE('',#2543,#2544,#2545,.T.);
#2146=EDGE_CURVE('',#2543,#2546,#2547,.T.);
#2147=EDGE_CURVE('',#2548,#2546,#2549,.T.);
#2148=EDGE_CURVE('',#2548,#2544,#2550,.T.);
#2149=EDGE_CURVE('',#2551,#2552,#2553,.T.);
#2150=EDGE_CURVE('',#2551,#2554,#2555,.T.);
#2151=EDGE_CURVE('',#2556,#2554,#2557,.T.);
#2152=EDGE_CURVE('',#2556,#2552,#2558,.T.);
#2153=EDGE_CURVE('',#2559,#2560,#2561,.T.);
#2154=EDGE_CURVE('',#2559,#2562,#2563,.T.);
#2155=EDGE_CURVE('',#2564,#2562,#2565,.T.);
#2156=EDGE_CURVE('',#2564,#2566,#2567,.T.);
#2157=EDGE_CURVE('',#2568,#2566,#2569,.T.);
#2158=EDGE_CURVE('',#2568,#2570,#2571,.T.);
#2159=EDGE_CURVE('',#2572,#2570,#2573,.T.);
#2160=EDGE_CURVE('',#2572,#2560,#2574,.T.);
#2161=EDGE_CURVE('',#2575,#2576,#2577,.T.);
#2162=EDGE_CURVE('',#2575,#2578,#2579,.T.);
#2163=EDGE_CURVE('',#2578,#2580,#2581,.T.);
#2164=EDGE_CURVE('',#2580,#2520,#2582,.T.);
#2165=EDGE_CURVE('',#2583,#2519,#2584,.T.);
#2166=EDGE_CURVE('',#2583,#2585,#2586,.T.);
#2167=EDGE_CURVE('',#2585,#2576,#2587,.T.);
#2168=EDGE_CURVE('',#2588,#2589,#2590,.T.);
#2169=EDGE_CURVE('',#2588,#2591,#2592,.T.);
#2170=EDGE_CURVE('',#2593,#2591,#2594,.T.);
#2171=EDGE_CURVE('',#2593,#2589,#2595,.T.);
#2172=EDGE_CURVE('',#2596,#2597,#2598,.T.);
#2173=EDGE_CURVE('',#2596,#2599,#2600,.T.);
#2174=EDGE_CURVE('',#2601,#2599,#2602,.T.);
#2175=EDGE_CURVE('',#2601,#2597,#2603,.T.);
#2176=EDGE_CURVE('',#2604,#2605,#2606,.T.);
#2177=EDGE_CURVE('',#2604,#2607,#2608,.T.);
#2178=EDGE_CURVE('',#2609,#2607,#2610,.T.);
#2179=EDGE_CURVE('',#2609,#2605,#2611,.T.);
#2180=EDGE_CURVE('',#2612,#2613,#2614,.T.);
#2181=EDGE_CURVE('',#2612,#2615,#2616,.T.);
#2182=EDGE_CURVE('',#2617,#2615,#2618,.T.);
#2183=EDGE_CURVE('',#2617,#2613,#2619,.T.);
#2184=EDGE_CURVE('',#2620,#2621,#2622,.T.);
#2185=EDGE_CURVE('',#2621,#2623,#2624,.T.);
#2186=EDGE_CURVE('',#2625,#2623,#2626,.T.);
#2187=EDGE_CURVE('',#2625,#2620,#2627,.T.);
#2188=EDGE_CURVE('',#2628,#2629,#2630,.T.);
#2189=EDGE_CURVE('',#2628,#2621,#2631,.T.);
#2190=EDGE_CURVE('',#2620,#2632,#2633,.T.);
#2191=EDGE_CURVE('',#2634,#2632,#2635,.T.);
#2192=EDGE_CURVE('',#2634,#2636,#2637,.T.);
#2193=EDGE_CURVE('',#2638,#2636,#2639,.T.);
#2194=EDGE_CURVE('',#2638,#2640,#2641,.T.);
#2195=EDGE_CURVE('',#2642,#2640,#2643,.T.);
#2196=EDGE_CURVE('',#2642,#2644,#2645,.T.);
#2197=EDGE_CURVE('',#2646,#2644,#2647,.T.);
#2198=EDGE_CURVE('',#2646,#2629,#2648,.T.);
#2199=EDGE_CURVE('',#2649,#2650,#2651,.T.);
#2200=EDGE_CURVE('',#2650,#2652,#2653,.T.);
#2201=EDGE_CURVE('',#2654,#2652,#2655,.T.);
#2202=EDGE_CURVE('',#2654,#2649,#2656,.T.);
#2203=EDGE_CURVE('',#2657,#2658,#2659,.T.);
#2204=EDGE_CURVE('',#2657,#2650,#2660,.T.);
#2205=EDGE_CURVE('',#2649,#2661,#2662,.T.);
#2206=EDGE_CURVE('',#2663,#2661,#2664,.T.);
#2207=EDGE_CURVE('',#2663,#2665,#2666,.T.);
#2208=EDGE_CURVE('',#2667,#2665,#2668,.T.);
#2209=EDGE_CURVE('',#2667,#2669,#2670,.T.);
#2210=EDGE_CURVE('',#2671,#2669,#2672,.T.);
#2211=EDGE_CURVE('',#2671,#2673,#2674,.T.);
#2212=EDGE_CURVE('',#2675,#2673,#2676,.T.);
#2213=EDGE_CURVE('',#2675,#2658,#2677,.T.);
#2214=EDGE_CURVE('',#2678,#2679,#2680,.T.);
#2215=EDGE_CURVE('',#2681,#2678,#2682,.T.);
#2216=EDGE_CURVE('',#2681,#2683,#2684,.T.);
#2217=EDGE_CURVE('',#2683,#2679,#2685,.T.);
#2218=EDGE_CURVE('',#2686,#2687,#2688,.T.);
#2219=EDGE_CURVE('',#2686,#2683,#2689,.T.);
#2220=EDGE_CURVE('',#2687,#2681,#2690,.T.);
#2221=EDGE_CURVE('',#2691,#2686,#2692,.T.);
#2222=EDGE_CURVE('',#2679,#2691,#2693,.T.);
#2223=EDGE_CURVE('',#2694,#2687,#2695,.T.);
#2224=EDGE_CURVE('',#2694,#2691,#2696,.T.);
#2225=EDGE_CURVE('',#2678,#2694,#2697,.T.);
#2226=EDGE_CURVE('',#2698,#2681,#2699,.T.);
#2227=EDGE_CURVE('',#2698,#2700,#2701,.T.);
#2228=EDGE_CURVE('',#2694,#2700,#2702,.T.);
#2229=EDGE_CURVE('',#2700,#2698,#2703,.T.);
#2230=EDGE_CURVE('',#2704,#2705,#2706,.T.);
#2231=EDGE_CURVE('',#2705,#2704,#2707,.T.);
#2232=EDGE_CURVE('',#2708,#2704,#2709,.T.);
#2233=EDGE_CURVE('',#2708,#2710,#2711,.T.);
#2234=EDGE_CURVE('',#2710,#2705,#2712,.T.);
#2235=EDGE_CURVE('',#2710,#2708,#2713,.T.);
#2236=EDGE_CURVE('',#2714,#2715,#2716,.T.);
#2237=EDGE_CURVE('',#2715,#2714,#2717,.T.);
#2238=EDGE_CURVE('',#2718,#2714,#2719,.T.);
#2239=EDGE_CURVE('',#2718,#2720,#2721,.T.);
#2240=EDGE_CURVE('',#2720,#2715,#2722,.T.);
#2241=EDGE_CURVE('',#2720,#2718,#2723,.T.);
#2242=EDGE_CURVE('',#2724,#2725,#2726,.T.);
#2243=EDGE_CURVE('',#2725,#2724,#2727,.T.);
#2244=EDGE_CURVE('',#2724,#2728,#2729,.T.);
#2245=EDGE_CURVE('',#2728,#2730,#2731,.T.);
#2246=EDGE_CURVE('',#2725,#2730,#2732,.T.);
#2247=EDGE_CURVE('',#2730,#2728,#2733,.T.);
#2248=EDGE_CURVE('',#2734,#2735,#2736,.T.);
#2249=EDGE_CURVE('',#2658,#2735,#2737,.T.);
#2250=EDGE_CURVE('',#2738,#2675,#2739,.T.);
#2251=EDGE_CURVE('',#2734,#2738,#2740,.T.);
#2252=EDGE_CURVE('',#2741,#2673,#2742,.T.);
#2253=EDGE_CURVE('',#2738,#2741,#2743,.T.);
#2254=EDGE_CURVE('',#2744,#2671,#2745,.T.);
#2255=EDGE_CURVE('',#2741,#2744,#2746,.T.);
#2256=EDGE_CURVE('',#2636,#2747,#2748,.T.);
#2257=EDGE_CURVE('',#2634,#2749,#2750,.T.);
#2258=EDGE_CURVE('',#2749,#2747,#2751,.T.);
#2259=EDGE_CURVE('',#2632,#2752,#2753,.T.);
#2260=EDGE_CURVE('',#2752,#2749,#2754,.T.);
#2261=EDGE_CURVE('',#2625,#2755,#2756,.T.);
#2262=EDGE_CURVE('',#2755,#2752,#2757,.T.);
#2263=EDGE_CURVE('',#2607,#2758,#2759,.T.);
#2264=EDGE_CURVE('',#2760,#2604,#2761,.T.);
#2265=EDGE_CURVE('',#2760,#2762,#2763,.T.);
#2266=EDGE_CURVE('',#2762,#2758,#2764,.T.);
#2267=EDGE_CURVE('',#2760,#2765,#2766,.T.);
#2268=EDGE_CURVE('',#2765,#2767,#2768,.T.);
#2269=EDGE_CURVE('',#2767,#2762,#2769,.T.);
#2270=EDGE_CURVE('',#2770,#2765,#2771,.T.);
#2271=EDGE_CURVE('',#2770,#2772,#2773,.T.);
#2272=EDGE_CURVE('',#2772,#2767,#2774,.T.);
#2273=EDGE_CURVE('',#2775,#2776,#2777,.T.);
#2274=EDGE_CURVE('',#2597,#2776,#2778,.T.);
#2275=EDGE_CURVE('',#2779,#2601,#2780,.T.);
#2276=EDGE_CURVE('',#2775,#2779,#2781,.T.);
#2277=EDGE_CURVE('',#2782,#2783,#2784,.T.);
#2278=EDGE_CURVE('',#2783,#2776,#2785,.T.);
#2279=EDGE_CURVE('',#2782,#2775,#2786,.T.);
#2280=EDGE_CURVE('',#2787,#2788,#2789,.T.);
#2281=EDGE_CURVE('',#2783,#2788,#2790,.T.);
#2282=EDGE_CURVE('',#2787,#2782,#2791,.T.);
#2283=EDGE_CURVE('',#2792,#2793,#2794,.T.);
#2284=EDGE_CURVE('',#2793,#2792,#2795,.T.);
#2285=EDGE_CURVE('',#2796,#2669,#2797,.T.);
#2286=EDGE_CURVE('',#2744,#2796,#2798,.T.);
#2287=EDGE_CURVE('',#2796,#2799,#2800,.T.);
#2288=EDGE_CURVE('',#2799,#2801,#2802,.T.);
#2289=EDGE_CURVE('',#2801,#2803,#2804,.T.);
#2290=EDGE_CURVE('',#2803,#2734,#2805,.T.);
#2291=EDGE_CURVE('',#2803,#2806,#2807,.T.);
#2292=EDGE_CURVE('',#2806,#2735,#2808,.T.);
#2293=EDGE_CURVE('',#2806,#2657,#2809,.T.);
#2294=EDGE_CURVE('',#2623,#2810,#2811,.T.);
#2295=EDGE_CURVE('',#2810,#2755,#2812,.T.);
#2296=EDGE_CURVE('',#2813,#2810,#2814,.T.);
#2297=EDGE_CURVE('',#2815,#2813,#2816,.T.);
#2298=EDGE_CURVE('',#2817,#2815,#2818,.T.);
#2299=EDGE_CURVE('',#2747,#2817,#2819,.T.);
#2300=EDGE_CURVE('',#2638,#2817,#2820,.T.);
#2301=EDGE_CURVE('',#2629,#2821,#2822,.T.);
#2302=EDGE_CURVE('',#2823,#2821,#2824,.T.);
#2303=EDGE_CURVE('',#2823,#2628,#2825,.T.);
#2304=EDGE_CURVE('',#2792,#2826,#2827,.T.);
#2305=EDGE_CURVE('',#2826,#2828,#2829,.T.);
#2306=EDGE_CURVE('',#2793,#2828,#2830,.T.);
#2307=EDGE_CURVE('',#2831,#2832,#2833,.T.);
#2308=EDGE_CURVE('',#2832,#2831,#2834,.T.);
#2309=EDGE_CURVE('',#2835,#2836,#2837,.T.);
#2310=EDGE_CURVE('',#2836,#2835,#2838,.T.);
#2311=EDGE_CURVE('',#2839,#2840,#2841,.T.);
#2312=EDGE_CURVE('',#2840,#2839,#2842,.T.);
#2313=EDGE_CURVE('',#2843,#2844,#2845,.T.);
#2314=EDGE_CURVE('',#2844,#2843,#2846,.T.);
#2315=EDGE_CURVE('',#2770,#2847,#2848,.T.);
#2316=EDGE_CURVE('',#2847,#2849,#2850,.T.);
#2317=EDGE_CURVE('',#2849,#2772,#2851,.T.);
#2318=EDGE_CURVE('',#2852,#2849,#2853,.T.);
#2319=EDGE_CURVE('',#2854,#2852,#2855,.T.);
#2320=EDGE_CURVE('',#2856,#2854,#2857,.T.);
#2321=EDGE_CURVE('',#2758,#2856,#2858,.T.);
#2322=EDGE_CURVE('',#2609,#2856,#2859,.T.);
#2323=EDGE_CURVE('',#2613,#2860,#2861,.T.);
#2324=EDGE_CURVE('',#2862,#2860,#2863,.T.);
#2325=EDGE_CURVE('',#2862,#2864,#2865,.T.);
#2326=EDGE_CURVE('',#2866,#2864,#2867,.T.);
#2327=EDGE_CURVE('',#2866,#2847,#2868,.T.);
#2328=EDGE_CURVE('',#2605,#2612,#2869,.T.);
#2329=EDGE_CURVE('',#2870,#2871,#2872,.T.);
#2330=EDGE_CURVE('',#2871,#2788,#2873,.T.);
#2331=EDGE_CURVE('',#2870,#2787,#2874,.T.);
#2332=EDGE_CURVE('',#2871,#2875,#2876,.T.);
#2333=EDGE_CURVE('',#2877,#2875,#2878,.T.);
#2334=EDGE_CURVE('',#2877,#2879,#2880,.T.);
#2335=EDGE_CURVE('',#2881,#2879,#2882,.T.);
#2336=EDGE_CURVE('',#2881,#2588,#2883,.T.);
#2337=EDGE_CURVE('',#2589,#2596,#2884,.T.);
#2338=EDGE_CURVE('',#2885,#2599,#2886,.T.);
#2339=EDGE_CURVE('',#2779,#2885,#2887,.T.);
#2340=EDGE_CURVE('',#2885,#2888,#2889,.T.);
#2341=EDGE_CURVE('',#2888,#2890,#2891,.T.);
#2342=EDGE_CURVE('',#2890,#2870,#2892,.T.);
#2343=EDGE_CURVE('',#2828,#2826,#2893,.T.);
#2344=EDGE_CURVE('',#2665,#2894,#2895,.T.);
#2345=EDGE_CURVE('',#2894,#2896,#2897,.T.);
#2346=EDGE_CURVE('',#2667,#2896,#2898,.T.);
#2347=EDGE_CURVE('',#2899,#2896,#2900,.T.);
#2348=EDGE_CURVE('',#2799,#2899,#2901,.T.);
#2349=EDGE_CURVE('',#2899,#2902,#2903,.T.);
#2350=EDGE_CURVE('',#2801,#2902,#2904,.T.);
#2351=EDGE_CURVE('',#2905,#2902,#2906,.T.);
#2352=EDGE_CURVE('',#2652,#2905,#2907,.T.);
#2353=EDGE_CURVE('',#2905,#2908,#2909,.T.);
#2354=EDGE_CURVE('',#2654,#2908,#2910,.T.);
#2355=EDGE_CURVE('',#2911,#2908,#2912,.T.);
#2356=EDGE_CURVE('',#2661,#2911,#2913,.T.);
#2357=EDGE_CURVE('',#2911,#2914,#2915,.T.);
#2358=EDGE_CURVE('',#2663,#2914,#2916,.T.);
#2359=EDGE_CURVE('',#2894,#2914,#2917,.T.);
#2360=EDGE_CURVE('',#2918,#2919,#2920,.T.);
#2361=EDGE_CURVE('',#2921,#2918,#2922,.T.);
#2362=EDGE_CURVE('',#2919,#2921,#2923,.T.);
#2363=EDGE_CURVE('',#2924,#2925,#2926,.T.);
#2364=EDGE_CURVE('',#2924,#2918,#2927,.T.);
#2365=EDGE_CURVE('',#2919,#2925,#2928,.T.);
#2366=EDGE_CURVE('',#2924,#2929,#2930,.T.);
#2367=EDGE_CURVE('',#2929,#2925,#2931,.T.);
#2368=EDGE_CURVE('',#2929,#2921,#2932,.T.);
#2369=EDGE_CURVE('',#2933,#2934,#2935,.T.);
#2370=EDGE_CURVE('',#2936,#2933,#2937,.T.);
#2371=EDGE_CURVE('',#2934,#2936,#2938,.T.);
#2372=EDGE_CURVE('',#2934,#2939,#2940,.T.);
#2373=EDGE_CURVE('',#2939,#2941,#2942,.T.);
#2374=EDGE_CURVE('',#2941,#2933,#2943,.T.);
#2375=EDGE_CURVE('',#2941,#2944,#2945,.T.);
#2376=EDGE_CURVE('',#2944,#2939,#2946,.T.);
#2377=EDGE_CURVE('',#2944,#2936,#2947,.T.);
#2378=EDGE_CURVE('',#2948,#2640,#2949,.T.);
#2379=EDGE_CURVE('',#2948,#2950,#2951,.T.);
#2380=EDGE_CURVE('',#2950,#2642,#2952,.T.);
#2381=EDGE_CURVE('',#2953,#2950,#2954,.T.);
#2382=EDGE_CURVE('',#2953,#2644,#2955,.T.);
#2383=EDGE_CURVE('',#2953,#2956,#2957,.T.);
#2384=EDGE_CURVE('',#2956,#2646,#2958,.T.);
#2385=EDGE_CURVE('',#2959,#2956,#2960,.T.);
#2386=EDGE_CURVE('',#2959,#2821,#2961,.T.);
#2387=EDGE_CURVE('',#2959,#2962,#2963,.T.);
#2388=EDGE_CURVE('',#2962,#2823,#2964,.T.);
#2389=EDGE_CURVE('',#2965,#2962,#2966,.T.);
#2390=EDGE_CURVE('',#2965,#2813,#2967,.T.);
#2391=EDGE_CURVE('',#2965,#2968,#2969,.T.);
#2392=EDGE_CURVE('',#2968,#2815,#2970,.T.);
#2393=EDGE_CURVE('',#2948,#2968,#2971,.T.);
#2394=EDGE_CURVE('',#2826,#2583,#2972,.T.);
#2395=EDGE_CURVE('',#2585,#2583,#2973,.T.);
#2396=EDGE_CURVE('',#2828,#2585,#2974,.T.);
#2397=EDGE_CURVE('',#2975,#2832,#2976,.T.);
#2398=EDGE_CURVE('',#2975,#2977,#2978,.T.);
#2399=EDGE_CURVE('',#2831,#2977,#2979,.T.);
#2400=EDGE_CURVE('',#2977,#2975,#2980,.T.);
#2401=EDGE_CURVE('',#2981,#2836,#2982,.T.);
#2402=EDGE_CURVE('',#2981,#2983,#2984,.T.);
#2403=EDGE_CURVE('',#2835,#2983,#2985,.T.);
#2404=EDGE_CURVE('',#2983,#2981,#2986,.T.);
#2405=EDGE_CURVE('',#2987,#2840,#2988,.T.);
#2406=EDGE_CURVE('',#2987,#2989,#2990,.T.);
#2407=EDGE_CURVE('',#2839,#2989,#2991,.T.);
#2408=EDGE_CURVE('',#2989,#2987,#2992,.T.);
#2409=EDGE_CURVE('',#2993,#2844,#2994,.T.);
#2410=EDGE_CURVE('',#2993,#2995,#2996,.T.);
#2411=EDGE_CURVE('',#2843,#2995,#2997,.T.);
#2412=EDGE_CURVE('',#2995,#2993,#2998,.T.);
#2413=EDGE_CURVE('',#2528,#2866,#2999,.T.);
#2414=EDGE_CURVE('',#2540,#2852,#3000,.T.);
#2415=EDGE_CURVE('',#2538,#2854,#3001,.T.);
#2416=EDGE_CURVE('',#2536,#2615,#3002,.T.);
#2417=EDGE_CURVE('',#2534,#2617,#3003,.T.);
#2418=EDGE_CURVE('',#2532,#2860,#3004,.T.);
#2419=EDGE_CURVE('',#2530,#2862,#3005,.T.);
#2420=EDGE_CURVE('',#2527,#2864,#3006,.T.);
#2421=EDGE_CURVE('',#3007,#2548,#3008,.T.);
#2422=EDGE_CURVE('',#2544,#3007,#3009,.T.);
#2423=EDGE_CURVE('',#3010,#2546,#3011,.T.);
#2424=EDGE_CURVE('',#3010,#3007,#3012,.T.);
#2425=EDGE_CURVE('',#3010,#2543,#3013,.T.);
#2426=EDGE_CURVE('',#3014,#2556,#3015,.T.);
#2427=EDGE_CURVE('',#2552,#3014,#3016,.T.);
#2428=EDGE_CURVE('',#2554,#3017,#3018,.T.);
#2429=EDGE_CURVE('',#3017,#3014,#3019,.T.);
#2430=EDGE_CURVE('',#2551,#3017,#3020,.T.);
#2431=EDGE_CURVE('',#2890,#2560,#3021,.T.);
#2432=EDGE_CURVE('',#2875,#2572,#3022,.T.);
#2433=EDGE_CURVE('',#2877,#2570,#3023,.T.);
#2434=EDGE_CURVE('',#2879,#2568,#3024,.T.);
#2435=EDGE_CURVE('',#2881,#2566,#3025,.T.);
#2436=EDGE_CURVE('',#2591,#2564,#3026,.T.);
#2437=EDGE_CURVE('',#2593,#2562,#3027,.T.);
#2438=EDGE_CURVE('',#2888,#2559,#3028,.T.);
#2439=EDGE_CURVE('',#2580,#2578,#3029,.T.);
#2440=EDGE_CURVE('',#2575,#3030,#3031,.T.);
#2441=EDGE_CURVE('',#3032,#3030,#3033,.T.);
#2442=EDGE_CURVE('',#2576,#3032,#3034,.T.);
#2443=EDGE_CURVE('',#3035,#3036,#3037,.T.);
#2444=EDGE_CURVE('',#3038,#3035,#3039,.T.);
#2445=EDGE_CURVE('',#3040,#3038,#3041,.T.);
#2446=EDGE_CURVE('',#3036,#3040,#3042,.T.);
#2447=EDGE_CURVE('',#3043,#3044,#3045,.T.);
#2448=EDGE_CURVE('',#3046,#3043,#3047,.T.);
#2449=EDGE_CURVE('',#3046,#3048,#3049,.T.);
#2450=EDGE_CURVE('',#3048,#3044,#3050,.T.);
#2451=EDGE_CURVE('',#3051,#3052,#3053,.T.);
#2452=EDGE_CURVE('',#3051,#3052,#3054,.T.);
#2453=EDGE_CURVE('',#3055,#3056,#3057,.T.);
#2454=EDGE_CURVE('',#3056,#3055,#3058,.T.);
#2455=EDGE_CURVE('',#3052,#3059,#3060,.T.);
#2456=EDGE_CURVE('',#3061,#3059,#3062,.T.);
#2457=EDGE_CURVE('',#3051,#3061,#3063,.T.);
#2458=EDGE_CURVE('',#3061,#3059,#3064,.T.);
#2459=EDGE_CURVE('',#3065,#3066,#3067,.T.);
#2460=EDGE_CURVE('',#3065,#3066,#3068,.T.);
#2461=EDGE_CURVE('',#3065,#3069,#3070,.T.);
#2462=EDGE_CURVE('',#3066,#3038,#3071,.T.);
#2463=EDGE_CURVE('',#3035,#3069,#3072,.T.);
#2464=EDGE_CURVE('',#3044,#3069,#3073,.T.);
#2465=EDGE_CURVE('',#3074,#3036,#3075,.T.);
#2466=EDGE_CURVE('',#3043,#3074,#3076,.T.);
#2467=EDGE_CURVE('',#3074,#3077,#3078,.T.);
#2468=EDGE_CURVE('',#3077,#3079,#3080,.T.);
#2469=EDGE_CURVE('',#3046,#3079,#3081,.T.);
#2470=EDGE_CURVE('',#3040,#3046,#3082,.T.);
#2471=EDGE_CURVE('',#3079,#3077,#3083,.T.);
#2472=EDGE_CURVE('',#3084,#3077,#3085,.T.);
#2473=EDGE_CURVE('',#3086,#3079,#3087,.T.);
#2474=EDGE_CURVE('',#3086,#3084,#3088,.T.);
#2475=EDGE_CURVE('',#3086,#3089,#3090,.T.);
#2476=EDGE_CURVE('',#3091,#3089,#3092,.T.);
#2477=EDGE_CURVE('',#3084,#3091,#3093,.T.);
#2478=EDGE_CURVE('',#3091,#3089,#3094,.T.);
#2479=EDGE_CURVE('',#3084,#3086,#3095,.T.);
#2480=EDGE_CURVE('',#3096,#3097,#3098,.T.);
#2481=EDGE_CURVE('',#3097,#3096,#3099,.T.);
#2482=EDGE_CURVE('',#3096,#3055,#3100,.T.);
#2483=EDGE_CURVE('',#3097,#3056,#3101,.T.);
#2484=EDGE_CURVE('',#3038,#3048,#3102,.T.);
#2485=EDGE_CURVE('',#3103,#3104,#3105,.T.);
#2486=EDGE_CURVE('',#3103,#3106,#3107,.T.);
#2487=EDGE_CURVE('',#3108,#3106,#3109,.T.);
#2488=EDGE_CURVE('',#3104,#3108,#3110,.T.);
#2489=EDGE_CURVE('',#3111,#3112,#3113,.T.);
#2490=EDGE_CURVE('',#3111,#3114,#3115,.T.);
#2491=EDGE_CURVE('',#3116,#3114,#3117,.T.);
#2492=EDGE_CURVE('',#3112,#3116,#3118,.T.);
#2493=EDGE_CURVE('',#3119,#3106,#3120,.T.);
#2494=EDGE_CURVE('',#3121,#3119,#3122,.T.);
#2495=EDGE_CURVE('',#3121,#3114,#3123,.T.);
#2496=EDGE_CURVE('',#3106,#3111,#3124,.T.);
#2497=EDGE_CURVE('',#3108,#3112,#3125,.T.);
#2498=EDGE_CURVE('',#3116,#3104,#3126,.T.);
#2499=EDGE_CURVE('',#3127,#3128,#3129,.T.);
#2500=EDGE_CURVE('',#3128,#3130,#3131,.T.);
#2501=EDGE_CURVE('',#3130,#3132,#3133,.T.);
#2502=EDGE_CURVE('',#3132,#3127,#3134,.T.);
#2503=EDGE_CURVE('',#3135,#3132,#3136,.T.);
#2504=EDGE_CURVE('',#3135,#3137,#3138,.T.);
#2505=EDGE_CURVE('',#3137,#3127,#3139,.T.);
#2506=EDGE_CURVE('',#3137,#3140,#3141,.T.);
#2507=EDGE_CURVE('',#3140,#3128,#3142,.T.);
#2508=EDGE_CURVE('',#3140,#3143,#3144,.T.);
#2509=EDGE_CURVE('',#3143,#3130,#3145,.T.);
#2510=EDGE_CURVE('',#3143,#3135,#3146,.T.);
#2511=EDGE_CURVE('',#3114,#3103,#3147,.T.);
#2512=EDGE_CURVE('',#3119,#3121,#3148,.T.);
#2513=EDGE_CURVE('',#3149,#3150,#3151,.T.);
#2514=EDGE_CURVE('',#3150,#3149,#3152,.T.);
#2515=EDGE_CURVE('',#3150,#3153,#3154,.T.);
#2516=EDGE_CURVE('',#3149,#3155,#3156,.T.);
#2517=EDGE_CURVE('',#3155,#3153,#3157,.T.);
#2518=EDGE_CURVE('',#3153,#3155,#3158,.T.);
#2519=VERTEX_POINT('',#3159);
#2520=VERTEX_POINT('',#3160);
#2521=LINE('',#3161,#3162);
#2522=VERTEX_POINT('',#3163);
#2523=CIRCLE('',#3164,10.3);
#2524=VERTEX_POINT('',#3165);
#2525=LINE('',#3166,#3167);
#2526=CIRCLE('',#3168,10.3);
#2527=VERTEX_POINT('',#3169);
#2528=VERTEX_POINT('',#3170);
#2529=LINE('',#3171,#3172);
#2530=VERTEX_POINT('',#3173);
#2531=CIRCLE('',#3174,10.3);
#2532=VERTEX_POINT('',#3175);
#2533=LINE('',#3176,#3177);
#2534=VERTEX_POINT('',#3178);
#2535=CIRCLE('',#3179,10.3);
#2536=VERTEX_POINT('',#3180);
#2537=LINE('',#3181,#3182);
#2538=VERTEX_POINT('',#3183);
#2539=CIRCLE('',#3184,10.3);
#2540=VERTEX_POINT('',#3185);
#2541=LINE('',#3186,#3187);
#2542=CIRCLE('',#3188,10.3);
#2543=VERTEX_POINT('',#3189);
#2544=VERTEX_POINT('',#3190);
#2545=LINE('',#3191,#3192);
#2546=VERTEX_POINT('',#3193);
#2547=CIRCLE('',#3194,10.3);
#2548=VERTEX_POINT('',#3195);
#2549=LINE('',#3196,#3197);
#2550=CIRCLE('',#3198,10.3);
#2551=VERTEX_POINT('',#3199);
#2552=VERTEX_POINT('',#3200);
#2553=LINE('',#3201,#3202);
#2554=VERTEX_POINT('',#3203);
#2555=CIRCLE('',#3204,10.3);
#2556=VERTEX_POINT('',#3205);
#2557=LINE('',#3206,#3207);
#2558=CIRCLE('',#3208,10.3);
#2559=VERTEX_POINT('',#3209);
#2560=VERTEX_POINT('',#3210);
#2561=LINE('',#3211,#3212);
#2562=VERTEX_POINT('',#3213);
#2563=CIRCLE('',#3214,10.3);
#2564=VERTEX_POINT('',#3215);
#2565=LINE('',#3216,#3217);
#2566=VERTEX_POINT('',#3218);
#2567=CIRCLE('',#3219,10.3);
#2568=VERTEX_POINT('',#3220);
#2569=LINE('',#3221,#3222);
#2570=VERTEX_POINT('',#3223);
#2571=CIRCLE('',#3224,10.3);
#2572=VERTEX_POINT('',#3225);
#2573=LINE('',#3226,#3227);
#2574=CIRCLE('',#3228,10.3);
#2575=VERTEX_POINT('',#3229);
#2576=VERTEX_POINT('',#3230);
#2577=LINE('',#3231,#3232);
#2578=VERTEX_POINT('',#3233);
#2579=LINE('',#3234,#3235);
#2580=VERTEX_POINT('',#3236);
#2581=CIRCLE('',#3237,10.3);
#2582=LINE('',#3238,#3239);
#2583=VERTEX_POINT('',#3240);
#2584=LINE('',#3241,#3242);
#2585=VERTEX_POINT('',#3243);
#2586=CIRCLE('',#3244,10.3);
#2587=LINE('',#3245,#3246);
#2588=VERTEX_POINT('',#3247);
#2589=VERTEX_POINT('',#3248);
#2590=LINE('',#3249,#3250);
#2591=VERTEX_POINT('',#3251);
#2592=CIRCLE('',#3252,2.9);
#2593=VERTEX_POINT('',#3253);
#2594=LINE('',#3254,#3255);
#2595=CIRCLE('',#3256,2.9);
#2596=VERTEX_POINT('',#3257);
#2597=VERTEX_POINT('',#3258);
#2598=LINE('',#3259,#3260);
#2599=VERTEX_POINT('',#3261);
#2600=CIRCLE('',#3262,2.9);
#2601=VERTEX_POINT('',#3263);
#2602=LINE('',#3264,#3265);
#2603=CIRCLE('',#3266,2.9);
#2604=VERTEX_POINT('',#3267);
#2605=VERTEX_POINT('',#3268);
#2606=LINE('',#3269,#3270);
#2607=VERTEX_POINT('',#3271);
#2608=CIRCLE('',#3272,2.9);
#2609=VERTEX_POINT('',#3273);
#2610=LINE('',#3274,#3275);
#2611=CIRCLE('',#3276,2.9);
#2612=VERTEX_POINT('',#3277);
#2613=VERTEX_POINT('',#3278);
#2614=LINE('',#3279,#3280);
#2615=VERTEX_POINT('',#3281);
#2616=CIRCLE('',#3282,2.9);
#2617=VERTEX_POINT('',#3283);
#2618=LINE('',#3284,#3285);
#2619=CIRCLE('',#3286,2.9);
#2620=VERTEX_POINT('',#3287);
#2621=VERTEX_POINT('',#3288);
#2622=LINE('',#3289,#3290);
#2623=VERTEX_POINT('',#3291);
#2624=CIRCLE('',#3292,2.9);
#2625=VERTEX_POINT('',#3293);
#2626=LINE('',#3294,#3295);
#2627=CIRCLE('',#3296,2.9);
#2628=VERTEX_POINT('',#3297);
#2629=VERTEX_POINT('',#3298);
#2630=LINE('',#3299,#3300);
#2631=CIRCLE('',#3301,2.9);
#2632=VERTEX_POINT('',#3302);
#2633=CIRCLE('',#3303,2.9);
#2634=VERTEX_POINT('',#3304);
#2635=LINE('',#3305,#3306);
#2636=VERTEX_POINT('',#3307);
#2637=CIRCLE('',#3308,2.9);
#2638=VERTEX_POINT('',#3309);
#2639=LINE('',#3310,#3311);
#2640=VERTEX_POINT('',#3312);
#2641=CIRCLE('',#3313,2.9);
#2642=VERTEX_POINT('',#3314);
#2643=LINE('',#3315,#3316);
#2644=VERTEX_POINT('',#3317);
#2645=CIRCLE('',#3318,2.9);
#2646=VERTEX_POINT('',#3319);
#2647=LINE('',#3320,#3321);
#2648=CIRCLE('',#3322,2.9);
#2649=VERTEX_POINT('',#3323);
#2650=VERTEX_POINT('',#3324);
#2651=LINE('',#3325,#3326);
#2652=VERTEX_POINT('',#3327);
#2653=CIRCLE('',#3328,2.9);
#2654=VERTEX_POINT('',#3329);
#2655=LINE('',#3330,#3331);
#2656=CIRCLE('',#3332,2.9);
#2657=VERTEX_POINT('',#3333);
#2658=VERTEX_POINT('',#3334);
#2659=LINE('',#3335,#3336);
#2660=CIRCLE('',#3337,2.9);
#2661=VERTEX_POINT('',#3338);
#2662=CIRCLE('',#3339,2.9);
#2663=VERTEX_POINT('',#3340);
#2664=LINE('',#3341,#3342);
#2665=VERTEX_POINT('',#3343);
#2666=CIRCLE('',#3344,2.9);
#2667=VERTEX_POINT('',#3345);
#2668=LINE('',#3346,#3347);
#2669=VERTEX_POINT('',#3348);
#2670=CIRCLE('',#3349,2.9);
#2671=VERTEX_POINT('',#3350);
#2672=LINE('',#3351,#3352);
#2673=VERTEX_POINT('',#3353);
#2674=CIRCLE('',#3354,2.9);
#2675=VERTEX_POINT('',#3355);
#2676=LINE('',#3356,#3357);
#2677=CIRCLE('',#3358,2.9);
#2678=VERTEX_POINT('',#3359);
#2679=VERTEX_POINT('',#3360);
#2680=LINE('',#3361,#3362);
#2681=VERTEX_POINT('',#3363);
#2682=CIRCLE('',#3364,14.25);
#2683=VERTEX_POINT('',#3365);
#2684=LINE('',#3366,#3367);
#2685=CIRCLE('',#3368,12.95);
#2686=VERTEX_POINT('',#3369);
#2687=VERTEX_POINT('',#3370);
#2688=LINE('',#3371,#3372);
#2689=CIRCLE('',#3373,12.95);
#2690=CIRCLE('',#3374,14.25);
#2691=VERTEX_POINT('',#3375);
#2692=CIRCLE('',#3376,12.95);
#2693=CIRCLE('',#3377,12.95);
#2694=VERTEX_POINT('',#3378);
#2695=CIRCLE('',#3379,14.25);
#2696=LINE('',#3380,#3381);
#2697=CIRCLE('',#3382,14.25);
#2698=VERTEX_POINT('',#3383);
#2699=LINE('',#3384,#3385);
#2700=VERTEX_POINT('',#3386);
#2701=CIRCLE('',#3387,14.25);
#2702=LINE('',#3388,#3389);
#2703=CIRCLE('',#3390,14.25);
#2704=VERTEX_POINT('',#3391);
#2705=VERTEX_POINT('',#3392);
#2706=CIRCLE('',#3393,13.6);
#2707=CIRCLE('',#3394,13.6);
#2708=VERTEX_POINT('',#3395);
#2709=LINE('',#3396,#3397);
#2710=VERTEX_POINT('',#3398);
#2711=CIRCLE('',#3399,13.6);
#2712=LINE('',#3400,#3401);
#2713=CIRCLE('',#3402,13.6);
#2714=VERTEX_POINT('',#3403);
#2715=VERTEX_POINT('',#3404);
#2716=CIRCLE('',#3405,10.9);
#2717=CIRCLE('',#3406,10.9);
#2718=VERTEX_POINT('',#3407);
#2719=LINE('',#3408,#3409);
#2720=VERTEX_POINT('',#3410);
#2721=CIRCLE('',#3411,10.9);
#2722=LINE('',#3412,#3413);
#2723=CIRCLE('',#3414,10.9);
#2724=VERTEX_POINT('',#3415);
#2725=VERTEX_POINT('',#3416);
#2726=CIRCLE('',#3417,10.5);
#2727=CIRCLE('',#3418,10.5);
#2728=VERTEX_POINT('',#3419);
#2729=LINE('',#3420,#3421);
#2730=VERTEX_POINT('',#3422);
#2731=CIRCLE('',#3423,10.5);
#2732=LINE('',#3424,#3425);
#2733=CIRCLE('',#3426,10.5);
#2734=VERTEX_POINT('',#3427);
#2735=VERTEX_POINT('',#3428);
#2736=LINE('',#3429,#3430);
#2737=CIRCLE('',#3431,2.9);
#2738=VERTEX_POINT('',#3432);
#2739=LINE('',#3433,#3434);
#2740=LINE('',#3435,#3436);
#2741=VERTEX_POINT('',#3437);
#2742=LINE('',#3438,#3439);
#2743=LINE('',#3440,#3441);
#2744=VERTEX_POINT('',#3442);
#2745=LINE('',#3443,#3444);
#2746=LINE('',#3445,#3446);
#2747=VERTEX_POINT('',#3447);
#2748=LINE('',#3448,#3449);
#2749=VERTEX_POINT('',#3450);
#2750=LINE('',#3451,#3452);
#2751=LINE('',#3453,#3454);
#2752=VERTEX_POINT('',#3455);
#2753=LINE('',#3456,#3457);
#2754=LINE('',#3458,#3459);
#2755=VERTEX_POINT('',#3460);
#2756=LINE('',#3461,#3462);
#2757=LINE('',#3463,#3464);
#2758=VERTEX_POINT('',#3465);
#2759=LINE('',#3466,#3467);
#2760=VERTEX_POINT('',#3468);
#2761=CIRCLE('',#3469,2.9);
#2762=VERTEX_POINT('',#3470);
#2763=LINE('',#3471,#3472);
#2764=LINE('',#3473,#3474);
#2765=VERTEX_POINT('',#3475);
#2766=LINE('',#3476,#3477);
#2767=VERTEX_POINT('',#3478);
#2768=LINE('',#3479,#3480);
#2769=LINE('',#3481,#3482);
#2770=VERTEX_POINT('',#3483);
#2771=CIRCLE('',#3484,2.9);
#2772=VERTEX_POINT('',#3485);
#2773=LINE('',#3486,#3487);
#2774=LINE('',#3488,#3489);
#2775=VERTEX_POINT('',#3490);
#2776=VERTEX_POINT('',#3491);
#2777=LINE('',#3492,#3493);
#2778=CIRCLE('',#3494,2.9);
#2779=VERTEX_POINT('',#3495);
#2780=LINE('',#3496,#3497);
#2781=LINE('',#3498,#3499);
#2782=VERTEX_POINT('',#3500);
#2783=VERTEX_POINT('',#3501);
#2784=LINE('',#3502,#3503);
#2785=LINE('',#3504,#3505);
#2786=LINE('',#3506,#3507);
#2787=VERTEX_POINT('',#3508);
#2788=VERTEX_POINT('',#3509);
#2789=LINE('',#3510,#3511);
#2790=CIRCLE('',#3512,2.9);
#2791=LINE('',#3513,#3514);
#2792=VERTEX_POINT('',#3515);
#2793=VERTEX_POINT('',#3516);
#2794=CIRCLE('',#3517,11.1);
#2795=CIRCLE('',#3518,11.1);
#2796=VERTEX_POINT('',#3519);
#2797=LINE('',#3520,#3521);
#2798=LINE('',#3522,#3523);
#2799=VERTEX_POINT('',#3524);
#2800=LINE('',#3525,#3526);
#2801=VERTEX_POINT('',#3527);
#2802=LINE('',#3528,#3529);
#2803=VERTEX_POINT('',#3530);
#2804=LINE('',#3531,#3532);
#2805=LINE('',#3533,#3534);
#2806=VERTEX_POINT('',#3535);
#2807=LINE('',#3536,#3537);
#2808=LINE('',#3538,#3539);
#2809=CIRCLE('',#3540,2.9);
#2810=VERTEX_POINT('',#3541);
#2811=LINE('',#3542,#3543);
#2812=LINE('',#3544,#3545);
#2813=VERTEX_POINT('',#3546);
#2814=LINE('',#3547,#3548);
#2815=VERTEX_POINT('',#3549);
#2816=LINE('',#3550,#3551);
#2817=VERTEX_POINT('',#3552);
#2818=LINE('',#3553,#3554);
#2819=LINE('',#3555,#3556);
#2820=LINE('',#3557,#3558);
#2821=VERTEX_POINT('',#3559);
#2822=CIRCLE('',#3560,2.9);
#2823=VERTEX_POINT('',#3561);
#2824=LINE('',#3562,#3563);
#2825=CIRCLE('',#3564,2.9);
#2826=VERTEX_POINT('',#3565);
#2827=LINE('',#3566,#3567);
#2828=VERTEX_POINT('',#3568);
#2829=CIRCLE('',#3569,11.1);
#2830=LINE('',#3570,#3571);
#2831=VERTEX_POINT('',#3572);
#2832=VERTEX_POINT('',#3573);
#2833=CIRCLE('',#3574,2.9);
#2834=CIRCLE('',#3575,2.9);
#2835=VERTEX_POINT('',#3576);
#2836=VERTEX_POINT('',#3577);
#2837=CIRCLE('',#3578,2.9);
#2838=CIRCLE('',#3579,2.9);
#2839=VERTEX_POINT('',#3580);
#2840=VERTEX_POINT('',#3581);
#2841=CIRCLE('',#3582,2.9);
#2842=CIRCLE('',#3583,2.9);
#2843=VERTEX_POINT('',#3584);
#2844=VERTEX_POINT('',#3585);
#2845=CIRCLE('',#3586,2.9);
#2846=CIRCLE('',#3587,2.9);
#2847=VERTEX_POINT('',#3588);
#2848=LINE('',#3589,#3590);
#2849=VERTEX_POINT('',#3591);
#2850=LINE('',#3592,#3593);
#2851=LINE('',#3594,#3595);
#2852=VERTEX_POINT('',#3596);
#2853=LINE('',#3597,#3598);
#2854=VERTEX_POINT('',#3599);
#2855=LINE('',#3600,#3601);
#2856=VERTEX_POINT('',#3602);
#2857=LINE('',#3603,#3604);
#2858=LINE('',#3605,#3606);
#2859=LINE('',#3607,#3608);
#2860=VERTEX_POINT('',#3609);
#2861=CIRCLE('',#3610,2.9);
#2862=VERTEX_POINT('',#3611);
#2863=LINE('',#3612,#3613);
#2864=VERTEX_POINT('',#3614);
#2865=CIRCLE('',#3615,2.9);
#2866=VERTEX_POINT('',#3616);
#2867=LINE('',#3617,#3618);
#2868=CIRCLE('',#3619,2.9);
#2869=CIRCLE('',#3620,2.9);
#2870=VERTEX_POINT('',#3621);
#2871=VERTEX_POINT('',#3622);
#2872=LINE('',#3623,#3624);
#2873=LINE('',#3625,#3626);
#2874=LINE('',#3627,#3628);
#2875=VERTEX_POINT('',#3629);
#2876=CIRCLE('',#3630,2.9);
#2877=VERTEX_POINT('',#3631);
#2878=LINE('',#3632,#3633);
#2879=VERTEX_POINT('',#3634);
#2880=CIRCLE('',#3635,2.9);
#2881=VERTEX_POINT('',#3636);
#2882=LINE('',#3637,#3638);
#2883=CIRCLE('',#3639,2.9);
#2884=CIRCLE('',#3640,2.9);
#2885=VERTEX_POINT('',#3641);
#2886=LINE('',#3642,#3643);
#2887=LINE('',#3644,#3645);
#2888=VERTEX_POINT('',#3646);
#2889=LINE('',#3647,#3648);
#2890=VERTEX_POINT('',#3649);
#2891=LINE('',#3650,#3651);
#2892=LINE('',#3652,#3653);
#2893=CIRCLE('',#3654,11.1);
#2894=VERTEX_POINT('',#3655);
#2895=LINE('',#3656,#3657);
#2896=VERTEX_POINT('',#3658);
#2897=LINE('',#3659,#3660);
#2898=LINE('',#3661,#3662);
#2899=VERTEX_POINT('',#3663);
#2900=CIRCLE('',#3664,10.3);
#2901=LINE('',#3665,#3666);
#2902=VERTEX_POINT('',#3667);
#2903=LINE('',#3668,#3669);
#2904=LINE('',#3670,#3671);
#2905=VERTEX_POINT('',#3672);
#2906=CIRCLE('',#3673,10.3);
#2907=LINE('',#3674,#3675);
#2908=VERTEX_POINT('',#3676);
#2909=LINE('',#3677,#3678);
#2910=LINE('',#3679,#3680);
#2911=VERTEX_POINT('',#3681);
#2912=CIRCLE('',#3682,10.3);
#2913=LINE('',#3683,#3684);
#2914=VERTEX_POINT('',#3685);
#2915=LINE('',#3686,#3687);
#2916=LINE('',#3688,#3689);
#2917=CIRCLE('',#3690,10.3);
#2918=VERTEX_POINT('',#3691);
#2919=VERTEX_POINT('',#3692);
#2920=LINE('',#3693,#3694);
#2921=VERTEX_POINT('',#3695);
#2922=LINE('',#3696,#3697);
#2923=CIRCLE('',#3698,10.3);
#2924=VERTEX_POINT('',#3699);
#2925=VERTEX_POINT('',#3700);
#2926=LINE('',#3701,#3702);
#2927=LINE('',#3703,#3704);
#2928=LINE('',#3705,#3706);
#2929=VERTEX_POINT('',#3707);
#2930=LINE('',#3708,#3709);
#2931=CIRCLE('',#3710,10.3);
#2932=LINE('',#3711,#3712);
#2933=VERTEX_POINT('',#3713);
#2934=VERTEX_POINT('',#3714);
#2935=LINE('',#3715,#3716);
#2936=VERTEX_POINT('',#3717);
#2937=LINE('',#3718,#3719);
#2938=CIRCLE('',#3720,10.3);
#2939=VERTEX_POINT('',#3721);
#2940=LINE('',#3722,#3723);
#2941=VERTEX_POINT('',#3724);
#2942=LINE('',#3725,#3726);
#2943=LINE('',#3727,#3728);
#2944=VERTEX_POINT('',#3729);
#2945=LINE('',#3730,#3731);
#2946=CIRCLE('',#3732,10.3);
#2947=LINE('',#3733,#3734);
#2948=VERTEX_POINT('',#3735);
#2949=LINE('',#3736,#3737);
#2950=VERTEX_POINT('',#3738);
#2951=LINE('',#3739,#3740);
#2952=LINE('',#3741,#3742);
#2953=VERTEX_POINT('',#3743);
#2954=CIRCLE('',#3744,10.3);
#2955=LINE('',#3745,#3746);
#2956=VERTEX_POINT('',#3747);
#2957=LINE('',#3748,#3749);
#2958=LINE('',#3750,#3751);
#2959=VERTEX_POINT('',#3752);
#2960=CIRCLE('',#3753,10.3);
#2961=LINE('',#3754,#3755);
#2962=VERTEX_POINT('',#3756);
#2963=LINE('',#3757,#3758);
#2964=LINE('',#3759,#3760);
#2965=VERTEX_POINT('',#3761);
#2966=CIRCLE('',#3762,10.3);
#2967=LINE('',#3763,#3764);
#2968=VERTEX_POINT('',#3765);
#2969=LINE('',#3766,#3767);
#2970=LINE('',#3768,#3769);
#2971=CIRCLE('',#3770,10.3);
#2972=LINE('',#3771,#3772);
#2973=CIRCLE('',#3773,10.3);
#2974=LINE('',#3774,#3775);
#2975=VERTEX_POINT('',#3776);
#2976=LINE('',#3777,#3778);
#2977=VERTEX_POINT('',#3779);
#2978=CIRCLE('',#3780,2.9);
#2979=LINE('',#3781,#3782);
#2980=CIRCLE('',#3783,2.9);
#2981=VERTEX_POINT('',#3784);
#2982=LINE('',#3785,#3786);
#2983=VERTEX_POINT('',#3787);
#2984=CIRCLE('',#3788,2.9);
#2985=LINE('',#3789,#3790);
#2986=CIRCLE('',#3791,2.9);
#2987=VERTEX_POINT('',#3792);
#2988=LINE('',#3793,#3794);
#2989=VERTEX_POINT('',#3795);
#2990=CIRCLE('',#3796,2.9);
#2991=LINE('',#3797,#3798);
#2992=CIRCLE('',#3799,2.9);
#2993=VERTEX_POINT('',#3800);
#2994=LINE('',#3801,#3802);
#2995=VERTEX_POINT('',#3803);
#2996=CIRCLE('',#3804,2.9);
#2997=LINE('',#3805,#3806);
#2998=CIRCLE('',#3807,2.9);
#2999=LINE('',#3808,#3809);
#3000=LINE('',#3810,#3811);
#3001=LINE('',#3812,#3813);
#3002=LINE('',#3814,#3815);
#3003=LINE('',#3816,#3817);
#3004=LINE('',#3818,#3819);
#3005=LINE('',#3820,#3821);
#3006=LINE('',#3822,#3823);
#3007=VERTEX_POINT('',#3824);
#3008=LINE('',#3825,#3826);
#3009=LINE('',#3827,#3828);
#3010=VERTEX_POINT('',#3829);
#3011=LINE('',#3830,#3831);
#3012=LINE('',#3832,#3833);
#3013=LINE('',#3834,#3835);
#3014=VERTEX_POINT('',#3836);
#3015=LINE('',#3837,#3838);
#3016=LINE('',#3839,#3840);
#3017=VERTEX_POINT('',#3841);
#3018=LINE('',#3842,#3843);
#3019=LINE('',#3844,#3845);
#3020=LINE('',#3846,#3847);
#3021=LINE('',#3848,#3849);
#3022=LINE('',#3850,#3851);
#3023=LINE('',#3852,#3853);
#3024=LINE('',#3854,#3855);
#3025=LINE('',#3856,#3857);
#3026=LINE('',#3858,#3859);
#3027=LINE('',#3860,#3861);
#3028=LINE('',#3862,#3863);
#3029=CIRCLE('',#3864,10.3);
#3030=VERTEX_POINT('',#3865);
#3031=CIRCLE('',#3866,10.3);
#3032=VERTEX_POINT('',#3867);
#3033=LINE('',#3868,#3869);
#3034=CIRCLE('',#3870,10.3);
#3035=VERTEX_POINT('',#3871);
#3036=VERTEX_POINT('',#3872);
#3037=CIRCLE('',#3873,0.5);
#3038=VERTEX_POINT('',#3874);
#3039=CIRCLE('',#3875,12.2);
#3040=VERTEX_POINT('',#3876);
#3041=CIRCLE('',#3877,0.5);
#3042=CIRCLE('',#3878,11.81818181818);
#3043=VERTEX_POINT('',#3879);
#3044=VERTEX_POINT('',#3880);
#3045=CIRCLE('',#3881,0.5);
#3046=VERTEX_POINT('',#3882);
#3047=CIRCLE('',#3883,11.81818181818);
#3048=VERTEX_POINT('',#3884);
#3049=CIRCLE('',#3885,0.5);
#3050=CIRCLE('',#3886,12.2);
#3051=VERTEX_POINT('',#3887);
#3052=VERTEX_POINT('',#3888);
#3053=CIRCLE('',#3889,12.35);
#3054=CIRCLE('',#3890,12.35);
#3055=VERTEX_POINT('',#3891);
#3056=VERTEX_POINT('',#3892);
#3057=CIRCLE('',#3893,6.8);
#3058=CIRCLE('',#3894,6.8);
#3059=VERTEX_POINT('',#3895);
#3060=LINE('',#3896,#3897);
#3061=VERTEX_POINT('',#3898);
#3062=CIRCLE('',#3899,12.35);
#3063=LINE('',#3900,#3901);
#3064=CIRCLE('',#3902,12.35);
#3065=VERTEX_POINT('',#3903);
#3066=VERTEX_POINT('',#3904);
#3067=CIRCLE('',#3905,12.2);
#3068=CIRCLE('',#3906,12.2);
#3069=VERTEX_POINT('',#3907);
#3070=LINE('',#3908,#3909);
#3071=LINE('',#3910,#3911);
#3072=CIRCLE('',#3912,12.2);
#3073=CIRCLE('',#3913,12.2);
#3074=VERTEX_POINT('',#3914);
#3075=CIRCLE('',#3915,11.81818181818);
#3076=CIRCLE('',#3916,11.81818181818);
#3077=VERTEX_POINT('',#3917);
#3078=CIRCLE('',#3918,50.0);
#3079=VERTEX_POINT('',#3919);
#3080=CIRCLE('',#3920,8.333333333333);
#3081=CIRCLE('',#3921,50.0);
#3082=CIRCLE('',#3922,11.81818181818);
#3083=CIRCLE('',#3923,8.333333333333);
#3084=VERTEX_POINT('',#3924);
#3085=CIRCLE('',#3925,0.2);
#3086=VERTEX_POINT('',#3926);
#3087=CIRCLE('',#3927,0.2);
#3088=CIRCLE('',#3928,8.1);
#3089=VERTEX_POINT('',#3929);
#3090=LINE('',#3930,#3931);
#3091=VERTEX_POINT('',#3932);
#3092=CIRCLE('',#3933,8.1);
#3093=LINE('',#3934,#3935);
#3094=CIRCLE('',#3936,8.1);
#3095=CIRCLE('',#3937,8.1);
#3096=VERTEX_POINT('',#3938);
#3097=VERTEX_POINT('',#3939);
#3098=CIRCLE('',#3940,6.8);
#3099=CIRCLE('',#3941,6.8);
#3100=LINE('',#3942,#3943);
#3101=LINE('',#3944,#3945);
#3102=CIRCLE('',#3946,12.2);
#3103=VERTEX_POINT('',#3947);
#3104=VERTEX_POINT('',#3948);
#3105=CIRCLE('',#3949,0.5);
#3106=VERTEX_POINT('',#3950);
#3107=CIRCLE('',#3951,7.95);
#3108=VERTEX_POINT('',#3952);
#3109=CIRCLE('',#3953,0.5);
#3110=CIRCLE('',#3954,7.449999967361);
#3111=VERTEX_POINT('',#3955);
#3112=VERTEX_POINT('',#3956);
#3113=CIRCLE('',#3957,0.5);
#3114=VERTEX_POINT('',#3958);
#3115=CIRCLE('',#3959,7.95);
#3116=VERTEX_POINT('',#3960);
#3117=CIRCLE('',#3961,0.5);
#3118=CIRCLE('',#3962,7.449999967361);
#3119=VERTEX_POINT('',#3963);
#3120=LINE('',#3964,#3965);
#3121=VERTEX_POINT('',#3966);
#3122=CIRCLE('',#3967,7.95);
#3123=LINE('',#3968,#3969);
#3124=CIRCLE('',#3970,7.95);
#3125=CIRCLE('',#3971,7.449999967361);
#3126=CIRCLE('',#3972,7.449999967361);
#3127=VERTEX_POINT('',#3973);
#3128=VERTEX_POINT('',#3974);
#3129=LINE('',#3975,#3976);
#3130=VERTEX_POINT('',#3977);
#3131=LINE('',#3978,#3979);
#3132=VERTEX_POINT('',#3980);
#3133=LINE('',#3981,#3982);
#3134=LINE('',#3983,#3984);
#3135=VERTEX_POINT('',#3985);
#3136=LINE('',#3986,#3987);
#3137=VERTEX_POINT('',#3988);
#3138=LINE('',#3989,#3990);
#3139=LINE('',#3991,#3992);
#3140=VERTEX_POINT('',#3993);
#3141=LINE('',#3994,#3995);
#3142=LINE('',#3996,#3997);
#3143=VERTEX_POINT('',#3998);
#3144=LINE('',#3999,#4000);
#3145=LINE('',#4001,#4002);
#3146=LINE('',#4003,#4004);
#3147=CIRCLE('',#4005,7.95);
#3148=CIRCLE('',#4006,7.95);
#3149=VERTEX_POINT('',#4007);
#3150=VERTEX_POINT('',#4008);
#3151=CIRCLE('',#4009,5.975);
#3152=CIRCLE('',#4010,5.975);
#3153=VERTEX_POINT('',#4011);
#3154=LINE('',#4012,#4013);
#3155=VERTEX_POINT('',#4014);
#3156=LINE('',#4015,#4016);
#3157=CIRCLE('',#4017,5.975);
#3158=CIRCLE('',#4018,5.975);
#3159=CARTESIAN_POINT('',(-10.3,-31.45,-2.184492107967E-14));
#3160=CARTESIAN_POINT('',(-10.3,-33.85,-1.998401444325E-14));
#3161=CARTESIAN_POINT('',(-10.3,-29.15,1.26134454443705E-15));
#3162=VECTOR('',#4019,1.0);
#3163=CARTESIAN_POINT('',(-10.19019136229,-33.85,1.499999999999));
#3164=AXIS2_PLACEMENT_3D('',#4020,#4021,#4022);
#3165=CARTESIAN_POINT('',(-10.19019136229,-31.45,1.499999999999));
#3166=CARTESIAN_POINT('',(-10.19019136229,-31.45,1.499999999999));
#3167=VECTOR('',#4023,2.4);
#3168=AXIS2_PLACEMENT_3D('',#4024,#4025,#4026);
#3169=CARTESIAN_POINT('',(8.644651525654,-37.4,-5.6));
#3170=CARTESIAN_POINT('',(8.644651525654,-39.4,-5.6));
#3171=CARTESIAN_POINT('',(8.644651525654,-37.4,-5.6));
#3172=VECTOR('',#4027,2.0);
#3173=CARTESIAN_POINT('',(9.215747392371,-37.4,-4.6));
#3174=AXIS2_PLACEMENT_3D('',#4028,#4029,#4030);
#3175=CARTESIAN_POINT('',(9.215747392371,-39.4,-4.6));
#3176=CARTESIAN_POINT('',(9.215747392371,-39.4,-4.6));
#3177=VECTOR('',#4031,2.0);
#3178=CARTESIAN_POINT('',(10.15024630243,-39.4,-1.75));
#3179=AXIS2_PLACEMENT_3D('',#4032,#4033,#4034);
#3180=CARTESIAN_POINT('',(10.15024630243,-35.9,-1.75));
#3181=CARTESIAN_POINT('',(10.15024630243,-35.9,-1.75));
#3182=VECTOR('',#4035,3.5);
#3183=CARTESIAN_POINT('',(6.362389488235,-35.9,-8.1));
#3184=AXIS2_PLACEMENT_3D('',#4036,#4037,#4038);
#3185=CARTESIAN_POINT('',(6.362389488235,-39.4,-8.1));
#3186=CARTESIAN_POINT('',(6.362389488235,-39.4,-8.1));
#3187=VECTOR('',#4039,3.5);
#3188=AXIS2_PLACEMENT_3D('',#4040,#4041,#4042);
#3189=CARTESIAN_POINT('',(-7.059745037889,-34.4,-7.5));
#3190=CARTESIAN_POINT('',(-7.059745037889,-31.4,-7.5));
#3191=CARTESIAN_POINT('',(-7.059745037889,-34.4,-7.5));
#3192=VECTOR('',#4043,3.0);
#3193=CARTESIAN_POINT('',(-2.96395,-34.4,-9.864329698337));
#3194=AXIS2_PLACEMENT_3D('',#4044,#4045,#4046);
#3195=CARTESIAN_POINT('',(-2.96395,-31.4,-9.864329698337));
#3196=CARTESIAN_POINT('',(-2.96395,-31.4,-9.864329698337));
#3197=VECTOR('',#4047,3.0);
#3198=AXIS2_PLACEMENT_3D('',#4048,#4049,#4050);
#3199=CARTESIAN_POINT('',(2.96395,-34.4,-9.864329698337));
#3200=CARTESIAN_POINT('',(2.96395,-31.4,-9.864329698337));
#3201=CARTESIAN_POINT('',(2.96395,-34.4,-9.864329698337));
#3202=VECTOR('',#4051,3.0);
#3203=CARTESIAN_POINT('',(7.059745037889,-34.4,-7.5));
#3204=AXIS2_PLACEMENT_3D('',#4052,#4053,#4054);
#3205=CARTESIAN_POINT('',(7.059745037889,-31.4,-7.5));
#3206=CARTESIAN_POINT('',(7.059745037889,-31.4,-7.5));
#3207=VECTOR('',#4055,3.0);
#3208=AXIS2_PLACEMENT_3D('',#4056,#4057,#4058);
#3209=CARTESIAN_POINT('',(-6.362389488235,-35.9,-8.1));
#3210=CARTESIAN_POINT('',(-6.362389488235,-39.4,-8.1));
#3211=CARTESIAN_POINT('',(-6.362389488235,-35.9,-8.1));
#3212=VECTOR('',#4059,3.5);
#3213=CARTESIAN_POINT('',(-10.15024630243,-35.9,-1.75));
#3214=AXIS2_PLACEMENT_3D('',#4060,#4061,#4062);
#3215=CARTESIAN_POINT('',(-10.15024630243,-39.4,-1.75));
#3216=CARTESIAN_POINT('',(-10.15024630243,-39.4,-1.75));
#3217=VECTOR('',#4063,3.5);
#3218=CARTESIAN_POINT('',(-9.215747392371,-39.4,-4.6));
#3219=AXIS2_PLACEMENT_3D('',#4064,#4065,#4066);
#3220=CARTESIAN_POINT('',(-9.215747392371,-37.4,-4.6));
#3221=CARTESIAN_POINT('',(-9.215747392371,-37.4,-4.6));
#3222=VECTOR('',#4067,2.0);
#3223=CARTESIAN_POINT('',(-8.644651525654,-37.4,-5.6));
#3224=AXIS2_PLACEMENT_3D('',#4068,#4069,#4070);
#3225=CARTESIAN_POINT('',(-8.644651525654,-39.4,-5.6));
#3226=CARTESIAN_POINT('',(-8.644651525654,-39.4,-5.6));
#3227=VECTOR('',#4071,2.0);
#3228=AXIS2_PLACEMENT_3D('',#4072,#4073,#4074);
#3229=CARTESIAN_POINT('',(10.3,-33.85,0.0));
#3230=CARTESIAN_POINT('',(10.3,-31.45,0.0));
#3231=CARTESIAN_POINT('',(10.3,-29.15,-1.26134454443705E-15));
#3232=VECTOR('',#4075,1.0);
#3233=CARTESIAN_POINT('',(10.3,-43.5,0.0));
#3234=CARTESIAN_POINT('',(10.3,-33.85,0.0));
#3235=VECTOR('',#4076,9.65);
#3236=CARTESIAN_POINT('',(-10.3,-43.5,-1.282899515564E-14));
#3237=AXIS2_PLACEMENT_3D('',#4077,#4078,#4079);
#3238=CARTESIAN_POINT('',(-10.3,-43.5,-1.282899515564E-14));
#3239=VECTOR('',#4080,9.65);
#3240=CARTESIAN_POINT('',(-10.3,-14.8,-2.41319805104E-14));
#3241=CARTESIAN_POINT('',(-10.3,-14.8,-1.269668335676E-14));
#3242=VECTOR('',#4081,16.65);
#3243=CARTESIAN_POINT('',(10.3,-14.8,0.0));
#3244=AXIS2_PLACEMENT_3D('',#4082,#4083,#4084);
#3245=CARTESIAN_POINT('',(10.3,-14.8,0.0));
#3246=VECTOR('',#4085,16.65);
#3247=CARTESIAN_POINT('',(-7.05,-39.4,-3.65));
#3248=CARTESIAN_POINT('',(-7.05,-35.9,-3.65));
#3249=CARTESIAN_POINT('',(-7.05,-35.9,-3.65));
#3250=VECTOR('',#4086,1.0);
#3251=CARTESIAN_POINT('',(-6.340890230021,-39.4,-1.75));
#3252=AXIS2_PLACEMENT_3D('',#4087,#4088,#4089);
#3253=CARTESIAN_POINT('',(-6.340890230021,-35.9,-1.75));
#3254=CARTESIAN_POINT('',(-6.340890230021,-35.9,-1.75));
#3255=VECTOR('',#4090,3.5);
#3256=AXIS2_PLACEMENT_3D('',#4091,#4092,#4093);
#3257=CARTESIAN_POINT('',(-1.25,-35.9,-3.65));
#3258=CARTESIAN_POINT('',(-1.25,-39.4,-3.65));
#3259=CARTESIAN_POINT('',(-1.25,-35.9,-3.65));
#3260=VECTOR('',#4094,1.0);
#3261=CARTESIAN_POINT('',(-1.959109769979,-35.9,-1.75));
#3262=AXIS2_PLACEMENT_3D('',#4095,#4096,#4097);
#3263=CARTESIAN_POINT('',(-1.959109769979,-39.4,-1.75));
#3264=CARTESIAN_POINT('',(-1.959109769979,-39.4,-1.75));
#3265=VECTOR('',#4098,3.5);
#3266=AXIS2_PLACEMENT_3D('',#4099,#4100,#4101);
#3267=CARTESIAN_POINT('',(1.25,-39.4,-3.65));
#3268=CARTESIAN_POINT('',(1.25,-35.9,-3.65));
#3269=CARTESIAN_POINT('',(1.25,-35.9,-3.65));
#3270=VECTOR('',#4102,1.0);
#3271=CARTESIAN_POINT('',(1.959109769979,-39.4,-1.75));
#3272=AXIS2_PLACEMENT_3D('',#4103,#4104,#4105);
#3273=CARTESIAN_POINT('',(1.959109769979,-35.9,-1.75));
#3274=CARTESIAN_POINT('',(1.959109769979,-35.9,-1.75));
#3275=VECTOR('',#4106,3.5);
#3276=AXIS2_PLACEMENT_3D('',#4107,#4108,#4109);
#3277=CARTESIAN_POINT('',(7.05,-35.9,-3.65));
#3278=CARTESIAN_POINT('',(7.05,-39.4,-3.65));
#3279=CARTESIAN_POINT('',(7.05,-35.9,-3.65));
#3280=VECTOR('',#4110,1.0);
#3281=CARTESIAN_POINT('',(6.340890230021,-35.9,-1.75));
#3282=AXIS2_PLACEMENT_3D('',#4111,#4112,#4113);
#3283=CARTESIAN_POINT('',(6.340890230021,-39.4,-1.75));
#3284=CARTESIAN_POINT('',(6.340890230021,-39.4,-1.75));
#3285=VECTOR('',#4114,3.5);
#3286=AXIS2_PLACEMENT_3D('',#4115,#4116,#4117);
#3287=CARTESIAN_POINT('',(1.25,-39.4,3.65));
#3288=CARTESIAN_POINT('',(1.25,-35.9,3.65));
#3289=CARTESIAN_POINT('',(1.25,-35.9,3.65));
#3290=VECTOR('',#4118,1.0);
#3291=CARTESIAN_POINT('',(1.959109769979,-35.9,1.75));
#3292=AXIS2_PLACEMENT_3D('',#4119,#4120,#4121);
#3293=CARTESIAN_POINT('',(1.959109769979,-39.4,1.75));
#3294=CARTESIAN_POINT('',(1.959109769979,-39.4,1.75));
#3295=VECTOR('',#4122,3.5);
#3296=AXIS2_PLACEMENT_3D('',#4123,#4124,#4125);
#3297=CARTESIAN_POINT('',(7.05,-35.9,3.65));
#3298=CARTESIAN_POINT('',(7.05,-39.4,3.65));
#3299=CARTESIAN_POINT('',(7.05,-35.9,3.65));
#3300=VECTOR('',#4126,1.0);
#3301=AXIS2_PLACEMENT_3D('',#4127,#4128,#4129);
#3302=CARTESIAN_POINT('',(1.410018248236,-39.4,4.6));
#3303=AXIS2_PLACEMENT_3D('',#4130,#4131,#4132);
#3304=CARTESIAN_POINT('',(1.410018248236,-37.4,4.6));
#3305=CARTESIAN_POINT('',(1.410018248236,-37.4,4.6));
#3306=VECTOR('',#4133,2.0);
#3307=CARTESIAN_POINT('',(2.003491206633,-37.4,5.6));
#3308=AXIS2_PLACEMENT_3D('',#4134,#4135,#4136);
#3309=CARTESIAN_POINT('',(2.003491206633,-39.4,5.6));
#3310=CARTESIAN_POINT('',(2.003491206633,-39.4,5.6));
#3311=VECTOR('',#4137,2.0);
#3312=CARTESIAN_POINT('',(6.296508793367,-39.4,5.6));
#3313=AXIS2_PLACEMENT_3D('',#4138,#4139,#4140);
#3314=CARTESIAN_POINT('',(6.296508793367,-37.4,5.6));
#3315=CARTESIAN_POINT('',(6.296508793367,-37.4,5.6));
#3316=VECTOR('',#4141,2.0);
#3317=CARTESIAN_POINT('',(6.889981751764,-37.4,4.6));
#3318=AXIS2_PLACEMENT_3D('',#4142,#4143,#4144);
#3319=CARTESIAN_POINT('',(6.889981751764,-39.4,4.6));
#3320=CARTESIAN_POINT('',(6.889981751764,-39.4,4.6));
#3321=VECTOR('',#4145,2.0);
#3322=AXIS2_PLACEMENT_3D('',#4146,#4147,#4148);
#3323=CARTESIAN_POINT('',(-7.05,-39.4,3.65));
#3324=CARTESIAN_POINT('',(-7.05,-35.9,3.65));
#3325=CARTESIAN_POINT('',(-7.05,-35.9,3.65));
#3326=VECTOR('',#4149,1.0);
#3327=CARTESIAN_POINT('',(-6.340890230021,-35.9,1.75));
#3328=AXIS2_PLACEMENT_3D('',#4150,#4151,#4152);
#3329=CARTESIAN_POINT('',(-6.340890230021,-39.4,1.75));
#3330=CARTESIAN_POINT('',(-6.340890230021,-39.4,1.75));
#3331=VECTOR('',#4153,3.5);
#3332=AXIS2_PLACEMENT_3D('',#4154,#4155,#4156);
#3333=CARTESIAN_POINT('',(-1.25,-35.9,3.65));
#3334=CARTESIAN_POINT('',(-1.25,-39.4,3.65));
#3335=CARTESIAN_POINT('',(-1.25,-35.9,3.65));
#3336=VECTOR('',#4157,1.0);
#3337=AXIS2_PLACEMENT_3D('',#4158,#4159,#4160);
#3338=CARTESIAN_POINT('',(-6.889981751764,-39.4,4.6));
#3339=AXIS2_PLACEMENT_3D('',#4161,#4162,#4163);
#3340=CARTESIAN_POINT('',(-6.889981751764,-37.4,4.6));
#3341=CARTESIAN_POINT('',(-6.889981751764,-37.4,4.6));
#3342=VECTOR('',#4164,2.0);
#3343=CARTESIAN_POINT('',(-6.296508793367,-37.4,5.6));
#3344=AXIS2_PLACEMENT_3D('',#4165,#4166,#4167);
#3345=CARTESIAN_POINT('',(-6.296508793367,-39.4,5.6));
#3346=CARTESIAN_POINT('',(-6.296508793367,-39.4,5.6));
#3347=VECTOR('',#4168,2.0);
#3348=CARTESIAN_POINT('',(-2.003491206633,-39.4,5.6));
#3349=AXIS2_PLACEMENT_3D('',#4169,#4170,#4171);
#3350=CARTESIAN_POINT('',(-2.003491206633,-37.4,5.6));
#3351=CARTESIAN_POINT('',(-2.003491206633,-37.4,5.6));
#3352=VECTOR('',#4172,2.0);
#3353=CARTESIAN_POINT('',(-1.410018248236,-37.4,4.6));
#3354=AXIS2_PLACEMENT_3D('',#4173,#4174,#4175);
#3355=CARTESIAN_POINT('',(-1.410018248236,-39.4,4.6));
#3356=CARTESIAN_POINT('',(-1.410018248236,-39.4,4.6));
#3357=VECTOR('',#4176,2.0);
#3358=AXIS2_PLACEMENT_3D('',#4177,#4178,#4179);
#3359=CARTESIAN_POINT('',(-1.74506405419689E-15,7.0,14.25));
#3360=CARTESIAN_POINT('',(-1.58586522819998E-15,7.4,12.95));
#3361=CARTESIAN_POINT('',(-1.66546464119476E-15,7.20000000001,13.59999999997));
#3362=VECTOR('',#4180,1.0);
#3363=CARTESIAN_POINT('',(14.25,7.0,1.61467858583E-14));
#3364=AXIS2_PLACEMENT_3D('',#4181,#4182,#4183);
#3365=CARTESIAN_POINT('',(12.95,7.4,0.0));
#3366=CARTESIAN_POINT('',(14.24999999997,7.000000000011,8.033777390009E-11));
#3367=VECTOR('',#4184,1.360147050881);
#3368=AXIS2_PLACEMENT_3D('',#4185,#4186,#4187);
#3369=CARTESIAN_POINT('',(4.066571569501E-14,7.4,-12.95));
#3370=CARTESIAN_POINT('',(4.08249145210069E-14,7.0,-14.25));
#3371=CARTESIAN_POINT('',(4.07453151080047E-14,7.20000000001,-13.59999999997));
#3372=VECTOR('',#4188,1.0);
#3373=AXIS2_PLACEMENT_3D('',#4189,#4190,#4191);
#3374=AXIS2_PLACEMENT_3D('',#4192,#4193,#4194);
#3375=CARTESIAN_POINT('',(-12.95,7.4,-2.420471910188E-14));
#3376=AXIS2_PLACEMENT_3D('',#4195,#4196,#4197);
#3377=AXIS2_PLACEMENT_3D('',#4198,#4199,#4200);
#3378=CARTESIAN_POINT('',(-14.25,7.0,-3.33864778906E-14));
#3379=AXIS2_PLACEMENT_3D('',#4201,#4202,#4203);
#3380=CARTESIAN_POINT('',(-14.24999999997,7.000000000011,-8.035911496116E-11));
#3381=VECTOR('',#4204,1.360147050881);
#3382=AXIS2_PLACEMENT_3D('',#4205,#4206,#4207);
#3383=CARTESIAN_POINT('',(14.25,-2.060573933704E-13,0.0));
#3384=CARTESIAN_POINT('',(14.25,-9.947598300641E-14,0.0));
#3385=VECTOR('',#4208,7.000000000011);
#3386=CARTESIAN_POINT('',(-14.25,-2.060573933704E-13,0.0));
#3387=AXIS2_PLACEMENT_3D('',#4209,#4210,#4211);
#3388=CARTESIAN_POINT('',(-14.24999999997,7.000000000011,-8.035911496116E-11));
#3389=VECTOR('',#4212,7.000000000011);
#3390=AXIS2_PLACEMENT_3D('',#4213,#4214,#4215);
#3391=CARTESIAN_POINT('',(0.0,0.0,-13.6));
#3392=CARTESIAN_POINT('',(0.0,0.0,13.6));
#3393=AXIS2_PLACEMENT_3D('',#4216,#4217,#4218);
#3394=AXIS2_PLACEMENT_3D('',#4219,#4220,#4221);
#3395=CARTESIAN_POINT('',(0.0,-1.0,-13.6));
#3396=CARTESIAN_POINT('',(0.0,-1.0,-13.6));
#3397=VECTOR('',#4222,1.0);
#3398=CARTESIAN_POINT('',(0.0,-1.0,13.6));
#3399=AXIS2_PLACEMENT_3D('',#4223,#4224,#4225);
#3400=CARTESIAN_POINT('',(0.0,-1.0,13.6));
#3401=VECTOR('',#4226,1.0);
#3402=AXIS2_PLACEMENT_3D('',#4227,#4228,#4229);
#3403=CARTESIAN_POINT('',(0.0,-1.0,10.9));
#3404=CARTESIAN_POINT('',(0.0,-1.0,-10.9));
#3405=AXIS2_PLACEMENT_3D('',#4230,#4231,#4232);
#3406=AXIS2_PLACEMENT_3D('',#4233,#4234,#4235);
#3407=CARTESIAN_POINT('',(0.0,-4.2,10.9));
#3408=CARTESIAN_POINT('',(0.0,-4.2,10.9));
#3409=VECTOR('',#4236,3.2);
#3410=CARTESIAN_POINT('',(0.0,-4.2,-10.9));
#3411=AXIS2_PLACEMENT_3D('',#4237,#4238,#4239);
#3412=CARTESIAN_POINT('',(0.0,-4.2,-10.9));
#3413=VECTOR('',#4240,3.2);
#3414=AXIS2_PLACEMENT_3D('',#4241,#4242,#4243);
#3415=CARTESIAN_POINT('',(10.5,-4.2,0.0));
#3416=CARTESIAN_POINT('',(-10.5,-4.2,0.0));
#3417=AXIS2_PLACEMENT_3D('',#4244,#4245,#4246);
#3418=AXIS2_PLACEMENT_3D('',#4247,#4248,#4249);
#3419=CARTESIAN_POINT('',(10.5,-4.6,0.0));
#3420=CARTESIAN_POINT('',(10.5,-4.2,0.0));
#3421=VECTOR('',#4250,0.4);
#3422=CARTESIAN_POINT('',(-10.5,-4.6,0.0));
#3423=AXIS2_PLACEMENT_3D('',#4251,#4252,#4253);
#3424=CARTESIAN_POINT('',(-10.5,-4.2,0.0));
#3425=VECTOR('',#4254,0.4);
#3426=AXIS2_PLACEMENT_3D('',#4255,#4256,#4257);
#3427=CARTESIAN_POINT('',(-1.0,-39.4,1.75));
#3428=CARTESIAN_POINT('',(-1.959109769979,-39.4,1.75));
#3429=CARTESIAN_POINT('',(-1.0,-39.4,1.75));
#3430=VECTOR('',#4258,0.9591097699792);
#3431=AXIS2_PLACEMENT_3D('',#4259,#4260,#4261);
#3432=CARTESIAN_POINT('',(-1.0,-39.4,4.6));
#3433=CARTESIAN_POINT('',(-1.0,-39.4,4.6));
#3434=VECTOR('',#4262,0.410018248236);
#3435=CARTESIAN_POINT('',(-1.0,-39.4,1.75));
#3436=VECTOR('',#4263,2.85);
#3437=CARTESIAN_POINT('',(-1.0,-37.4,4.6));
#3438=CARTESIAN_POINT('',(-1.0,-37.4,4.6));
#3439=VECTOR('',#4264,0.410018248236);
#3440=CARTESIAN_POINT('',(-1.0,-39.4,4.6));
#3441=VECTOR('',#4265,2.0);
#3442=CARTESIAN_POINT('',(-1.0,-37.4,5.6));
#3443=CARTESIAN_POINT('',(-1.0,-37.4,5.6));
#3444=VECTOR('',#4266,1.003491206633);
#3445=CARTESIAN_POINT('',(-1.0,-37.4,4.6));
#3446=VECTOR('',#4267,1.0);
#3447=CARTESIAN_POINT('',(1.0,-37.4,5.6));
#3448=CARTESIAN_POINT('',(2.003491206633,-37.4,5.6));
#3449=VECTOR('',#4268,1.003491206633);
#3450=CARTESIAN_POINT('',(1.0,-37.4,4.6));
#3451=CARTESIAN_POINT('',(1.410018248236,-37.4,4.6));
#3452=VECTOR('',#4269,0.410018248236);
#3453=CARTESIAN_POINT('',(1.0,-37.4,4.6));
#3454=VECTOR('',#4270,1.0);
#3455=CARTESIAN_POINT('',(1.0,-39.4,4.6));
#3456=CARTESIAN_POINT('',(1.410018248236,-39.4,4.6));
#3457=VECTOR('',#4271,0.410018248236);
#3458=CARTESIAN_POINT('',(1.0,-39.4,4.6));
#3459=VECTOR('',#4272,2.0);
#3460=CARTESIAN_POINT('',(1.0,-39.4,1.75));
#3461=CARTESIAN_POINT('',(1.959109769979,-39.4,1.75));
#3462=VECTOR('',#4273,0.9591097699792);
#3463=CARTESIAN_POINT('',(1.0,-39.4,1.75));
#3464=VECTOR('',#4274,2.85);
#3465=CARTESIAN_POINT('',(1.0,-39.4,-1.75));
#3466=CARTESIAN_POINT('',(1.959109769979,-39.4,-1.75));
#3467=VECTOR('',#4275,0.9591097699792);
#3468=CARTESIAN_POINT('',(1.410018248236,-39.4,-4.6));
#3469=AXIS2_PLACEMENT_3D('',#4276,#4277,#4278);
#3470=CARTESIAN_POINT('',(1.0,-39.4,-4.6));
#3471=CARTESIAN_POINT('',(1.410018248236,-39.4,-4.6));
#3472=VECTOR('',#4279,0.410018248236);
#3473=CARTESIAN_POINT('',(1.0,-39.4,-4.6));
#3474=VECTOR('',#4280,2.85);
#3475=CARTESIAN_POINT('',(1.410018248236,-37.4,-4.6));
#3476=CARTESIAN_POINT('',(1.410018248236,-39.4,-4.6));
#3477=VECTOR('',#4281,2.0);
#3478=CARTESIAN_POINT('',(1.0,-37.4,-4.6));
#3479=CARTESIAN_POINT('',(1.410018248236,-37.4,-4.6));
#3480=VECTOR('',#4282,0.410018248236);
#3481=CARTESIAN_POINT('',(1.0,-37.4,-4.6));
#3482=VECTOR('',#4283,2.0);
#3483=CARTESIAN_POINT('',(2.003491206633,-37.4,-5.6));
#3484=AXIS2_PLACEMENT_3D('',#4284,#4285,#4286);
#3485=CARTESIAN_POINT('',(1.0,-37.4,-5.6));
#3486=CARTESIAN_POINT('',(2.003491206633,-37.4,-5.6));
#3487=VECTOR('',#4287,1.003491206633);
#3488=CARTESIAN_POINT('',(1.0,-37.4,-5.6));
#3489=VECTOR('',#4288,1.0);
#3490=CARTESIAN_POINT('',(-1.0,-39.4,-4.6));
#3491=CARTESIAN_POINT('',(-1.410018248236,-39.4,-4.6));
#3492=CARTESIAN_POINT('',(-1.0,-39.4,-4.6));
#3493=VECTOR('',#4289,0.410018248236);
#3494=AXIS2_PLACEMENT_3D('',#4290,#4291,#4292);
#3495=CARTESIAN_POINT('',(-1.0,-39.4,-1.75));
#3496=CARTESIAN_POINT('',(-1.0,-39.4,-1.75));
#3497=VECTOR('',#4293,0.9591097699792);
#3498=CARTESIAN_POINT('',(-1.0,-39.4,-4.6));
#3499=VECTOR('',#4294,2.85);
#3500=CARTESIAN_POINT('',(-1.0,-37.4,-4.6));
#3501=CARTESIAN_POINT('',(-1.410018248236,-37.4,-4.6));
#3502=CARTESIAN_POINT('',(-1.0,-37.4,-4.6));
#3503=VECTOR('',#4295,0.410018248236);
#3504=CARTESIAN_POINT('',(-1.410018248236,-37.4,-4.6));
#3505=VECTOR('',#4296,2.0);
#3506=CARTESIAN_POINT('',(-1.0,-37.4,-4.6));
#3507=VECTOR('',#4297,2.0);
#3508=CARTESIAN_POINT('',(-1.0,-37.4,-5.6));
#3509=CARTESIAN_POINT('',(-2.003491206633,-37.4,-5.6));
#3510=CARTESIAN_POINT('',(-1.0,-37.4,-5.6));
#3511=VECTOR('',#4298,1.003491206633);
#3512=AXIS2_PLACEMENT_3D('',#4299,#4300,#4301);
#3513=CARTESIAN_POINT('',(-1.0,-37.4,-5.6));
#3514=VECTOR('',#4302,1.0);
#3515=CARTESIAN_POINT('',(-11.1,-4.6,0.0));
#3516=CARTESIAN_POINT('',(11.1,-4.6,0.0));
#3517=AXIS2_PLACEMENT_3D('',#4303,#4304,#4305);
#3518=AXIS2_PLACEMENT_3D('',#4306,#4307,#4308);
#3519=CARTESIAN_POINT('',(-1.0,-39.4,5.6));
#3520=CARTESIAN_POINT('',(-1.0,-39.4,5.6));
#3521=VECTOR('',#4309,1.003491206633);
#3522=CARTESIAN_POINT('',(-1.0,-37.4,5.6));
#3523=VECTOR('',#4310,2.0);
#3524=CARTESIAN_POINT('',(-1.0,-39.4,8.1));
#3525=CARTESIAN_POINT('',(-1.0,-39.4,5.6));
#3526=VECTOR('',#4311,2.5);
#3527=CARTESIAN_POINT('',(-1.0,-35.9,8.1));
#3528=CARTESIAN_POINT('',(-1.0,-39.4,8.1));
#3529=VECTOR('',#4312,3.5);
#3530=CARTESIAN_POINT('',(-1.0,-35.9,1.75));
#3531=CARTESIAN_POINT('',(-1.0,-35.9,8.1));
#3532=VECTOR('',#4313,6.35);
#3533=CARTESIAN_POINT('',(-1.0,-35.9,1.75));
#3534=VECTOR('',#4314,3.5);
#3535=CARTESIAN_POINT('',(-1.959109769979,-35.9,1.75));
#3536=CARTESIAN_POINT('',(-1.0,-35.9,1.75));
#3537=VECTOR('',#4315,0.9591097699792);
#3538=CARTESIAN_POINT('',(-1.959109769979,-35.9,1.75));
#3539=VECTOR('',#4316,3.5);
#3540=AXIS2_PLACEMENT_3D('',#4317,#4318,#4319);
#3541=CARTESIAN_POINT('',(1.0,-35.9,1.75));
#3542=CARTESIAN_POINT('',(1.959109769979,-35.9,1.75));
#3543=VECTOR('',#4320,0.9591097699792);
#3544=CARTESIAN_POINT('',(1.0,-35.9,1.75));
#3545=VECTOR('',#4321,3.5);
#3546=CARTESIAN_POINT('',(1.0,-35.9,8.1));
#3547=CARTESIAN_POINT('',(1.0,-35.9,8.1));
#3548=VECTOR('',#4322,6.35);
#3549=CARTESIAN_POINT('',(1.0,-39.4,8.1));
#3550=CARTESIAN_POINT('',(1.0,-39.4,8.1));
#3551=VECTOR('',#4323,3.5);
#3552=CARTESIAN_POINT('',(1.0,-39.4,5.6));
#3553=CARTESIAN_POINT('',(1.0,-39.4,5.6));
#3554=VECTOR('',#4324,2.5);
#3555=CARTESIAN_POINT('',(1.0,-37.4,5.6));
#3556=VECTOR('',#4325,2.0);
#3557=CARTESIAN_POINT('',(2.003491206633,-39.4,5.6));
#3558=VECTOR('',#4326,1.003491206633);
#3559=CARTESIAN_POINT('',(6.340890230021,-39.4,1.75));
#3560=AXIS2_PLACEMENT_3D('',#4327,#4328,#4329);
#3561=CARTESIAN_POINT('',(6.340890230021,-35.9,1.75));
#3562=CARTESIAN_POINT('',(6.340890230021,-35.9,1.75));
#3563=VECTOR('',#4330,3.5);
#3564=AXIS2_PLACEMENT_3D('',#4331,#4332,#4333);
#3565=CARTESIAN_POINT('',(-11.1,-14.0,0.0));
#3566=CARTESIAN_POINT('',(-11.1,-4.6,0.0));
#3567=VECTOR('',#4334,9.4);
#3568=CARTESIAN_POINT('',(11.1,-14.0,0.0));
#3569=AXIS2_PLACEMENT_3D('',#4335,#4336,#4337);
#3570=CARTESIAN_POINT('',(11.1,-4.6,0.0));
#3571=VECTOR('',#4338,9.4);
#3572=CARTESIAN_POINT('',(7.05,-39.4,-3.65));
#3573=CARTESIAN_POINT('',(1.25,-39.4,-3.65));
#3574=AXIS2_PLACEMENT_3D('',#4339,#4340,#4341);
#3575=AXIS2_PLACEMENT_3D('',#4342,#4343,#4344);
#3576=CARTESIAN_POINT('',(-1.25,-39.4,-3.65));
#3577=CARTESIAN_POINT('',(-7.05,-39.4,-3.65));
#3578=AXIS2_PLACEMENT_3D('',#4345,#4346,#4347);
#3579=AXIS2_PLACEMENT_3D('',#4348,#4349,#4350);
#3580=CARTESIAN_POINT('',(-1.25,-39.4,3.65));
#3581=CARTESIAN_POINT('',(-7.05,-39.4,3.65));
#3582=AXIS2_PLACEMENT_3D('',#4351,#4352,#4353);
#3583=AXIS2_PLACEMENT_3D('',#4354,#4355,#4356);
#3584=CARTESIAN_POINT('',(7.05,-39.4,3.65));
#3585=CARTESIAN_POINT('',(1.25,-39.4,3.65));
#3586=AXIS2_PLACEMENT_3D('',#4357,#4358,#4359);
#3587=AXIS2_PLACEMENT_3D('',#4360,#4361,#4362);
#3588=CARTESIAN_POINT('',(2.003491206633,-39.4,-5.6));
#3589=CARTESIAN_POINT('',(2.003491206633,-37.4,-5.6));
#3590=VECTOR('',#4363,2.0);
#3591=CARTESIAN_POINT('',(1.0,-39.4,-5.6));
#3592=CARTESIAN_POINT('',(2.003491206633,-39.4,-5.6));
#3593=VECTOR('',#4364,1.003491206633);
#3594=CARTESIAN_POINT('',(1.0,-39.4,-5.6));
#3595=VECTOR('',#4365,2.0);
#3596=CARTESIAN_POINT('',(1.0,-39.4,-8.1));
#3597=CARTESIAN_POINT('',(1.0,-39.4,-8.1));
#3598=VECTOR('',#4366,2.5);
#3599=CARTESIAN_POINT('',(1.0,-35.9,-8.1));
#3600=CARTESIAN_POINT('',(1.0,-35.9,-8.1));
#3601=VECTOR('',#4367,3.5);
#3602=CARTESIAN_POINT('',(1.0,-35.9,-1.75));
#3603=CARTESIAN_POINT('',(1.0,-35.9,-1.75));
#3604=VECTOR('',#4368,6.35);
#3605=CARTESIAN_POINT('',(1.0,-39.4,-1.75));
#3606=VECTOR('',#4369,3.5);
#3607=CARTESIAN_POINT('',(1.959109769979,-35.9,-1.75));
#3608=VECTOR('',#4370,0.9591097699792);
#3609=CARTESIAN_POINT('',(6.889981751764,-39.4,-4.6));
#3610=AXIS2_PLACEMENT_3D('',#4371,#4372,#4373);
#3611=CARTESIAN_POINT('',(6.889981751764,-37.4,-4.6));
#3612=CARTESIAN_POINT('',(6.889981751764,-37.4,-4.6));
#3613=VECTOR('',#4374,2.0);
#3614=CARTESIAN_POINT('',(6.296508793367,-37.4,-5.6));
#3615=AXIS2_PLACEMENT_3D('',#4375,#4376,#4377);
#3616=CARTESIAN_POINT('',(6.296508793367,-39.4,-5.6));
#3617=CARTESIAN_POINT('',(6.296508793367,-39.4,-5.6));
#3618=VECTOR('',#4378,2.0);
#3619=AXIS2_PLACEMENT_3D('',#4379,#4380,#4381);
#3620=AXIS2_PLACEMENT_3D('',#4382,#4383,#4384);
#3621=CARTESIAN_POINT('',(-1.0,-39.4,-5.6));
#3622=CARTESIAN_POINT('',(-2.003491206633,-39.4,-5.6));
#3623=CARTESIAN_POINT('',(-1.0,-39.4,-5.6));
#3624=VECTOR('',#4385,1.003491206633);
#3625=CARTESIAN_POINT('',(-2.003491206633,-39.4,-5.6));
#3626=VECTOR('',#4386,2.0);
#3627=CARTESIAN_POINT('',(-1.0,-39.4,-5.6));
#3628=VECTOR('',#4387,2.0);
#3629=CARTESIAN_POINT('',(-6.296508793367,-39.4,-5.6));
#3630=AXIS2_PLACEMENT_3D('',#4388,#4389,#4390);
#3631=CARTESIAN_POINT('',(-6.296508793367,-37.4,-5.6));
#3632=CARTESIAN_POINT('',(-6.296508793367,-37.4,-5.6));
#3633=VECTOR('',#4391,2.0);
#3634=CARTESIAN_POINT('',(-6.889981751764,-37.4,-4.6));
#3635=AXIS2_PLACEMENT_3D('',#4392,#4393,#4394);
#3636=CARTESIAN_POINT('',(-6.889981751764,-39.4,-4.6));
#3637=CARTESIAN_POINT('',(-6.889981751764,-39.4,-4.6));
#3638=VECTOR('',#4395,2.0);
#3639=AXIS2_PLACEMENT_3D('',#4396,#4397,#4398);
#3640=AXIS2_PLACEMENT_3D('',#4399,#4400,#4401);
#3641=CARTESIAN_POINT('',(-1.0,-35.9,-1.75));
#3642=CARTESIAN_POINT('',(-1.0,-35.9,-1.75));
#3643=VECTOR('',#4402,0.9591097699792);
#3644=CARTESIAN_POINT('',(-1.0,-39.4,-1.75));
#3645=VECTOR('',#4403,3.5);
#3646=CARTESIAN_POINT('',(-1.0,-35.9,-8.1));
#3647=CARTESIAN_POINT('',(-1.0,-35.9,-1.75));
#3648=VECTOR('',#4404,6.35);
#3649=CARTESIAN_POINT('',(-1.0,-39.4,-8.1));
#3650=CARTESIAN_POINT('',(-1.0,-35.9,-8.1));
#3651=VECTOR('',#4405,3.5);
#3652=CARTESIAN_POINT('',(-1.0,-39.4,-8.1));
#3653=VECTOR('',#4406,2.5);
#3654=AXIS2_PLACEMENT_3D('',#4407,#4408,#4409);
#3655=CARTESIAN_POINT('',(-8.644651525654,-37.4,5.6));
#3656=CARTESIAN_POINT('',(-6.296508793367,-37.4,5.6));
#3657=VECTOR('',#4410,2.348142732287);
#3658=CARTESIAN_POINT('',(-8.644651525654,-39.4,5.6));
#3659=CARTESIAN_POINT('',(-8.644651525654,-37.4,5.6));
#3660=VECTOR('',#4411,2.0);
#3661=CARTESIAN_POINT('',(-6.296508793367,-39.4,5.6));
#3662=VECTOR('',#4412,2.348142732287);
#3663=CARTESIAN_POINT('',(-6.362389488235,-39.4,8.1));
#3664=AXIS2_PLACEMENT_3D('',#4413,#4414,#4415);
#3665=CARTESIAN_POINT('',(-1.0,-39.4,8.1));
#3666=VECTOR('',#4416,5.362389488235);
#3667=CARTESIAN_POINT('',(-6.362389488235,-35.9,8.1));
#3668=CARTESIAN_POINT('',(-6.362389488235,-39.4,8.1));
#3669=VECTOR('',#4417,3.5);
#3670=CARTESIAN_POINT('',(-1.0,-35.9,8.1));
#3671=VECTOR('',#4418,5.362389488235);
#3672=CARTESIAN_POINT('',(-10.15024630243,-35.9,1.75));
#3673=AXIS2_PLACEMENT_3D('',#4419,#4420,#4421);
#3674=CARTESIAN_POINT('',(-6.340890230021,-35.9,1.75));
#3675=VECTOR('',#4422,3.809356072409);
#3676=CARTESIAN_POINT('',(-10.15024630243,-39.4,1.75));
#3677=CARTESIAN_POINT('',(-10.15024630243,-35.9,1.75));
#3678=VECTOR('',#4423,3.5);
#3679=CARTESIAN_POINT('',(-6.340890230021,-39.4,1.75));
#3680=VECTOR('',#4424,3.809356072409);
#3681=CARTESIAN_POINT('',(-9.215747392371,-39.4,4.6));
#3682=AXIS2_PLACEMENT_3D('',#4425,#4426,#4427);
#3683=CARTESIAN_POINT('',(-6.889981751764,-39.4,4.6));
#3684=VECTOR('',#4428,2.325765640607);
#3685=CARTESIAN_POINT('',(-9.215747392371,-37.4,4.6));
#3686=CARTESIAN_POINT('',(-9.215747392371,-39.4,4.6));
#3687=VECTOR('',#4429,2.0);
#3688=CARTESIAN_POINT('',(-6.889981751764,-37.4,4.6));
#3689=VECTOR('',#4430,2.325765640607);
#3690=AXIS2_PLACEMENT_3D('',#4431,#4432,#4433);
#3691=CARTESIAN_POINT('',(2.96395,-31.4,7.5));
#3692=CARTESIAN_POINT('',(2.96395,-31.4,9.864329698337));
#3693=CARTESIAN_POINT('',(2.96395,-31.4,7.5));
#3694=VECTOR('',#4434,2.364329698337);
#3695=CARTESIAN_POINT('',(7.059745037889,-31.4,7.5));
#3696=CARTESIAN_POINT('',(7.059745037889,-31.4,7.5));
#3697=VECTOR('',#4435,4.095795037889);
#3698=AXIS2_PLACEMENT_3D('',#4436,#4437,#4438);
#3699=CARTESIAN_POINT('',(2.96395,-34.4,7.5));
#3700=CARTESIAN_POINT('',(2.96395,-34.4,9.864329698337));
#3701=CARTESIAN_POINT('',(2.96395,-34.4,7.5));
#3702=VECTOR('',#4439,2.364329698337);
#3703=CARTESIAN_POINT('',(2.96395,-34.4,7.5));
#3704=VECTOR('',#4440,3.0);
#3705=CARTESIAN_POINT('',(2.96395,-31.4,9.864329698337));
#3706=VECTOR('',#4441,3.0);
#3707=CARTESIAN_POINT('',(7.059745037889,-34.4,7.5));
#3708=CARTESIAN_POINT('',(2.96395,-34.4,7.5));
#3709=VECTOR('',#4442,4.095795037889);
#3710=AXIS2_PLACEMENT_3D('',#4443,#4444,#4445);
#3711=CARTESIAN_POINT('',(7.059745037889,-34.4,7.5));
#3712=VECTOR('',#4446,3.0);
#3713=CARTESIAN_POINT('',(-2.96395,-31.4,7.5));
#3714=CARTESIAN_POINT('',(-7.059745037889,-31.4,7.5));
#3715=CARTESIAN_POINT('',(-2.96395,-31.4,7.5));
#3716=VECTOR('',#4447,4.095795037889);
#3717=CARTESIAN_POINT('',(-2.96395,-31.4,9.864329698337));
#3718=CARTESIAN_POINT('',(-2.96395,-31.4,9.864329698337));
#3719=VECTOR('',#4448,2.364329698337);
#3720=AXIS2_PLACEMENT_3D('',#4449,#4450,#4451);
#3721=CARTESIAN_POINT('',(-7.059745037889,-34.4,7.5));
#3722=CARTESIAN_POINT('',(-7.059745037889,-31.4,7.5));
#3723=VECTOR('',#4452,3.0);
#3724=CARTESIAN_POINT('',(-2.96395,-34.4,7.5));
#3725=CARTESIAN_POINT('',(-7.059745037889,-34.4,7.5));
#3726=VECTOR('',#4453,4.095795037889);
#3727=CARTESIAN_POINT('',(-2.96395,-34.4,7.5));
#3728=VECTOR('',#4454,3.0);
#3729=CARTESIAN_POINT('',(-2.96395,-34.4,9.864329698337));
#3730=CARTESIAN_POINT('',(-2.96395,-34.4,7.5));
#3731=VECTOR('',#4455,2.364329698337);
#3732=AXIS2_PLACEMENT_3D('',#4456,#4457,#4458);
#3733=CARTESIAN_POINT('',(-2.96395,-34.4,9.864329698337));
#3734=VECTOR('',#4459,3.0);
#3735=CARTESIAN_POINT('',(8.644651525654,-39.4,5.6));
#3736=CARTESIAN_POINT('',(8.644651525654,-39.4,5.6));
#3737=VECTOR('',#4460,2.348142732287);
#3738=CARTESIAN_POINT('',(8.644651525654,-37.4,5.6));
#3739=CARTESIAN_POINT('',(8.644651525654,-39.4,5.6));
#3740=VECTOR('',#4461,2.0);
#3741=CARTESIAN_POINT('',(8.644651525654,-37.4,5.6));
#3742=VECTOR('',#4462,2.348142732287);
#3743=CARTESIAN_POINT('',(9.215747392371,-37.4,4.6));
#3744=AXIS2_PLACEMENT_3D('',#4463,#4464,#4465);
#3745=CARTESIAN_POINT('',(9.215747392371,-37.4,4.6));
#3746=VECTOR('',#4466,2.325765640607);
#3747=CARTESIAN_POINT('',(9.215747392371,-39.4,4.6));
#3748=CARTESIAN_POINT('',(9.215747392371,-37.4,4.6));
#3749=VECTOR('',#4467,2.0);
#3750=CARTESIAN_POINT('',(9.215747392371,-39.4,4.6));
#3751=VECTOR('',#4468,2.325765640607);
#3752=CARTESIAN_POINT('',(10.15024630243,-39.4,1.75));
#3753=AXIS2_PLACEMENT_3D('',#4469,#4470,#4471);
#3754=CARTESIAN_POINT('',(10.15024630243,-39.4,1.75));
#3755=VECTOR('',#4472,3.809356072409);
#3756=CARTESIAN_POINT('',(10.15024630243,-35.9,1.75));
#3757=CARTESIAN_POINT('',(10.15024630243,-39.4,1.75));
#3758=VECTOR('',#4473,3.5);
#3759=CARTESIAN_POINT('',(10.15024630243,-35.9,1.75));
#3760=VECTOR('',#4474,3.809356072409);
#3761=CARTESIAN_POINT('',(6.362389488235,-35.9,8.1));
#3762=AXIS2_PLACEMENT_3D('',#4475,#4476,#4477);
#3763=CARTESIAN_POINT('',(6.362389488235,-35.9,8.1));
#3764=VECTOR('',#4478,5.362389488235);
#3765=CARTESIAN_POINT('',(6.362389488235,-39.4,8.1));
#3766=CARTESIAN_POINT('',(6.362389488235,-35.9,8.1));
#3767=VECTOR('',#4479,3.5);
#3768=CARTESIAN_POINT('',(6.362389488235,-39.4,8.1));
#3769=VECTOR('',#4480,5.362389488235);
#3770=AXIS2_PLACEMENT_3D('',#4481,#4482,#4483);
#3771=CARTESIAN_POINT('',(-11.1,-14.0,0.0));
#3772=VECTOR('',#4484,1.131370849898);
#3773=AXIS2_PLACEMENT_3D('',#4485,#4486,#4487);
#3774=CARTESIAN_POINT('',(11.1,-14.0,0.0));
#3775=VECTOR('',#4488,1.131370849898);
#3776=CARTESIAN_POINT('',(1.25,-43.5,-3.65));
#3777=CARTESIAN_POINT('',(1.25,-43.5,-3.65));
#3778=VECTOR('',#4489,4.1);
#3779=CARTESIAN_POINT('',(7.05,-43.5,-3.65));
#3780=AXIS2_PLACEMENT_3D('',#4490,#4491,#4492);
#3781=CARTESIAN_POINT('',(7.05,-39.4,-3.65));
#3782=VECTOR('',#4493,4.1);
#3783=AXIS2_PLACEMENT_3D('',#4494,#4495,#4496);
#3784=CARTESIAN_POINT('',(-7.05,-43.5,-3.65));
#3785=CARTESIAN_POINT('',(-7.05,-43.5,-3.65));
#3786=VECTOR('',#4497,4.1);
#3787=CARTESIAN_POINT('',(-1.25,-43.5,-3.65));
#3788=AXIS2_PLACEMENT_3D('',#4498,#4499,#4500);
#3789=CARTESIAN_POINT('',(-1.25,-39.4,-3.65));
#3790=VECTOR('',#4501,4.1);
#3791=AXIS2_PLACEMENT_3D('',#4502,#4503,#4504);
#3792=CARTESIAN_POINT('',(-7.05,-43.5,3.65));
#3793=CARTESIAN_POINT('',(-7.05,-43.5,3.65));
#3794=VECTOR('',#4505,4.1);
#3795=CARTESIAN_POINT('',(-1.25,-43.5,3.65));
#3796=AXIS2_PLACEMENT_3D('',#4506,#4507,#4508);
#3797=CARTESIAN_POINT('',(-1.25,-39.4,3.65));
#3798=VECTOR('',#4509,4.1);
#3799=AXIS2_PLACEMENT_3D('',#4510,#4511,#4512);
#3800=CARTESIAN_POINT('',(1.25,-43.5,3.65));
#3801=CARTESIAN_POINT('',(1.25,-43.5,3.65));
#3802=VECTOR('',#4513,4.1);
#3803=CARTESIAN_POINT('',(7.05,-43.5,3.65));
#3804=AXIS2_PLACEMENT_3D('',#4514,#4515,#4516);
#3805=CARTESIAN_POINT('',(7.05,-39.4,3.65));
#3806=VECTOR('',#4517,4.1);
#3807=AXIS2_PLACEMENT_3D('',#4518,#4519,#4520);
#3808=CARTESIAN_POINT('',(8.644651525654,-39.4,-5.6));
#3809=VECTOR('',#4521,2.348142732288);
#3810=CARTESIAN_POINT('',(6.362389488235,-39.4,-8.1));
#3811=VECTOR('',#4522,5.362389488235);
#3812=CARTESIAN_POINT('',(6.362389488235,-35.9,-8.1));
#3813=VECTOR('',#4523,5.362389488235);
#3814=CARTESIAN_POINT('',(10.15024630243,-35.9,-1.75));
#3815=VECTOR('',#4524,3.809356072409);
#3816=CARTESIAN_POINT('',(10.15024630243,-39.4,-1.75));
#3817=VECTOR('',#4525,3.809356072409);
#3818=CARTESIAN_POINT('',(9.215747392371,-39.4,-4.6));
#3819=VECTOR('',#4526,2.325765640607);
#3820=CARTESIAN_POINT('',(9.215747392371,-37.4,-4.6));
#3821=VECTOR('',#4527,2.325765640607);
#3822=CARTESIAN_POINT('',(8.644651525654,-37.4,-5.6));
#3823=VECTOR('',#4528,2.348142732287);
#3824=CARTESIAN_POINT('',(-2.96395,-31.4,-7.5));
#3825=CARTESIAN_POINT('',(-2.96395,-31.4,-7.5));
#3826=VECTOR('',#4529,2.364329698337);
#3827=CARTESIAN_POINT('',(-7.059745037889,-31.4,-7.5));
#3828=VECTOR('',#4530,4.095795037889);
#3829=CARTESIAN_POINT('',(-2.96395,-34.4,-7.5));
#3830=CARTESIAN_POINT('',(-2.96395,-34.4,-7.5));
#3831=VECTOR('',#4531,2.364329698337);
#3832=CARTESIAN_POINT('',(-2.96395,-34.4,-7.5));
#3833=VECTOR('',#4532,3.0);
#3834=CARTESIAN_POINT('',(-2.96395,-34.4,-7.5));
#3835=VECTOR('',#4533,4.095795037889);
#3836=CARTESIAN_POINT('',(2.96395,-31.4,-7.5));
#3837=CARTESIAN_POINT('',(2.96395,-31.4,-7.5));
#3838=VECTOR('',#4534,4.095795037889);
#3839=CARTESIAN_POINT('',(2.96395,-31.4,-9.864329698337));
#3840=VECTOR('',#4535,2.364329698337);
#3841=CARTESIAN_POINT('',(2.96395,-34.4,-7.5));
#3842=CARTESIAN_POINT('',(7.059745037889,-34.4,-7.5));
#3843=VECTOR('',#4536,4.095795037889);
#3844=CARTESIAN_POINT('',(2.96395,-34.4,-7.5));
#3845=VECTOR('',#4537,3.0);
#3846=CARTESIAN_POINT('',(2.96395,-34.4,-9.864329698337));
#3847=VECTOR('',#4538,2.364329698337);
#3848=CARTESIAN_POINT('',(-1.0,-39.4,-8.1));
#3849=VECTOR('',#4539,5.362389488235);
#3850=CARTESIAN_POINT('',(-6.296508793367,-39.4,-5.6));
#3851=VECTOR('',#4540,2.348142732287);
#3852=CARTESIAN_POINT('',(-6.296508793367,-37.4,-5.6));
#3853=VECTOR('',#4541,2.348142732287);
#3854=CARTESIAN_POINT('',(-6.889981751764,-37.4,-4.6));
#3855=VECTOR('',#4542,2.325765640607);
#3856=CARTESIAN_POINT('',(-6.889981751764,-39.4,-4.6));
#3857=VECTOR('',#4543,2.325765640607);
#3858=CARTESIAN_POINT('',(-6.340890230021,-39.4,-1.75));
#3859=VECTOR('',#4544,3.809356072409);
#3860=CARTESIAN_POINT('',(-6.340890230021,-35.9,-1.75));
#3861=VECTOR('',#4545,3.809356072409);
#3862=CARTESIAN_POINT('',(-1.0,-35.9,-8.1));
#3863=VECTOR('',#4546,5.362389488235);
#3864=AXIS2_PLACEMENT_3D('',#4547,#4548,#4549);
#3865=CARTESIAN_POINT('',(10.19019136229,-33.85,1.499999999999));
#3866=AXIS2_PLACEMENT_3D('',#4550,#4551,#4552);
#3867=CARTESIAN_POINT('',(10.19019136229,-31.45,1.499999999999));
#3868=CARTESIAN_POINT('',(10.19019136229,-31.45,1.499999999999));
#3869=VECTOR('',#4553,2.4);
#3870=AXIS2_PLACEMENT_3D('',#4554,#4555,#4556);
#3871=CARTESIAN_POINT('',(12.1997219858958,14.637863279075,0.082361804567374));
#3872=CARTESIAN_POINT('',(11.8179125049643,15.123695614198,0.0797841623975929));
#3873=AXIS2_PLACEMENT_3D('',#4557,#4558,#4559);
#3874=CARTESIAN_POINT('',(12.2,14.637863279075,-2.204517472721E-14));
#3875=AXIS2_PLACEMENT_3D('',#4560,#4561,#4562);
#3876=CARTESIAN_POINT('',(11.81818181818,15.123695614198,-3.339047073899E-14));
#3877=AXIS2_PLACEMENT_3D('',#4563,#4564,#4565);
#3878=AXIS2_PLACEMENT_3D('',#4566,#4567,#4568);
#3879=CARTESIAN_POINT('',(-11.8179125049643,15.123695614198,-0.0797841623975929));
#3880=CARTESIAN_POINT('',(-12.1997219858958,14.637863279075,-0.082361804567374));
#3881=AXIS2_PLACEMENT_3D('',#4569,#4570,#4571);
#3882=CARTESIAN_POINT('',(-3.266681581222E-14,15.123695614198,-11.81818181818));
#3883=AXIS2_PLACEMENT_3D('',#4572,#4573,#4574);
#3884=CARTESIAN_POINT('',(-2.129814017973E-14,14.637863279075,-12.2));
#3885=AXIS2_PLACEMENT_3D('',#4575,#4576,#4577);
#3886=AXIS2_PLACEMENT_3D('',#4578,#4579,#4580);
#3887=CARTESIAN_POINT('',(-12.35,1.68,0.0));
#3888=CARTESIAN_POINT('',(12.35,1.68,0.0));
#3889=AXIS2_PLACEMENT_3D('',#4581,#4582,#4583);
#3890=AXIS2_PLACEMENT_3D('',#4584,#4585,#4586);
#3891=CARTESIAN_POINT('',(0.0,1.68,-6.8));
#3892=CARTESIAN_POINT('',(0.0,1.68,6.8));
#3893=AXIS2_PLACEMENT_3D('',#4587,#4588,#4589);
#3894=AXIS2_PLACEMENT_3D('',#4590,#4591,#4592);
#3895=CARTESIAN_POINT('',(12.35,6.88,0.0));
#3896=CARTESIAN_POINT('',(12.35,1.68,0.0));
#3897=VECTOR('',#4593,5.2);
#3898=CARTESIAN_POINT('',(-12.35,6.88,0.0));
#3899=AXIS2_PLACEMENT_3D('',#4594,#4595,#4596);
#3900=CARTESIAN_POINT('',(-12.35,1.68,0.0));
#3901=VECTOR('',#4597,5.2);
#3902=AXIS2_PLACEMENT_3D('',#4598,#4599,#4600);
#3903=CARTESIAN_POINT('',(-12.2,6.88,0.0));
#3904=CARTESIAN_POINT('',(12.2,6.88,0.0));
#3905=AXIS2_PLACEMENT_3D('',#4601,#4602,#4603);
#3906=AXIS2_PLACEMENT_3D('',#4604,#4605,#4606);
#3907=CARTESIAN_POINT('',(-12.2,14.637863279075,3.914009360632E-14));
#3908=CARTESIAN_POINT('',(-12.2,6.88,0.0));
#3909=VECTOR('',#4607,7.757863279075);
#3910=CARTESIAN_POINT('',(12.2,6.88,0.0));
#3911=VECTOR('',#4608,7.757863279075);
#3912=AXIS2_PLACEMENT_3D('',#4609,#4610,#4611);
#3913=AXIS2_PLACEMENT_3D('',#4612,#4613,#4614);
#3914=CARTESIAN_POINT('',(0.0,15.123695614198,11.81818181818));
#3915=AXIS2_PLACEMENT_3D('',#4615,#4616,#4617);
#3916=AXIS2_PLACEMENT_3D('',#4618,#4619,#4620);
#3917=CARTESIAN_POINT('',(0.0,15.841126961044,8.333333333333));
#3918=AXIS2_PLACEMENT_3D('',#4621,#4622,#4623);
#3919=CARTESIAN_POINT('',(-1.378243466238E-14,15.841126961044,-8.333333333333));
#3920=AXIS2_PLACEMENT_3D('',#4624,#4625,#4626);
#3921=AXIS2_PLACEMENT_3D('',#4627,#4628,#4629);
#3922=AXIS2_PLACEMENT_3D('',#4630,#4631,#4632);
#3923=AXIS2_PLACEMENT_3D('',#4633,#4634,#4635);
#3924=CARTESIAN_POINT('',(0.0,15.643924301607,8.1));
#3925=AXIS2_PLACEMENT_3D('',#4636,#4637,#4638);
#3926=CARTESIAN_POINT('',(0.0,15.643924301607,-8.1));
#3927=AXIS2_PLACEMENT_3D('',#4639,#4640,#4641);
#3928=AXIS2_PLACEMENT_3D('',#4642,#4643,#4644);
#3929=CARTESIAN_POINT('',(0.0,13.38,-8.1));
#3930=CARTESIAN_POINT('',(-1.16906484493E-14,15.643924301607,-8.1));
#3931=VECTOR('',#4645,2.263924301607);
#3932=CARTESIAN_POINT('',(0.0,13.38,8.1));
#3933=AXIS2_PLACEMENT_3D('',#4646,#4647,#4648);
#3934=CARTESIAN_POINT('',(0.0,15.643924301607,8.1));
#3935=VECTOR('',#4649,2.263924301607);
#3936=AXIS2_PLACEMENT_3D('',#4650,#4651,#4652);
#3937=AXIS2_PLACEMENT_3D('',#4653,#4654,#4655);
#3938=CARTESIAN_POINT('',(0.0,13.38,-6.8));
#3939=CARTESIAN_POINT('',(0.0,13.38,6.8));
#3940=AXIS2_PLACEMENT_3D('',#4656,#4657,#4658);
#3941=AXIS2_PLACEMENT_3D('',#4659,#4660,#4661);
#3942=CARTESIAN_POINT('',(0.0,13.38,-6.8));
#3943=VECTOR('',#4662,11.7);
#3944=CARTESIAN_POINT('',(0.0,13.38,6.8));
#3945=VECTOR('',#4663,11.7);
#3946=AXIS2_PLACEMENT_3D('',#4664,#4665,#4666);
#3947=CARTESIAN_POINT('',(-5.60487340157157,15.48,-5.63807539434828));
#3948=CARTESIAN_POINT('',(-5.25236561745544,15.98,-5.28347943444951));
#3949=AXIS2_PLACEMENT_3D('',#4667,#4668,#4669);
#3950=CARTESIAN_POINT('',(-5.62149891043307,15.48,-5.62149891043304));
#3951=AXIS2_PLACEMENT_3D('',#4670,#4671,#4672);
#3952=CARTESIAN_POINT('',(-5.26794549676053,15.98,-5.26794549676051));
#3953=AXIS2_PLACEMENT_3D('',#4673,#4674,#4675);
#3954=AXIS2_PLACEMENT_3D('',#4676,#4677,#4678);
#3955=CARTESIAN_POINT('',(5.60487340157157,15.48,5.63807539434828));
#3956=CARTESIAN_POINT('',(5.25236561745544,15.98,5.28347943444951));
#3957=AXIS2_PLACEMENT_3D('',#4679,#4680,#4681);
#3958=CARTESIAN_POINT('',(5.62149891043306,15.48,5.62149891043304));
#3959=AXIS2_PLACEMENT_3D('',#4682,#4683,#4684);
#3960=CARTESIAN_POINT('',(5.26794549676052,15.98,5.26794549676052));
#3961=AXIS2_PLACEMENT_3D('',#4685,#4686,#4687);
#3962=AXIS2_PLACEMENT_3D('',#4688,#4689,#4690);
#3963=CARTESIAN_POINT('',(-5.62149891043305,13.48,-5.62149891043305));
#3964=CARTESIAN_POINT('',(-5.62149891043305,13.48,-5.62149891043305));
#3965=VECTOR('',#4691,2.0);
#3966=CARTESIAN_POINT('',(5.62149891043305,13.48,5.62149891043305));
#3967=AXIS2_PLACEMENT_3D('',#4692,#4693,#4694);
#3968=CARTESIAN_POINT('',(5.62149891043305,13.48,5.62149891043305));
#3969=VECTOR('',#4695,2.0);
#3970=AXIS2_PLACEMENT_3D('',#4696,#4697,#4698);
#3971=AXIS2_PLACEMENT_3D('',#4699,#4700,#4701);
#3972=AXIS2_PLACEMENT_3D('',#4702,#4703,#4704);
#3973=CARTESIAN_POINT('',(2.63043722601396,15.98,0.905096679918781));
#3974=CARTESIAN_POINT('',(0.898025612106915,15.98,2.63750829382582));
#3975=CARTESIAN_POINT('',(2.63043722601396,15.98,0.905096679918781));
#3976=VECTOR('',#4705,2.45);
#3977=CARTESIAN_POINT('',(-5.40936687607709,15.98,-3.66988419435818));
#3978=CARTESIAN_POINT('',(0.898025612106915,15.98,2.63750829382582));
#3979=VECTOR('',#4706,8.92);
#3980=CARTESIAN_POINT('',(-3.67695526217005,15.98,-5.40229580826522));
#3981=CARTESIAN_POINT('',(-5.40936687607709,15.98,-3.66988419435818));
#3982=VECTOR('',#4707,2.45);
#3983=CARTESIAN_POINT('',(-3.67695526217005,15.98,-5.40229580826522));
#3984=VECTOR('',#4708,8.92);
#3985=CARTESIAN_POINT('',(-3.67695526217005,13.98,-5.40229580826522));
#3986=CARTESIAN_POINT('',(-3.67695526217005,13.98,-5.40229580826522));
#3987=VECTOR('',#4709,2.0);
#3988=CARTESIAN_POINT('',(2.63043722601396,13.98,0.905096679918781));
#3989=CARTESIAN_POINT('',(-3.67695526217005,13.98,-5.40229580826522));
#3990=VECTOR('',#4710,8.92);
#3991=CARTESIAN_POINT('',(2.63043722601396,13.98,0.905096679918781));
#3992=VECTOR('',#4711,2.0);
#3993=CARTESIAN_POINT('',(0.898025612106915,13.98,2.63750829382582));
#3994=CARTESIAN_POINT('',(2.63043722601396,13.98,0.905096679918781));
#3995=VECTOR('',#4712,2.45);
#3996=CARTESIAN_POINT('',(0.898025612106915,13.98,2.63750829382582));
#3997=VECTOR('',#4713,2.0);
#3998=CARTESIAN_POINT('',(-5.40936687607709,13.98,-3.66988419435818));
#3999=CARTESIAN_POINT('',(0.898025612106915,13.98,2.63750829382582));
#4000=VECTOR('',#4714,8.92);
#4001=CARTESIAN_POINT('',(-5.40936687607709,13.98,-3.66988419435818));
#4002=VECTOR('',#4715,2.0);
#4003=CARTESIAN_POINT('',(-5.40936687607709,13.98,-3.66988419435818));
#4004=VECTOR('',#4716,2.45);
#4005=AXIS2_PLACEMENT_3D('',#4717,#4718,#4719);
#4006=AXIS2_PLACEMENT_3D('',#4720,#4721,#4722);
#4007=CARTESIAN_POINT('',(4.22496301758962,13.48,4.22496301758962));
#4008=CARTESIAN_POINT('',(-4.22496301758962,13.48,-4.22496301758962));
#4009=AXIS2_PLACEMENT_3D('',#4723,#4724,#4725);
#4010=AXIS2_PLACEMENT_3D('',#4726,#4727,#4728);
#4011=CARTESIAN_POINT('',(-4.22496301758962,-10.02,-4.22496301758962));
#4012=CARTESIAN_POINT('',(-4.22496301758962,13.48,-4.22496301758962));
#4013=VECTOR('',#4729,23.5);
#4014=CARTESIAN_POINT('',(4.22496301758962,-10.02,4.22496301758962));
#4015=CARTESIAN_POINT('',(4.22496301758962,13.48,4.22496301758962));
#4016=VECTOR('',#4730,23.5);
#4017=AXIS2_PLACEMENT_3D('',#4731,#4732,#4733);
#4018=AXIS2_PLACEMENT_3D('',#4734,#4735,#4736);
#4019=DIRECTION('',(0.0,-1.0,0.0));
#4020=CARTESIAN_POINT('',(0.0,-33.85,0.0));
#4021=DIRECTION('',(0.0,-1.0,0.0));
#4022=DIRECTION('',(-0.989338967212203,0.0,0.1456310679611));
#4023=DIRECTION('',(0.0,-1.0,0.0));
#4024=CARTESIAN_POINT('',(0.0,-31.45,0.0));
#4025=DIRECTION('',(0.0,-1.0,0.0));
#4026=DIRECTION('',(-0.989338967212203,0.0,0.1456310679611));
#4027=DIRECTION('',(0.0,-1.0,0.0));
#4028=CARTESIAN_POINT('',(0.0,-37.4,0.0));
#4029=DIRECTION('',(0.0,-1.0,0.0));
#4030=DIRECTION('',(0.839286555888765,0.0,-0.543689320388377));
#4031=DIRECTION('',(0.0,1.0,0.0));
#4032=CARTESIAN_POINT('',(0.0,-39.4,0.0));
#4033=DIRECTION('',(0.0,-1.0,0.0));
#4034=DIRECTION('',(0.894732756540898,0.0,-0.446601941747599));
#4035=DIRECTION('',(0.0,-1.0,0.0));
#4036=CARTESIAN_POINT('',(0.0,-35.9,0.0));
#4037=DIRECTION('',(0.0,1.0,0.0));
#4038=DIRECTION('',(0.985460806061188,0.0,-0.169902912621398));
#4039=DIRECTION('',(0.0,1.0,0.0));
#4040=CARTESIAN_POINT('',(0.0,-39.4,0.0));
#4041=DIRECTION('',(0.0,-1.0,0.0));
#4042=DIRECTION('',(0.617707717304313,0.0,-0.786407766990316));
#4043=DIRECTION('',(0.0,1.0,0.0));
#4044=CARTESIAN_POINT('',(0.0,-34.4,0.0));
#4045=DIRECTION('',(0.0,-1.0,-0.0));
#4046=DIRECTION('',(-0.685412139600906,0.0,-0.728155339805806));
#4047=DIRECTION('',(0.0,-1.0,0.0));
#4048=CARTESIAN_POINT('',(0.0,-31.4,0.0));
#4049=DIRECTION('',(0.0,1.0,0.0));
#4050=DIRECTION('',(-0.287762135922312,0.0,-0.957701912459941));
#4051=DIRECTION('',(0.0,1.0,0.0));
#4052=CARTESIAN_POINT('',(0.0,-34.4,0.0));
#4053=DIRECTION('',(0.0,-1.0,0.0));
#4054=DIRECTION('',(0.287762135922312,0.0,-0.957701912459941));
#4055=DIRECTION('',(0.0,-1.0,0.0));
#4056=CARTESIAN_POINT('',(0.0,-31.4,0.0));
#4057=DIRECTION('',(0.0,1.0,0.0));
#4058=DIRECTION('',(0.685412139600906,0.0,-0.728155339805806));
#4059=DIRECTION('',(0.0,-1.0,0.0));
#4060=CARTESIAN_POINT('',(0.0,-35.9,0.0));
#4061=DIRECTION('',(0.0,1.0,0.0));
#4062=DIRECTION('',(-0.617707717304313,0.0,-0.786407766990316));
#4063=DIRECTION('',(0.0,1.0,0.0));
#4064=CARTESIAN_POINT('',(0.0,-39.4,0.0));
#4065=DIRECTION('',(0.0,-1.0,-0.0));
#4066=DIRECTION('',(-0.985460806061188,0.0,-0.169902912621398));
#4067=DIRECTION('',(0.0,-1.0,0.0));
#4068=CARTESIAN_POINT('',(0.0,-37.4,0.0));
#4069=DIRECTION('',(0.0,-1.0,-0.0));
#4070=DIRECTION('',(-0.894732756540898,0.0,-0.446601941747599));
#4071=DIRECTION('',(0.0,1.0,0.0));
#4072=CARTESIAN_POINT('',(0.0,-39.4,0.0));
#4073=DIRECTION('',(0.0,-1.0,-0.0));
#4074=DIRECTION('',(-0.83928655588881,0.0,-0.543689320388307));
#4075=DIRECTION('',(-0.0,1.0,-0.0));
#4076=DIRECTION('',(0.0,-1.0,0.0));
#4077=CARTESIAN_POINT('',(0.0,-43.5,0.0));
#4078=DIRECTION('',(-0.0,1.0,0.0));
#4079=DIRECTION('',(1.0,0.0,0.0));
#4080=DIRECTION('',(0.0,1.0,0.0));
#4081=DIRECTION('',(0.0,-1.0,0.0));
#4082=CARTESIAN_POINT('',(0.0,-14.8,0.0));
#4083=DIRECTION('',(0.0,-1.0,0.0));
#4084=DIRECTION('',(-1.0,0.0,0.0));
#4085=DIRECTION('',(0.0,-1.0,0.0));
#4086=DIRECTION('',(0.0,1.0,-0.0));
#4087=CARTESIAN_POINT('',(-4.15,-39.4,-3.65));
#4088=DIRECTION('',(0.0,1.0,0.0));
#4089=DIRECTION('',(-1.0,0.0,0.0));
#4090=DIRECTION('',(0.0,-1.0,0.0));
#4091=CARTESIAN_POINT('',(-4.15,-35.9,-3.65));
#4092=DIRECTION('',(0.0,-1.0,0.0));
#4093=DIRECTION('',(-0.755479389662301,0.0,0.655172413793101));
#4094=DIRECTION('',(-0.0,-1.0,0.0));
#4095=CARTESIAN_POINT('',(-4.15,-35.9,-3.65));
#4096=DIRECTION('',(0.0,-1.0,0.0));
#4097=DIRECTION('',(-1.0,0.0,0.0));
#4098=DIRECTION('',(0.0,1.0,0.0));
#4099=CARTESIAN_POINT('',(-4.15,-39.4,-3.65));
#4100=DIRECTION('',(-0.0,1.0,0.0));
#4101=DIRECTION('',(0.755479389662301,0.0,0.655172413793101));
#4102=DIRECTION('',(0.0,1.0,0.0));
#4103=CARTESIAN_POINT('',(4.15,-39.4,-3.65));
#4104=DIRECTION('',(0.0,1.0,0.0));
#4105=DIRECTION('',(-1.0,0.0,0.0));
#4106=DIRECTION('',(0.0,-1.0,0.0));
#4107=CARTESIAN_POINT('',(4.15,-35.9,-3.65));
#4108=DIRECTION('',(0.0,-1.0,0.0));
#4109=DIRECTION('',(-0.755479389662301,0.0,0.655172413793101));
#4110=DIRECTION('',(-0.0,-1.0,0.0));
#4111=CARTESIAN_POINT('',(4.15,-35.9,-3.65));
#4112=DIRECTION('',(0.0,-1.0,0.0));
#4113=DIRECTION('',(1.0,0.0,0.0));
#4114=DIRECTION('',(0.0,1.0,0.0));
#4115=CARTESIAN_POINT('',(4.15,-39.4,-3.65));
#4116=DIRECTION('',(-0.0,1.0,0.0));
#4117=DIRECTION('',(0.755479389662301,0.0,0.655172413793101));
#4118=DIRECTION('',(0.0,1.0,0.0));
#4119=CARTESIAN_POINT('',(4.15,-35.9,3.65));
#4120=DIRECTION('',(0.0,-1.0,0.0));
#4121=DIRECTION('',(1.0,0.0,0.0));
#4122=DIRECTION('',(0.0,1.0,0.0));
#4123=CARTESIAN_POINT('',(4.15,-39.4,3.65));
#4124=DIRECTION('',(0.0,1.0,0.0));
#4125=DIRECTION('',(-0.755479389662301,0.0,-0.655172413793101));
#4126=DIRECTION('',(-0.0,-1.0,0.0));
#4127=CARTESIAN_POINT('',(4.15,-35.9,3.65));
#4128=DIRECTION('',(0.0,-1.0,0.0));
#4129=DIRECTION('',(1.0,0.0,0.0));
#4130=CARTESIAN_POINT('',(4.15,-39.4,3.65));
#4131=DIRECTION('',(0.0,1.0,0.0));
#4132=DIRECTION('',(-1.0,0.0,0.0));
#4133=DIRECTION('',(0.0,-1.0,0.0));
#4134=CARTESIAN_POINT('',(4.15,-37.4,3.65));
#4135=DIRECTION('',(0.0,1.0,0.0));
#4136=DIRECTION('',(-0.944821293711722,0.0,0.327586206896608));
#4137=DIRECTION('',(-1.06581410364E-14,1.0,0.0));
#4138=CARTESIAN_POINT('',(4.15,-39.4,3.65));
#4139=DIRECTION('',(0.0,1.0,0.0));
#4140=DIRECTION('',(-0.740175445988459,0.0,0.672413793103462));
#4141=DIRECTION('',(0.0,-1.0,0.0));
#4142=CARTESIAN_POINT('',(4.15,-37.4,3.65));
#4143=DIRECTION('',(-0.0,1.0,0.0));
#4144=DIRECTION('',(0.740175445988509,0.0,0.672413793103408));
#4145=DIRECTION('',(0.0,1.0,0.0));
#4146=CARTESIAN_POINT('',(4.15,-39.4,3.65));
#4147=DIRECTION('',(-0.0,1.0,0.0));
#4148=DIRECTION('',(0.944821293711722,0.0,0.327586206896608));
#4149=DIRECTION('',(0.0,1.0,0.0));
#4150=CARTESIAN_POINT('',(-4.15,-35.9,3.65));
#4151=DIRECTION('',(0.0,-1.0,0.0));
#4152=DIRECTION('',(1.0,0.0,0.0));
#4153=DIRECTION('',(0.0,1.0,0.0));
#4154=CARTESIAN_POINT('',(-4.15,-39.4,3.65));
#4155=DIRECTION('',(0.0,1.0,0.0));
#4156=DIRECTION('',(-0.755479389662301,0.0,-0.655172413793101));
#4157=DIRECTION('',(-0.0,-1.0,0.0));
#4158=CARTESIAN_POINT('',(-4.15,-35.9,3.65));
#4159=DIRECTION('',(0.0,-1.0,0.0));
#4160=DIRECTION('',(1.0,0.0,0.0));
#4161=CARTESIAN_POINT('',(-4.15,-39.4,3.65));
#4162=DIRECTION('',(0.0,1.0,0.0));
#4163=DIRECTION('',(-1.0,0.0,0.0));
#4164=DIRECTION('',(0.0,-1.0,0.0));
#4165=CARTESIAN_POINT('',(-4.15,-37.4,3.65));
#4166=DIRECTION('',(0.0,1.0,0.0));
#4167=DIRECTION('',(-0.944821293711722,0.0,0.327586206896608));
#4168=DIRECTION('',(-1.110223024625E-14,1.0,0.0));
#4169=CARTESIAN_POINT('',(-4.15,-39.4,3.65));
#4170=DIRECTION('',(0.0,1.0,0.0));
#4171=DIRECTION('',(-0.740175445988459,0.0,0.672413793103462));
#4172=DIRECTION('',(0.0,-1.0,0.0));
#4173=CARTESIAN_POINT('',(-4.15,-37.4,3.65));
#4174=DIRECTION('',(-0.0,1.0,0.0));
#4175=DIRECTION('',(0.740175445988509,0.0,0.672413793103408));
#4176=DIRECTION('',(0.0,1.0,0.0));
#4177=CARTESIAN_POINT('',(-4.15,-39.4,3.65));
#4178=DIRECTION('',(-0.0,1.0,0.0));
#4179=DIRECTION('',(0.944821293711722,0.0,0.327586206896608));
#4180=DIRECTION('',(1.17045304693088E-16,0.294085848837713,-0.955779008721892));
#4181=CARTESIAN_POINT('',(0.0,7.0,0.0));
#4182=DIRECTION('',(0.0,-1.0,0.0));
#4183=DIRECTION('',(1.0,0.0,0.0));
#4184=DIRECTION('',(-0.955779008721961,0.294085848837488,1.24964494344595E-11));
#4185=CARTESIAN_POINT('',(0.0,7.4,0.0));
#4186=DIRECTION('',(0.0,-1.0,0.0));
#4187=DIRECTION('',(1.0,0.0,0.0));
#4188=DIRECTION('',(1.17045304693088E-16,-0.294085848837713,-0.955779008721892));
#4189=CARTESIAN_POINT('',(3.907985046681E-14,7.4,0.0));
#4190=DIRECTION('',(0.0,-1.0,0.0));
#4191=DIRECTION('',(-1.0,0.0,0.0));
#4192=CARTESIAN_POINT('',(0.0,7.0,0.0));
#4193=DIRECTION('',(0.0,-1.0,0.0));
#4194=DIRECTION('',(-1.0,0.0,0.0));
#4195=CARTESIAN_POINT('',(3.907985046681E-14,7.4,0.0));
#4196=DIRECTION('',(0.0,-1.0,0.0));
#4197=DIRECTION('',(-1.0,0.0,0.0));
#4198=CARTESIAN_POINT('',(0.0,7.4,0.0));
#4199=DIRECTION('',(0.0,-1.0,0.0));
#4200=DIRECTION('',(1.0,0.0,0.0));
#4201=CARTESIAN_POINT('',(0.0,7.0,0.0));
#4202=DIRECTION('',(0.0,-1.0,0.0));
#4203=DIRECTION('',(-1.0,0.0,0.0));
#4204=DIRECTION('',(0.955779008721961,0.294085848837488,-1.25000166072595E-11));
#4205=CARTESIAN_POINT('',(0.0,7.0,0.0));
#4206=DIRECTION('',(0.0,-1.0,0.0));
#4207=DIRECTION('',(1.0,0.0,0.0));
#4208=DIRECTION('',(-4.962633478751E-12,1.0,1.147665864079E-11));
#4209=CARTESIAN_POINT('',(0.0,-2.060573933704E-13,0.0));
#4210=DIRECTION('',(-0.0,1.0,0.0));
#4211=DIRECTION('',(1.0,0.0,0.0));
#4212=DIRECTION('',(-4.961872182963E-12,-1.0,1.147970727412E-11));
#4213=CARTESIAN_POINT('',(0.0,-2.060573933704E-13,0.0));
#4214=DIRECTION('',(0.0,1.0,0.0));
#4215=DIRECTION('',(-1.0,0.0,0.0));
#4216=CARTESIAN_POINT('',(0.0,0.0,0.0));
#4217=DIRECTION('',(0.0,-1.0,0.0));
#4218=DIRECTION('',(0.0,0.0,-1.0));
#4219=CARTESIAN_POINT('',(0.0,0.0,0.0));
#4220=DIRECTION('',(0.0,-1.0,0.0));
#4221=DIRECTION('',(0.0,0.0,1.0));
#4222=DIRECTION('',(0.0,1.0,0.0));
#4223=CARTESIAN_POINT('',(0.0,-1.0,0.0));
#4224=DIRECTION('',(0.0,1.0,0.0));
#4225=DIRECTION('',(0.0,0.0,-1.0));
#4226=DIRECTION('',(0.0,1.0,0.0));
#4227=CARTESIAN_POINT('',(0.0,-1.0,0.0));
#4228=DIRECTION('',(0.0,1.0,0.0));
#4229=DIRECTION('',(0.0,0.0,1.0));
#4230=CARTESIAN_POINT('',(0.0,-1.0,0.0));
#4231=DIRECTION('',(0.0,-1.0,0.0));
#4232=DIRECTION('',(0.0,0.0,1.0));
#4233=CARTESIAN_POINT('',(0.0,-1.0,0.0));
#4234=DIRECTION('',(0.0,-1.0,0.0));
#4235=DIRECTION('',(0.0,0.0,-1.0));
#4236=DIRECTION('',(0.0,1.0,0.0));
#4237=CARTESIAN_POINT('',(0.0,-4.2,0.0));
#4238=DIRECTION('',(0.0,1.0,0.0));
#4239=DIRECTION('',(0.0,0.0,1.0));
#4240=DIRECTION('',(0.0,1.0,0.0));
#4241=CARTESIAN_POINT('',(0.0,-4.2,0.0));
#4242=DIRECTION('',(0.0,1.0,0.0));
#4243=DIRECTION('',(0.0,0.0,-1.0));
#4244=CARTESIAN_POINT('',(0.0,-4.2,0.0));
#4245=DIRECTION('',(0.0,-1.0,0.0));
#4246=DIRECTION('',(1.0,0.0,0.0));
#4247=CARTESIAN_POINT('',(0.0,-4.2,0.0));
#4248=DIRECTION('',(0.0,-1.0,0.0));
#4249=DIRECTION('',(-1.0,0.0,0.0));
#4250=DIRECTION('',(0.0,-1.0,0.0));
#4251=CARTESIAN_POINT('',(0.0,-4.6,0.0));
#4252=DIRECTION('',(-0.0,1.0,0.0));
#4253=DIRECTION('',(1.0,0.0,0.0));
#4254=DIRECTION('',(0.0,-1.0,0.0));
#4255=CARTESIAN_POINT('',(0.0,-4.6,0.0));
#4256=DIRECTION('',(0.0,1.0,0.0));
#4257=DIRECTION('',(-1.0,0.0,0.0));
#4258=DIRECTION('',(-1.0,0.0,5.672023152033E-14));
#4259=CARTESIAN_POINT('',(-4.15,-39.4,3.65));
#4260=DIRECTION('',(-0.0,1.0,0.0));
#4261=DIRECTION('',(1.0,0.0,0.0));
#4262=DIRECTION('',(-1.0,0.0,1.083096207939E-14));
#4263=DIRECTION('',(0.0,0.0,1.0));
#4264=DIRECTION('',(-1.0,0.0,1.083096207939E-14));
#4265=DIRECTION('',(0.0,1.0,0.0));
#4266=DIRECTION('',(-1.0,0.0,-7.169215985169E-14));
#4267=DIRECTION('',(0.0,0.0,1.0));
#4268=DIRECTION('',(-1.0,0.0,7.080707145846E-14));
#4269=DIRECTION('',(-1.0,0.0,-1.299715449526E-14));
#4270=DIRECTION('',(0.0,0.0,1.0));
#4271=DIRECTION('',(-1.0,0.0,-1.299715449526E-14));
#4272=DIRECTION('',(0.0,1.0,0.0));
#4273=DIRECTION('',(-1.0,0.0,-5.810929841471E-14));
#4274=DIRECTION('',(0.0,0.0,1.0));
#4275=DIRECTION('',(-1.0,0.0,5.810929841471E-14));
#4276=CARTESIAN_POINT('',(4.15,-39.4,-3.65));
#4277=DIRECTION('',(0.0,1.0,0.0));
#4278=DIRECTION('',(-0.944821293711722,0.0,-0.327586206896608));
#4279=DIRECTION('',(-1.0,0.0,1.299715449526E-14));
#4280=DIRECTION('',(0.0,0.0,1.0));
#4281=DIRECTION('',(0.0,1.0,0.0));
#4282=DIRECTION('',(-1.0,0.0,1.083096207939E-14));
#4283=DIRECTION('',(0.0,-1.0,0.0));
#4284=CARTESIAN_POINT('',(4.15,-37.4,-3.65));
#4285=DIRECTION('',(0.0,1.0,0.0));
#4286=DIRECTION('',(-0.740175445988509,0.0,-0.672413793103408));
#4287=DIRECTION('',(-1.0,0.0,-7.169215985169E-14));
#4288=DIRECTION('',(0.0,0.0,1.0));
#4289=DIRECTION('',(-1.0,0.0,-1.516334691114E-14));
#4290=CARTESIAN_POINT('',(-4.15,-39.4,-3.65));
#4291=DIRECTION('',(-0.0,1.0,0.0));
#4292=DIRECTION('',(1.0,0.0,0.0));
#4293=DIRECTION('',(-1.0,0.0,-5.926685416002E-14));
#4294=DIRECTION('',(0.0,0.0,1.0));
#4295=DIRECTION('',(-1.0,0.0,-1.516334691114E-14));
#4296=DIRECTION('',(0.0,-1.0,0.0));
#4297=DIRECTION('',(0.0,-1.0,0.0));
#4298=DIRECTION('',(-1.0,0.0,7.080707145846E-14));
#4299=CARTESIAN_POINT('',(-4.15,-37.4,-3.65));
#4300=DIRECTION('',(0.0,1.0,0.0));
#4301=DIRECTION('',(0.944821293711722,0.0,-0.327586206896608));
#4302=DIRECTION('',(0.0,0.0,1.0));
#4303=CARTESIAN_POINT('',(0.0,-4.6,0.0));
#4304=DIRECTION('',(0.0,-1.0,0.0));
#4305=DIRECTION('',(-1.0,0.0,0.0));
#4306=CARTESIAN_POINT('',(0.0,-4.6,0.0));
#4307=DIRECTION('',(0.0,-1.0,0.0));
#4308=DIRECTION('',(1.0,0.0,0.0));
#4309=DIRECTION('',(-1.0,0.0,-7.169215985169E-14));
#4310=DIRECTION('',(0.0,-1.0,0.0));
#4311=DIRECTION('',(0.0,0.0,1.0));
#4312=DIRECTION('',(0.0,1.0,0.0));
#4313=DIRECTION('',(0.0,0.0,-1.0));
#4314=DIRECTION('',(0.0,-1.0,0.0));
#4315=DIRECTION('',(-1.0,0.0,5.718325381846E-14));
#4316=DIRECTION('',(0.0,-1.0,0.0));
#4317=CARTESIAN_POINT('',(-4.15,-35.9,3.65));
#4318=DIRECTION('',(0.0,-1.0,0.0));
#4319=DIRECTION('',(0.755479389662301,0.0,-0.655172413793101));
#4320=DIRECTION('',(-1.0,0.0,-5.741476496752E-14));
#4321=DIRECTION('',(0.0,-1.0,0.0));
#4322=DIRECTION('',(0.0,0.0,-1.0));
#4323=DIRECTION('',(0.0,1.0,0.0));
#4324=DIRECTION('',(0.0,0.0,1.0));
#4325=DIRECTION('',(0.0,-1.0,0.0));
#4326=DIRECTION('',(-1.0,0.0,7.080707145845E-14));
#4327=CARTESIAN_POINT('',(4.15,-39.4,3.65));
#4328=DIRECTION('',(-0.0,1.0,0.0));
#4329=DIRECTION('',(1.0,0.0,0.0));
#4330=DIRECTION('',(0.0,-1.0,0.0));
#4331=CARTESIAN_POINT('',(4.15,-35.9,3.65));
#4332=DIRECTION('',(0.0,-1.0,0.0));
#4333=DIRECTION('',(0.755479389662301,0.0,-0.655172413793101));
#4334=DIRECTION('',(0.0,-1.0,0.0));
#4335=CARTESIAN_POINT('',(0.0,-14.0,0.0));
#4336=DIRECTION('',(0.0,1.0,0.0));
#4337=DIRECTION('',(-1.0,0.0,0.0));
#4338=DIRECTION('',(0.0,-1.0,0.0));
#4339=CARTESIAN_POINT('',(4.15,-39.4,-3.65));
#4340=DIRECTION('',(-0.0,1.0,0.0));
#4341=DIRECTION('',(1.0,0.0,0.0));
#4342=CARTESIAN_POINT('',(4.15,-39.4,-3.65));
#4343=DIRECTION('',(0.0,1.0,0.0));
#4344=DIRECTION('',(-1.0,0.0,0.0));
#4345=CARTESIAN_POINT('',(-4.15,-39.4,-3.65));
#4346=DIRECTION('',(-0.0,1.0,0.0));
#4347=DIRECTION('',(1.0,0.0,0.0));
#4348=CARTESIAN_POINT('',(-4.15,-39.4,-3.65));
#4349=DIRECTION('',(0.0,1.0,0.0));
#4350=DIRECTION('',(-1.0,0.0,0.0));
#4351=CARTESIAN_POINT('',(-4.15,-39.4,3.65));
#4352=DIRECTION('',(-0.0,1.0,0.0));
#4353=DIRECTION('',(1.0,0.0,0.0));
#4354=CARTESIAN_POINT('',(-4.15,-39.4,3.65));
#4355=DIRECTION('',(0.0,1.0,0.0));
#4356=DIRECTION('',(-1.0,0.0,0.0));
#4357=CARTESIAN_POINT('',(4.15,-39.4,3.65));
#4358=DIRECTION('',(-0.0,1.0,0.0));
#4359=DIRECTION('',(1.0,0.0,0.0));
#4360=CARTESIAN_POINT('',(4.15,-39.4,3.65));
#4361=DIRECTION('',(0.0,1.0,0.0));
#4362=DIRECTION('',(-1.0,0.0,0.0));
#4363=DIRECTION('',(0.0,-1.0,0.0));
#4364=DIRECTION('',(-1.0,0.0,-7.169215985169E-14));
#4365=DIRECTION('',(0.0,1.0,0.0));
#4366=DIRECTION('',(0.0,0.0,1.0));
#4367=DIRECTION('',(0.0,-1.0,0.0));
#4368=DIRECTION('',(0.0,0.0,-1.0));
#4369=DIRECTION('',(0.0,1.0,0.0));
#4370=DIRECTION('',(-1.0,0.0,5.764627611658E-14));
#4371=CARTESIAN_POINT('',(4.15,-39.4,-3.65));
#4372=DIRECTION('',(-0.0,1.0,0.0));
#4373=DIRECTION('',(1.0,0.0,0.0));
#4374=DIRECTION('',(0.0,-1.0,0.0));
#4375=CARTESIAN_POINT('',(4.15,-37.4,-3.65));
#4376=DIRECTION('',(0.0,1.0,0.0));
#4377=DIRECTION('',(0.944821293711722,0.0,-0.327586206896608));
#4378=DIRECTION('',(1.06581410364E-14,1.0,0.0));
#4379=CARTESIAN_POINT('',(4.15,-39.4,-3.65));
#4380=DIRECTION('',(0.0,1.0,0.0));
#4381=DIRECTION('',(0.740175445988459,0.0,-0.672413793103462));
#4382=CARTESIAN_POINT('',(4.15,-35.9,-3.65));
#4383=DIRECTION('',(0.0,-1.0,0.0));
#4384=DIRECTION('',(-1.0,0.0,0.0));
#4385=DIRECTION('',(-1.0,0.0,7.080707145845E-14));
#4386=DIRECTION('',(1.043609643148E-14,1.0,0.0));
#4387=DIRECTION('',(0.0,1.0,0.0));
#4388=CARTESIAN_POINT('',(-4.15,-39.4,-3.65));
#4389=DIRECTION('',(0.0,1.0,0.0));
#4390=DIRECTION('',(0.740175445988459,0.0,-0.672413793103462));
#4391=DIRECTION('',(0.0,-1.0,0.0));
#4392=CARTESIAN_POINT('',(-4.15,-37.4,-3.65));
#4393=DIRECTION('',(0.0,1.0,0.0));
#4394=DIRECTION('',(-0.740175445988509,0.0,-0.672413793103408));
#4395=DIRECTION('',(0.0,1.0,0.0));
#4396=CARTESIAN_POINT('',(-4.15,-39.4,-3.65));
#4397=DIRECTION('',(0.0,1.0,0.0));
#4398=DIRECTION('',(-0.944821293711722,0.0,-0.327586206896608));
#4399=CARTESIAN_POINT('',(-4.15,-35.9,-3.65));
#4400=DIRECTION('',(0.0,-1.0,0.0));
#4401=DIRECTION('',(-1.0,0.0,0.0));
#4402=DIRECTION('',(-1.0,0.0,-5.857232071283E-14));
#4403=DIRECTION('',(0.0,1.0,0.0));
#4404=DIRECTION('',(0.0,0.0,-1.0));
#4405=DIRECTION('',(0.0,-1.0,0.0));
#4406=DIRECTION('',(0.0,0.0,1.0));
#4407=CARTESIAN_POINT('',(0.0,-14.0,0.0));
#4408=DIRECTION('',(-0.0,1.0,0.0));
#4409=DIRECTION('',(1.0,0.0,0.0));
#4410=DIRECTION('',(-1.0,0.0,5.938481080197E-14));
#4411=DIRECTION('',(0.0,-1.0,0.0));
#4412=DIRECTION('',(-1.0,0.0,6.014130520709E-14));
#4413=CARTESIAN_POINT('',(0.0,-39.4,0.0));
#4414=DIRECTION('',(0.0,-1.0,0.0));
#4415=DIRECTION('',(-0.617707717304313,0.0,0.786407766990316));
#4416=DIRECTION('',(-1.0,0.0,0.0));
#4417=DIRECTION('',(0.0,1.0,0.0));
#4418=DIRECTION('',(-1.0,0.0,0.0));
#4419=CARTESIAN_POINT('',(0.0,-35.9,0.0));
#4420=DIRECTION('',(0.0,1.0,0.0));
#4421=DIRECTION('',(-0.985460806061188,0.0,0.169902912621398));
#4422=DIRECTION('',(-1.0,0.0,-1.020062318231E-14));
#4423=DIRECTION('',(0.0,-1.0,0.0));
#4424=DIRECTION('',(-1.0,0.0,-1.043378028362E-14));
#4425=CARTESIAN_POINT('',(0.0,-39.4,0.0));
#4426=DIRECTION('',(0.0,-1.0,0.0));
#4427=DIRECTION('',(-0.894732756540898,0.0,0.446601941747599));
#4428=DIRECTION('',(-1.0,0.0,1.909432326699E-14));
#4429=DIRECTION('',(0.0,1.0,0.0));
#4430=DIRECTION('',(-1.0,0.0,1.947620973233E-14));
#4431=CARTESIAN_POINT('',(0.0,-37.4,0.0));
#4432=DIRECTION('',(0.0,-1.0,0.0));
#4433=DIRECTION('',(-0.83928655588881,0.0,0.543689320388307));
#4434=DIRECTION('',(1.314801599429E-14,0.0,1.0));
#4435=DIRECTION('',(-1.0,0.0,0.0));
#4436=CARTESIAN_POINT('',(0.0,-31.4,0.0));
#4437=DIRECTION('',(-0.0,1.0,0.0));
#4438=DIRECTION('',(0.287762135922312,0.0,0.957701912459941));
#4439=DIRECTION('',(1.314801599429E-14,0.0,1.0));
#4440=DIRECTION('',(0.0,1.0,0.0));
#4441=DIRECTION('',(0.0,-1.0,0.0));
#4442=DIRECTION('',(1.0,0.0,0.0));
#4443=CARTESIAN_POINT('',(0.0,-34.4,0.0));
#4444=DIRECTION('',(0.0,-1.0,0.0));
#4445=DIRECTION('',(0.685412139600906,0.0,0.728155339805806));
#4446=DIRECTION('',(0.0,1.0,0.0));
#4447=DIRECTION('',(-1.0,0.0,0.0));
#4448=DIRECTION('',(1.352367359412E-14,0.0,-1.0));
#4449=CARTESIAN_POINT('',(0.0,-31.4,0.0));
#4450=DIRECTION('',(0.0,1.0,0.0));
#4451=DIRECTION('',(-0.685412139600906,0.0,0.728155339805806));
#4452=DIRECTION('',(0.0,-1.0,0.0));
#4453=DIRECTION('',(1.0,0.0,0.0));
#4454=DIRECTION('',(0.0,1.0,0.0));
#4455=DIRECTION('',(-1.483847519355E-14,0.0,1.0));
#4456=CARTESIAN_POINT('',(0.0,-34.4,0.0));
#4457=DIRECTION('',(0.0,-1.0,0.0));
#4458=DIRECTION('',(-0.287762135922312,0.0,0.957701912459941));
#4459=DIRECTION('',(0.0,1.0,0.0));
#4460=DIRECTION('',(-1.0,0.0,-6.241078842246E-14));
#4461=DIRECTION('',(0.0,1.0,0.0));
#4462=DIRECTION('',(-1.0,0.0,-6.20325412199E-14));
#4463=CARTESIAN_POINT('',(0.0,-37.4,0.0));
#4464=DIRECTION('',(0.0,-1.0,0.0));
#4465=DIRECTION('',(0.894732756540898,0.0,0.446601941747599));
#4466=DIRECTION('',(-1.0,0.0,-2.253130145505E-14));
#4467=DIRECTION('',(0.0,-1.0,0.0));
#4468=DIRECTION('',(-1.0,0.0,-2.100375559369E-14));
#4469=CARTESIAN_POINT('',(0.0,-39.4,0.0));
#4470=DIRECTION('',(0.0,-1.0,0.0));
#4471=DIRECTION('',(0.985460806061188,0.0,0.169902912621398));
#4472=DIRECTION('',(-1.0,0.0,0.0));
#4473=DIRECTION('',(0.0,1.0,0.0));
#4474=DIRECTION('',(-1.0,0.0,0.0));
#4475=CARTESIAN_POINT('',(0.0,-35.9,0.0));
#4476=DIRECTION('',(-0.0,1.0,0.0));
#4477=DIRECTION('',(0.617707717304313,0.0,0.786407766990316));
#4478=DIRECTION('',(-1.0,0.0,0.0));
#4479=DIRECTION('',(0.0,-1.0,0.0));
#4480=DIRECTION('',(-1.0,0.0,0.0));
#4481=CARTESIAN_POINT('',(0.0,-39.4,0.0));
#4482=DIRECTION('',(0.0,-1.0,0.0));
#4483=DIRECTION('',(0.83928655588881,0.0,0.543689320388307));
#4484=DIRECTION('',(0.707106781186597,-0.707106781186498,0.0));
#4485=CARTESIAN_POINT('',(0.0,-14.8,0.0));
#4486=DIRECTION('',(0.0,-1.0,0.0));
#4487=DIRECTION('',(1.0,0.0,0.0));
#4488=DIRECTION('',(-0.707106781186597,-0.707106781186498,0.0));
#4489=DIRECTION('',(0.0,1.0,0.0));
#4490=CARTESIAN_POINT('',(4.15,-43.5,-3.65));
#4491=DIRECTION('',(0.0,-1.0,0.0));
#4492=DIRECTION('',(-1.0,0.0,0.0));
#4493=DIRECTION('',(0.0,-1.0,0.0));
#4494=CARTESIAN_POINT('',(4.15,-43.5,-3.65));
#4495=DIRECTION('',(0.0,-1.0,0.0));
#4496=DIRECTION('',(1.0,0.0,0.0));
#4497=DIRECTION('',(0.0,1.0,0.0));
#4498=CARTESIAN_POINT('',(-4.15,-43.5,-3.65));
#4499=DIRECTION('',(0.0,-1.0,0.0));
#4500=DIRECTION('',(-1.0,0.0,0.0));
#4501=DIRECTION('',(0.0,-1.0,0.0));
#4502=CARTESIAN_POINT('',(-4.15,-43.5,-3.65));
#4503=DIRECTION('',(0.0,-1.0,0.0));
#4504=DIRECTION('',(1.0,0.0,0.0));
#4505=DIRECTION('',(0.0,1.0,0.0));
#4506=CARTESIAN_POINT('',(-4.15,-43.5,3.65));
#4507=DIRECTION('',(0.0,-1.0,0.0));
#4508=DIRECTION('',(-1.0,0.0,0.0));
#4509=DIRECTION('',(0.0,-1.0,0.0));
#4510=CARTESIAN_POINT('',(-4.15,-43.5,3.65));
#4511=DIRECTION('',(0.0,-1.0,0.0));
#4512=DIRECTION('',(1.0,0.0,0.0));
#4513=DIRECTION('',(0.0,1.0,0.0));
#4514=CARTESIAN_POINT('',(4.15,-43.5,3.65));
#4515=DIRECTION('',(0.0,-1.0,0.0));
#4516=DIRECTION('',(-1.0,0.0,0.0));
#4517=DIRECTION('',(0.0,-1.0,0.0));
#4518=CARTESIAN_POINT('',(4.15,-43.5,3.65));
#4519=DIRECTION('',(0.0,-1.0,0.0));
#4520=DIRECTION('',(1.0,0.0,0.0));
#4521=DIRECTION('',(-1.0,0.0,6.014130520709E-14));
#4522=DIRECTION('',(-1.0,0.0,0.0));
#4523=DIRECTION('',(-1.0,0.0,0.0));
#4524=DIRECTION('',(-1.0,0.0,-1.037549100829E-14));
#4525=DIRECTION('',(-1.0,0.0,-1.055035883427E-14));
#4526=DIRECTION('',(-1.0,0.0,1.909432326699E-14));
#4527=DIRECTION('',(-1.0,0.0,1.909432326699E-14));
#4528=DIRECTION('',(-1.0,0.0,5.938481080197E-14));
#4529=DIRECTION('',(-1.296018719437E-14,0.0,-1.0));
#4530=DIRECTION('',(1.0,0.0,0.0));
#4531=DIRECTION('',(-1.296018719437E-14,0.0,-1.0));
#4532=DIRECTION('',(0.0,1.0,0.0));
#4533=DIRECTION('',(-1.0,0.0,0.0));
#4534=DIRECTION('',(1.0,0.0,0.0));
#4535=DIRECTION('',(-1.296018719437E-14,0.0,1.0));
#4536=DIRECTION('',(-1.0,0.0,0.0));
#4537=DIRECTION('',(0.0,1.0,0.0));
#4538=DIRECTION('',(-1.389933119396E-14,0.0,1.0));
#4539=DIRECTION('',(-1.0,0.0,0.0));
#4540=DIRECTION('',(-1.0,0.0,-6.089779961221E-14));
#4541=DIRECTION('',(-1.0,0.0,-6.051955240965E-14));
#4542=DIRECTION('',(-1.0,0.0,-2.062186912835E-14));
#4543=DIRECTION('',(-1.0,0.0,-2.023998266301E-14));
#4544=DIRECTION('',(-1.0,0.0,0.0));
#4545=DIRECTION('',(-1.0,0.0,0.0));
#4546=DIRECTION('',(-1.0,0.0,0.0));
#4547=CARTESIAN_POINT('',(0.0,-43.5,0.0));
#4548=DIRECTION('',(0.0,1.0,0.0));
#4549=DIRECTION('',(-1.0,0.0,0.0));
#4550=CARTESIAN_POINT('',(0.0,-33.85,0.0));
#4551=DIRECTION('',(0.0,-1.0,0.0));
#4552=DIRECTION('',(1.0,0.0,0.0));
#4553=DIRECTION('',(0.0,-1.0,0.0));
#4554=CARTESIAN_POINT('',(0.0,-31.45,0.0));
#4555=DIRECTION('',(0.0,-1.0,0.0));
#4556=DIRECTION('',(1.0,0.0,0.0));
#4557=CARTESIAN_POINT('',(11.6997333799164,14.637863279075,0.0789863207736291));
#4558=DIRECTION('',(-0.00675096758748967,-0.0,0.999977211958669));
#4559=DIRECTION('',(0.999977211958669,0.0,0.00675096758748967));
#4560=CARTESIAN_POINT('',(0.0,14.637863279075,0.0));
#4561=DIRECTION('',(0.0,-1.0,0.0));
#4562=DIRECTION('',(1.0,0.0,0.0));
#4563=CARTESIAN_POINT('',(11.7,14.637863279075,2.466735149476E-12));
#4564=DIRECTION('',(2.10835689184999E-13,-5.08671686530899E-27,-1.0));
#4565=DIRECTION('',(0.236363636361094,0.971664670246974,4.98338901704587E-14));
#4566=CARTESIAN_POINT('',(0.0,15.123695614198,0.0));
#4567=DIRECTION('',(0.0,1.0,0.0));
#4568=DIRECTION('',(0.0,0.0,1.0));
#4569=CARTESIAN_POINT('',(-11.6997333799164,14.637863279075,-0.0789863207736291));
#4570=DIRECTION('',(-0.00675096758748967,-0.0,0.999977211958669));
#4571=DIRECTION('',(-0.999977211958669,0.0,-0.00675096758748967));
#4572=CARTESIAN_POINT('',(0.0,15.123695614198,0.0));
#4573=DIRECTION('',(0.0,1.0,0.0));
#4574=DIRECTION('',(1.474982529277E-13,0.0,-1.0));
#4575=CARTESIAN_POINT('',(1.725730669477E-12,14.637863279075,-11.7));
#4576=DIRECTION('',(-1.0,6.42786360435831E-27,-1.47498332991902E-13));
#4577=DIRECTION('',(3.4863242343321E-14,0.971664670246728,-0.236363636362107));
#4578=CARTESIAN_POINT('',(0.0,14.637863279075,0.0));
#4579=DIRECTION('',(0.0,1.0,0.0));
#4580=DIRECTION('',(0.0,0.0,-1.0));
#4581=CARTESIAN_POINT('',(0.0,1.68,0.0));
#4582=DIRECTION('',(0.0,-1.0,0.0));
#4583=DIRECTION('',(-1.0,0.0,0.0));
#4584=CARTESIAN_POINT('',(0.0,1.68,0.0));
#4585=DIRECTION('',(0.0,1.0,0.0));
#4586=DIRECTION('',(-1.0,0.0,0.0));
#4587=CARTESIAN_POINT('',(0.0,1.68,0.0));
#4588=DIRECTION('',(0.0,-1.0,0.0));
#4589=DIRECTION('',(0.0,0.0,-1.0));
#4590=CARTESIAN_POINT('',(0.0,1.68,0.0));
#4591=DIRECTION('',(0.0,-1.0,0.0));
#4592=DIRECTION('',(0.0,0.0,1.0));
#4593=DIRECTION('',(0.0,1.0,0.0));
#4594=CARTESIAN_POINT('',(0.0,6.88,0.0));
#4595=DIRECTION('',(0.0,1.0,0.0));
#4596=DIRECTION('',(-1.0,0.0,0.0));
#4597=DIRECTION('',(0.0,1.0,0.0));
#4598=CARTESIAN_POINT('',(0.0,6.88,0.0));
#4599=DIRECTION('',(0.0,-1.0,0.0));
#4600=DIRECTION('',(-1.0,0.0,0.0));
#4601=CARTESIAN_POINT('',(0.0,6.88,0.0));
#4602=DIRECTION('',(0.0,-1.0,0.0));
#4603=DIRECTION('',(-1.0,0.0,0.0));
#4604=CARTESIAN_POINT('',(0.0,6.88,0.0));
#4605=DIRECTION('',(0.0,1.0,0.0));
#4606=DIRECTION('',(-1.0,0.0,0.0));
#4607=DIRECTION('',(0.0,1.0,-2.194014119576E-12));
#4608=DIRECTION('',(0.0,1.0,3.293346038273E-12));
#4609=CARTESIAN_POINT('',(0.0,14.637863279075,0.0));
#4610=DIRECTION('',(0.0,-1.0,0.0));
#4611=DIRECTION('',(1.0,0.0,0.0));
#4612=CARTESIAN_POINT('',(0.0,14.637863279075,0.0));
#4613=DIRECTION('',(0.0,1.0,0.0));
#4614=DIRECTION('',(0.0,0.0,-1.0));
#4615=CARTESIAN_POINT('',(0.0,15.123695614198,0.0));
#4616=DIRECTION('',(0.0,1.0,0.0));
#4617=DIRECTION('',(0.0,0.0,1.0));
#4618=CARTESIAN_POINT('',(0.0,15.123695614198,0.0));
#4619=DIRECTION('',(0.0,1.0,0.0));
#4620=DIRECTION('',(1.474982529277E-13,0.0,-1.0));
#4621=CARTESIAN_POINT('',(0.0,-33.45953789812,0.0));
#4622=DIRECTION('',(-1.0,0.0,0.0));
#4623=DIRECTION('',(0.0,0.971664670246366,0.236363636363592));
#4624=CARTESIAN_POINT('',(0.0,15.841126961044,0.0));
#4625=DIRECTION('',(0.0,-1.0,0.0));
#4626=DIRECTION('',(0.0,0.0,1.0));
#4627=CARTESIAN_POINT('',(0.0,-33.45953789812,0.0));
#4628=DIRECTION('',(1.0,0.0,0.0));
#4629=DIRECTION('',(0.0,0.971664670246366,-0.236363636363592));
#4630=CARTESIAN_POINT('',(0.0,15.123695614198,0.0));
#4631=DIRECTION('',(-0.0,1.0,0.0));
#4632=DIRECTION('',(1.0,0.0,0.0));
#4633=CARTESIAN_POINT('',(0.0,15.841126961044,0.0));
#4634=DIRECTION('',(0.0,-1.0,0.0));
#4635=DIRECTION('',(0.0,0.0,-1.0));
#4636=CARTESIAN_POINT('',(0.0,15.643924301607,8.3));
#4637=DIRECTION('',(1.0,0.0,0.0));
#4638=DIRECTION('',(0.0,0.0,-1.0));
#4639=CARTESIAN_POINT('',(-1.372730492373E-14,15.643924301607,-8.3));
#4640=DIRECTION('',(-1.0,0.0,0.0));
#4641=DIRECTION('',(0.0,0.0,1.0));
#4642=CARTESIAN_POINT('',(0.0,15.643924301607,0.0));
#4643=DIRECTION('',(0.0,-1.0,0.0));
#4644=DIRECTION('',(0.0,0.0,-1.0));
#4645=DIRECTION('',(0.0,-1.0,0.0));
#4646=CARTESIAN_POINT('',(0.0,13.38,0.0));
#4647=DIRECTION('',(0.0,1.0,0.0));
#4648=DIRECTION('',(0.0,0.0,1.0));
#4649=DIRECTION('',(0.0,-1.0,0.0));
#4650=CARTESIAN_POINT('',(0.0,13.38,0.0));
#4651=DIRECTION('',(0.0,-1.0,0.0));
#4652=DIRECTION('',(0.0,0.0,1.0));
#4653=CARTESIAN_POINT('',(0.0,15.643924301607,0.0));
#4654=DIRECTION('',(0.0,-1.0,0.0));
#4655=DIRECTION('',(0.0,0.0,1.0));
#4656=CARTESIAN_POINT('',(0.0,13.38,0.0));
#4657=DIRECTION('',(0.0,-1.0,0.0));
#4658=DIRECTION('',(0.0,0.0,-1.0));
#4659=CARTESIAN_POINT('',(0.0,13.38,0.0));
#4660=DIRECTION('',(0.0,-1.0,0.0));
#4661=DIRECTION('',(0.0,0.0,1.0));
#4662=DIRECTION('',(0.0,-1.0,0.0));
#4663=DIRECTION('',(0.0,-1.0,0.0));
#4664=CARTESIAN_POINT('',(0.0,14.637863279075,0.0));
#4665=DIRECTION('',(-0.0,1.0,0.0));
#4666=DIRECTION('',(1.0,0.0,0.0));
#4667=CARTESIAN_POINT('',(-5.25236564046644,15.48,-5.28347945759682));
#4668=DIRECTION('',(0.709191873502929,0.0,-0.705015522210261));
#4669=DIRECTION('',(-0.70501552221026,0.0,-0.709191873502928));
#4670=CARTESIAN_POINT('',(0.0,15.48,0.0));
#4671=DIRECTION('',(-0.0,1.0,0.0));
#4672=DIRECTION('',(0.707106781186548,0.0,0.707106781186548));
#4673=CARTESIAN_POINT('',(-5.26794551983977,15.48,-5.26794551983979));
#4674=DIRECTION('',(-0.707106781186548,2.48830148814831E-31,0.707106781186548));
#4675=DIRECTION('',(1.50728876033621E-14,1.0,1.50728876033621E-14));
#4676=CARTESIAN_POINT('',(0.0,15.98,0.0));
#4677=DIRECTION('',(-0.0,1.0,0.0));
#4678=DIRECTION('',(0.707106781186548,0.0,0.707106781186548));
#4679=CARTESIAN_POINT('',(5.25236564046644,15.48,5.28347945759682));
#4680=DIRECTION('',(-0.709191873502929,-0.0,0.705015522210261));
#4681=DIRECTION('',(0.70501552221026,0.0,0.709191873502928));
#4682=CARTESIAN_POINT('',(0.0,15.48,0.0));
#4683=DIRECTION('',(0.0,1.0,0.0));
#4684=DIRECTION('',(-0.707106781186548,0.0,-0.707106781186548));
#4685=CARTESIAN_POINT('',(5.26794551983977,15.48,5.26794551983979));
#4686=DIRECTION('',(0.707106781186548,2.54222752659115E-31,-0.707106781186548));
#4687=DIRECTION('',(-1.13046657025216E-14,1.0,-1.13046657025216E-14));
#4688=CARTESIAN_POINT('',(0.0,15.98,0.0));
#4689=DIRECTION('',(0.0,1.0,0.0));
#4690=DIRECTION('',(-0.707106781186548,0.0,-0.707106781186548));
#4691=DIRECTION('',(5.40748551877308E-13,1.0,-5.40748551877308E-13));
#4692=CARTESIAN_POINT('',(0.0,13.48,0.0));
#4693=DIRECTION('',(0.0,-1.0,0.0));
#4694=DIRECTION('',(0.707106781186548,0.0,0.707106781186548));
#4695=DIRECTION('',(-5.43292383904108E-13,1.0,5.43292383904108E-13));
#4696=CARTESIAN_POINT('',(0.0,15.48,0.0));
#4697=DIRECTION('',(0.0,1.0,0.0));
#4698=DIRECTION('',(-0.707106781186548,0.0,-0.707106781186548));
#4699=CARTESIAN_POINT('',(0.0,15.98,0.0));
#4700=DIRECTION('',(0.0,1.0,0.0));
#4701=DIRECTION('',(-0.707106781186548,0.0,-0.707106781186548));
#4702=CARTESIAN_POINT('',(0.0,15.98,0.0));
#4703=DIRECTION('',(-0.0,1.0,0.0));
#4704=DIRECTION('',(0.707106781186548,0.0,0.707106781186548));
#4705=DIRECTION('',(-0.707106781186548,0.0,0.707106781186548));
#4706=DIRECTION('',(-0.707106781186547,0.0,-0.707106781186547));
#4707=DIRECTION('',(0.707106781186548,0.0,-0.707106781186548));
#4708=DIRECTION('',(0.707106781186547,0.0,0.707106781186547));
#4709=DIRECTION('',(0.0,1.0,0.0));
#4710=DIRECTION('',(0.707106781186547,0.0,0.707106781186547));
#4711=DIRECTION('',(0.0,1.0,0.0));
#4712=DIRECTION('',(-0.707106781186548,0.0,0.707106781186548));
#4713=DIRECTION('',(0.0,1.0,0.0));
#4714=DIRECTION('',(-0.707106781186547,0.0,-0.707106781186547));
#4715=DIRECTION('',(0.0,1.0,0.0));
#4716=DIRECTION('',(0.707106781186548,0.0,-0.707106781186548));
#4717=CARTESIAN_POINT('',(0.0,15.48,0.0));
#4718=DIRECTION('',(-0.0,1.0,0.0));
#4719=DIRECTION('',(0.707106781186548,0.0,0.707106781186548));
#4720=CARTESIAN_POINT('',(0.0,13.48,0.0));
#4721=DIRECTION('',(0.0,-1.0,-0.0));
#4722=DIRECTION('',(-0.707106781186548,0.0,-0.707106781186548));
#4723=CARTESIAN_POINT('',(0.0,13.48,0.0));
#4724=DIRECTION('',(0.0,-1.0,0.0));
#4725=DIRECTION('',(0.707106781186547,0.0,0.707106781186547));
#4726=CARTESIAN_POINT('',(0.0,13.48,0.0));
#4727=DIRECTION('',(0.0,-1.0,-0.0));
#4728=DIRECTION('',(-0.707106781186547,0.0,-0.707106781186547));
#4729=DIRECTION('',(0.0,-1.0,-0.0));
#4730=DIRECTION('',(0.0,-1.0,-0.0));
#4731=CARTESIAN_POINT('',(0.0,-10.02,0.0));
#4732=DIRECTION('',(-0.0,1.0,0.0));
#4733=DIRECTION('',(0.707106781186547,0.0,0.707106781186547));
#4734=CARTESIAN_POINT('',(0.0,-10.02,0.0));
#4735=DIRECTION('',(0.0,1.0,0.0));
#4736=DIRECTION('',(-0.707106781186547,0.0,-0.707106781186547));
ENDSEC;
END-ISO-10303-21;
