2026-10-08 12:08:03,932 INFO  Logger.cs: 70 - 
--------------------------------------------------------------------------------
2026-10-08 12:08:03,962 INFO  Logger.cs: 71 - Logging commencing for SW2URDF exporter
2026-10-08 12:08:03,963 INFO  Logger.cs: 73 - Commit version 1.6.0-4-g7f85cfe
2026-10-08 12:08:03,963 INFO  Logger.cs: 74 - Build version 1.6.7995.38578
2026-10-08 12:08:03,965 INFO  SwAddin.cs: 192 - Attempting to connect to SW
2026-10-08 12:08:03,965 INFO  SwAddin.cs: 197 - Setting up callbacks
2026-10-08 12:08:03,966 INFO  SwAddin.cs: 201 - Setting up command manager
2026-10-08 12:08:03,967 INFO  SwAddin.cs: 204 - Adding command manager
2026-10-08 12:08:03,970 INFO  SwAddin.cs: 263 - Adding Assembly export to file menu
2026-10-08 12:08:03,972 INFO  SwAddin.cs: 272 - Adding Part export to file menu
2026-10-08 12:08:03,972 INFO  SwAddin.cs: 210 - Adding event handlers
2026-10-08 12:08:03,980 INFO  SwAddin.cs: 217 - Connecting plugin to SolidWorks
2026-10-08 12:33:59,673 INFO  SwAddin.cs: 294 - Assembly export called for file ROVER_1000_WATT_VARIANT.SLDASM
2026-10-08 12:33:59,674 INFO  SwAddin.cs: 305 - A rebuild is required
2026-10-08 12:33:59,675 INFO  SwAddin.cs: 313 - Saving assembly
2026-10-08 12:34:03,782 INFO  SwAddin.cs: 316 - Opening property manager
2026-10-08 12:34:03,790 INFO  ExportHelperExtension.cs: 1125 - Retrieving features of type [CoordSys] from ROVER_1000_WATT_VARIANT.SLDASM
2026-10-08 12:34:03,794 INFO  ExportHelperExtension.cs: 1136 - Found 309 in ROVER_1000_WATT_VARIANT.SLDASM
2026-10-08 12:34:03,795 INFO  ExportHelperExtension.cs: 1145 - Found 5 features of type [CoordSys] in ROVER_1000_WATT_VARIANT.SLDASM
2026-10-08 12:34:03,795 INFO  ExportHelperExtension.cs: 1148 - Proceeding through assembly components
2026-10-08 12:34:03,796 INFO  ExportHelperExtension.cs: 1160 - 56 components to check
2026-10-08 12:34:03,797 INFO  ExportHelperExtension.cs: 1125 - Retrieving features of type [CoordSys] from WHEEL_CHUNK_1000_WATT_VARIANT-4
2026-10-08 12:34:03,797 INFO  ExportHelperExtension.cs: 1136 - Found 31 in WHEEL_CHUNK_1000_WATT_VARIANT-4
2026-10-08 12:34:03,798 INFO  ExportHelperExtension.cs: 1145 - Found 0 features of type [CoordSys] in WHEEL_CHUNK_1000_WATT_VARIANT-4
2026-10-08 12:34:03,798 INFO  ExportHelperExtension.cs: 1125 - Retrieving features of type [CoordSys] from WHEEL_CHUNK_1000_WATT_VARIANT-6
2026-10-08 12:34:03,798 INFO  ExportHelperExtension.cs: 1136 - Found 31 in WHEEL_CHUNK_1000_WATT_VARIANT-6
2026-10-08 12:34:03,798 INFO  ExportHelperExtension.cs: 1145 - Found 0 features of type [CoordSys] in WHEEL_CHUNK_1000_WATT_VARIANT-6
2026-10-08 12:34:03,798 INFO  ExportHelperExtension.cs: 1125 - Retrieving features of type [CoordSys] from MOTOR_CHUNK-3
2026-10-08 12:34:03,799 INFO  ExportHelperExtension.cs: 1136 - Found 26 in MOTOR_CHUNK-3
2026-10-08 12:34:03,799 INFO  ExportHelperExtension.cs: 1145 - Found 0 features of type [CoordSys] in MOTOR_CHUNK-3
2026-10-08 12:34:03,799 INFO  ExportHelperExtension.cs: 1125 - Retrieving features of type [CoordSys] from MOTOR_CHUNK-6
2026-10-08 12:34:03,799 INFO  ExportHelperExtension.cs: 1136 - Found 26 in MOTOR_CHUNK-6
2026-10-08 12:34:03,800 INFO  ExportHelperExtension.cs: 1145 - Found 0 features of type [CoordSys] in MOTOR_CHUNK-6
2026-10-08 12:34:03,800 INFO  ExportHelperExtension.cs: 1125 - Retrieving features of type [CoordSys] from SUPPORT_CHUNK_1000_WATT_VARIANT_BACK-1
2026-10-08 12:34:03,800 INFO  ExportHelperExtension.cs: 1136 - Found 115 in SUPPORT_CHUNK_1000_WATT_VARIANT_BACK-1
2026-10-08 12:34:03,801 INFO  ExportHelperExtension.cs: 1145 - Found 0 features of type [CoordSys] in SUPPORT_CHUNK_1000_WATT_VARIANT_BACK-1
2026-10-08 12:34:03,801 INFO  ExportHelperExtension.cs: 1125 - Retrieving features of type [CoordSys] from ALUMINIUM_PROFILE_20x20x176mm-4
2026-10-08 12:34:03,801 INFO  ExportHelperExtension.cs: 1136 - Found 29 in ALUMINIUM_PROFILE_20x20x176mm-4
2026-10-08 12:34:03,801 INFO  ExportHelperExtension.cs: 1145 - Found 0 features of type [CoordSys] in ALUMINIUM_PROFILE_20x20x176mm-4
2026-10-08 12:34:03,802 INFO  ExportHelperExtension.cs: 1125 - Retrieving features of type [CoordSys] from MOTOR_CHUNK-5
2026-10-08 12:34:03,802 INFO  ExportHelperExtension.cs: 1136 - Found 26 in MOTOR_CHUNK-5
2026-10-08 12:34:03,802 INFO  ExportHelperExtension.cs: 1145 - Found 0 features of type [CoordSys] in MOTOR_CHUNK-5
2026-10-08 12:34:03,802 INFO  ExportHelperExtension.cs: 1125 - Retrieving features of type [CoordSys] from SUPPORT_CHUNK_1000_WATT_VARIANT_FRONT-1
2026-10-08 12:34:03,803 INFO  ExportHelperExtension.cs: 1136 - Found 80 in SUPPORT_CHUNK_1000_WATT_VARIANT_FRONT-1
2026-10-08 12:34:03,803 INFO  ExportHelperExtension.cs: 1145 - Found 0 features of type [CoordSys] in SUPPORT_CHUNK_1000_WATT_VARIANT_FRONT-1
2026-10-08 12:34:03,803 INFO  ExportHelperExtension.cs: 1125 - Retrieving features of type [CoordSys] from ALUMINIUM_PROFILE_20x20x176mm-3
2026-10-08 12:34:03,803 INFO  ExportHelperExtension.cs: 1136 - Found 29 in ALUMINIUM_PROFILE_20x20x176mm-3
2026-10-08 12:34:03,803 INFO  ExportHelperExtension.cs: 1145 - Found 0 features of type [CoordSys] in ALUMINIUM_PROFILE_20x20x176mm-3
2026-10-08 12:34:03,804 INFO  ExportHelperExtension.cs: 1125 - Retrieving features of type [CoordSys] from MOTOR_CHUNK-4
2026-10-08 12:34:03,804 INFO  ExportHelperExtension.cs: 1136 - Found 26 in MOTOR_CHUNK-4
2026-10-08 12:34:03,804 INFO  ExportHelperExtension.cs: 1145 - Found 0 features of type [CoordSys] in MOTOR_CHUNK-4
2026-10-08 12:34:03,804 INFO  ExportHelperExtension.cs: 1125 - Retrieving features of type [CoordSys] from BOTTOM_BASE_700x450x5mm_1000_WATT-1
2026-10-08 12:34:03,805 INFO  ExportHelperExtension.cs: 1136 - Found 35 in BOTTOM_BASE_700x450x5mm_1000_WATT-1
2026-10-08 12:34:03,805 INFO  ExportHelperExtension.cs: 1145 - Found 0 features of type [CoordSys] in BOTTOM_BASE_700x450x5mm_1000_WATT-1
2026-10-08 12:34:03,805 INFO  ExportHelperExtension.cs: 1125 - Retrieving features of type [CoordSys] from WHEEL_CHUNK_1000_WATT_VARIANT-3
2026-10-08 12:34:03,805 INFO  ExportHelperExtension.cs: 1136 - Found 31 in WHEEL_CHUNK_1000_WATT_VARIANT-3
2026-10-08 12:34:03,805 INFO  ExportHelperExtension.cs: 1145 - Found 0 features of type [CoordSys] in WHEEL_CHUNK_1000_WATT_VARIANT-3
2026-10-08 12:34:03,806 INFO  ExportHelperExtension.cs: 1125 - Retrieving features of type [CoordSys] from WHEEL_CHUNK_1000_WATT_VARIANT-5
2026-10-08 12:34:03,806 INFO  ExportHelperExtension.cs: 1136 - Found 31 in WHEEL_CHUNK_1000_WATT_VARIANT-5
2026-10-08 12:34:03,806 INFO  ExportHelperExtension.cs: 1145 - Found 0 features of type [CoordSys] in WHEEL_CHUNK_1000_WATT_VARIANT-5
2026-10-08 12:34:03,806 INFO  ExportHelperExtension.cs: 1125 - Retrieving features of type [CoordSys] from FRONT_3mm_AL-2
2026-10-08 12:34:03,807 INFO  ExportHelperExtension.cs: 1136 - Found 31 in FRONT_3mm_AL-2
2026-10-08 12:34:03,807 INFO  ExportHelperExtension.cs: 1145 - Found 0 features of type [CoordSys] in FRONT_3mm_AL-2
2026-10-08 12:34:03,807 INFO  ExportHelperExtension.cs: 1125 - Retrieving features of type [CoordSys] from SWITCH_RUBBER-1
2026-10-08 12:34:03,808 INFO  ExportHelperExtension.cs: 1136 - Found 28 in SWITCH_RUBBER-1
2026-10-08 12:34:03,808 INFO  ExportHelperExtension.cs: 1145 - Found 0 features of type [CoordSys] in SWITCH_RUBBER-1
2026-10-08 12:34:03,809 INFO  ExportHelperExtension.cs: 1125 - Retrieving features of type [CoordSys] from USER_SPACE_BOTTOM_2mm_AL-1
2026-10-08 12:34:03,810 INFO  ExportHelperExtension.cs: 1136 - Found 27 in USER_SPACE_BOTTOM_2mm_AL-1
2026-10-08 12:34:03,810 INFO  ExportHelperExtension.cs: 1145 - Found 0 features of type [CoordSys] in USER_SPACE_BOTTOM_2mm_AL-1
2026-10-08 12:34:03,810 INFO  ExportHelperExtension.cs: 1125 - Retrieving features of type [CoordSys] from RELAY-5
2026-10-08 12:34:03,812 INFO  ExportHelperExtension.cs: 1136 - Found 36 in RELAY-5
2026-10-08 12:34:03,812 INFO  ExportHelperExtension.cs: 1145 - Found 0 features of type [CoordSys] in RELAY-5
2026-10-08 12:34:03,812 INFO  ExportHelperExtension.cs: 1125 - Retrieving features of type [CoordSys] from BOTTOM_REAR_2mm_AL-1
2026-10-08 12:34:03,812 INFO  ExportHelperExtension.cs: 1136 - Found 29 in BOTTOM_REAR_2mm_AL-1
2026-10-08 12:34:03,812 INFO  ExportHelperExtension.cs: 1145 - Found 0 features of type [CoordSys] in BOTTOM_REAR_2mm_AL-1
2026-10-08 12:34:03,813 INFO  ExportHelperExtension.cs: 1125 - Retrieving features of type [CoordSys] from REAR_3mm_AL_BOTTOM-1
2026-10-08 12:34:03,813 INFO  ExportHelperExtension.cs: 1136 - Found 37 in REAR_3mm_AL_BOTTOM-1
2026-10-08 12:34:03,813 INFO  ExportHelperExtension.cs: 1145 - Found 0 features of type [CoordSys] in REAR_3mm_AL_BOTTOM-1
2026-10-08 12:34:03,813 INFO  ExportHelperExtension.cs: 1125 - Retrieving features of type [CoordSys] from RELAY-1
2026-10-08 12:34:03,813 INFO  ExportHelperExtension.cs: 1136 - Found 36 in RELAY-1
2026-10-08 12:34:03,814 INFO  ExportHelperExtension.cs: 1145 - Found 0 features of type [CoordSys] in RELAY-1
2026-10-08 12:34:03,814 INFO  ExportHelperExtension.cs: 1125 - Retrieving features of type [CoordSys] from LATERAL_4mm_AL-1
2026-10-08 12:34:03,814 INFO  ExportHelperExtension.cs: 1136 - Found 29 in LATERAL_4mm_AL-1
2026-10-08 12:34:03,814 INFO  ExportHelperExtension.cs: 1145 - Found 0 features of type [CoordSys] in LATERAL_4mm_AL-1
2026-10-08 12:34:03,815 INFO  ExportHelperExtension.cs: 1125 - Retrieving features of type [CoordSys] from BOTTOM_FRONT_2mm_AL-1
2026-10-08 12:34:03,818 INFO  ExportHelperExtension.cs: 1136 - Found 29 in BOTTOM_FRONT_2mm_AL-1
2026-10-08 12:34:03,819 INFO  ExportHelperExtension.cs: 1145 - Found 0 features of type [CoordSys] in BOTTOM_FRONT_2mm_AL-1
2026-10-08 12:34:03,819 INFO  ExportHelperExtension.cs: 1125 - Retrieving features of type [CoordSys] from LATERAL_4mm_AL-2
2026-10-08 12:34:03,961 INFO  ExportHelperExtension.cs: 1136 - Found 29 in LATERAL_4mm_AL-2
2026-10-08 12:34:03,961 INFO  ExportHelperExtension.cs: 1145 - Found 0 features of type [CoordSys] in LATERAL_4mm_AL-2
2026-10-08 12:34:03,962 INFO  ExportHelperExtension.cs: 1125 - Retrieving features of type [CoordSys] from REAR_3mm_AL_TOP-1
2026-10-08 12:34:03,962 INFO  ExportHelperExtension.cs: 1136 - Found 37 in REAR_3mm_AL_TOP-1
2026-10-08 12:34:03,962 INFO  ExportHelperExtension.cs: 1145 - Found 0 features of type [CoordSys] in REAR_3mm_AL_TOP-1
2026-10-08 12:34:03,963 INFO  ExportHelperExtension.cs: 1125 - Retrieving features of type [CoordSys] from USER_SPASE_REAR_60XT-F-1
2026-10-08 12:34:03,963 INFO  ExportHelperExtension.cs: 1136 - Found 54 in USER_SPASE_REAR_60XT-F-1
2026-10-08 12:34:03,963 INFO  ExportHelperExtension.cs: 1145 - Found 0 features of type [CoordSys] in USER_SPASE_REAR_60XT-F-1
2026-10-08 12:34:03,963 INFO  ExportHelperExtension.cs: 1125 - Retrieving features of type [CoordSys] from USER_SPASE_FRONT_60XT-F-1
2026-10-08 12:34:03,964 INFO  ExportHelperExtension.cs: 1136 - Found 39 in USER_SPASE_FRONT_60XT-F-1
2026-10-08 12:34:03,964 INFO  ExportHelperExtension.cs: 1145 - Found 0 features of type [CoordSys] in USER_SPASE_FRONT_60XT-F-1
2026-10-08 12:34:03,964 INFO  ExportHelperExtension.cs: 1125 - Retrieving features of type [CoordSys] from RELAY-2
2026-10-08 12:34:03,964 INFO  ExportHelperExtension.cs: 1136 - Found 36 in RELAY-2
2026-10-08 12:34:03,964 INFO  ExportHelperExtension.cs: 1145 - Found 0 features of type [CoordSys] in RELAY-2
2026-10-08 12:34:03,965 INFO  ExportHelperExtension.cs: 1125 - Retrieving features of type [CoordSys] from RELAY-4
2026-10-08 12:34:03,965 INFO  ExportHelperExtension.cs: 1136 - Found 36 in RELAY-4
2026-10-08 12:34:03,965 INFO  ExportHelperExtension.cs: 1145 - Found 0 features of type [CoordSys] in RELAY-4
2026-10-08 12:34:03,965 INFO  ExportHelperExtension.cs: 1125 - Retrieving features of type [CoordSys] from ALUMINIUM_PROFILE_20x20x450-2
2026-10-08 12:34:03,965 INFO  ExportHelperExtension.cs: 1136 - Found 27 in ALUMINIUM_PROFILE_20x20x450-2
2026-10-08 12:34:03,966 INFO  ExportHelperExtension.cs: 1145 - Found 0 features of type [CoordSys] in ALUMINIUM_PROFILE_20x20x450-2
2026-10-08 12:34:03,966 INFO  ExportHelperExtension.cs: 1125 - Retrieving features of type [CoordSys] from MOTOR_DRIVER-1
2026-10-08 12:34:03,966 INFO  ExportHelperExtension.cs: 1136 - Found 29 in MOTOR_DRIVER-1
2026-10-08 12:34:03,966 INFO  ExportHelperExtension.cs: 1145 - Found 0 features of type [CoordSys] in MOTOR_DRIVER-1
2026-10-08 12:34:03,966 INFO  ExportHelperExtension.cs: 1125 - Retrieving features of type [CoordSys] from MOTOR_DRIVER-2
2026-10-08 12:34:03,966 INFO  ExportHelperExtension.cs: 1136 - Found 29 in MOTOR_DRIVER-2
2026-10-08 12:34:03,966 INFO  ExportHelperExtension.cs: 1145 - Found 0 features of type [CoordSys] in MOTOR_DRIVER-2
2026-10-08 12:34:03,966 INFO  ExportHelperExtension.cs: 1125 - Retrieving features of type [CoordSys] from XB7NG21-1
2026-10-08 12:34:03,967 INFO  ExportHelperExtension.cs: 1136 - Found 36 in XB7NG21-1
2026-10-08 12:34:03,967 INFO  ExportHelperExtension.cs: 1145 - Found 0 features of type [CoordSys] in XB7NG21-1
2026-10-08 12:34:03,967 INFO  ExportHelperExtension.cs: 1125 - Retrieving features of type [CoordSys] from BATTERY_HOLDER_PLEXIGLASS_5mm-1
2026-10-08 12:34:03,967 INFO  ExportHelperExtension.cs: 1136 - Found 99 in BATTERY_HOLDER_PLEXIGLASS_5mm-1
2026-10-08 12:34:03,968 INFO  ExportHelperExtension.cs: 1145 - Found 0 features of type [CoordSys] in BATTERY_HOLDER_PLEXIGLASS_5mm-1
2026-10-08 12:34:03,968 INFO  ExportHelperExtension.cs: 1125 - Retrieving features of type [CoordSys] from SWITCH-1
2026-10-08 12:34:03,968 INFO  ExportHelperExtension.cs: 1136 - Found 28 in SWITCH-1
2026-10-08 12:34:03,968 INFO  ExportHelperExtension.cs: 1145 - Found 0 features of type [CoordSys] in SWITCH-1
2026-10-08 12:34:03,969 INFO  ExportHelperExtension.cs: 1125 - Retrieving features of type [CoordSys] from MOTOR_DRIVER-3
2026-10-08 12:34:03,969 INFO  ExportHelperExtension.cs: 1136 - Found 29 in MOTOR_DRIVER-3
2026-10-08 12:34:03,969 INFO  ExportHelperExtension.cs: 1145 - Found 0 features of type [CoordSys] in MOTOR_DRIVER-3
2026-10-08 12:34:03,969 INFO  ExportHelperExtension.cs: 1125 - Retrieving features of type [CoordSys] from CM5_DUAL_ETH_4G5G_BOX-1
2026-10-08 12:34:03,969 INFO  ExportHelperExtension.cs: 1136 - Found 50 in CM5_DUAL_ETH_4G5G_BOX-1
2026-10-08 12:34:03,969 INFO  ExportHelperExtension.cs: 1145 - Found 0 features of type [CoordSys] in CM5_DUAL_ETH_4G5G_BOX-1
2026-10-08 12:34:03,969 INFO  ExportHelperExtension.cs: 1125 - Retrieving features of type [CoordSys] from MOTOR_DRIVER-4
2026-10-08 12:34:03,969 INFO  ExportHelperExtension.cs: 1136 - Found 29 in MOTOR_DRIVER-4
2026-10-08 12:34:03,971 INFO  ExportHelperExtension.cs: 1145 - Found 0 features of type [CoordSys] in MOTOR_DRIVER-4
2026-10-08 12:34:03,971 INFO  ExportHelperExtension.cs: 1125 - Retrieving features of type [CoordSys] from RUTX11-1
2026-10-08 12:34:03,971 INFO  ExportHelperExtension.cs: 1136 - Found 36 in RUTX11-1
2026-10-08 12:34:03,971 INFO  ExportHelperExtension.cs: 1145 - Found 0 features of type [CoordSys] in RUTX11-1
2026-10-08 12:34:03,971 INFO  ExportHelperExtension.cs: 1125 - Retrieving features of type [CoordSys] from XB7NT845-1
2026-10-08 12:34:03,971 INFO  ExportHelperExtension.cs: 1136 - Found 36 in XB7NT845-1
2026-10-08 12:34:03,971 INFO  ExportHelperExtension.cs: 1145 - Found 0 features of type [CoordSys] in XB7NT845-1
2026-10-08 12:34:03,971 INFO  ExportHelperExtension.cs: 1125 - Retrieving features of type [CoordSys] from DIN_RAIL_240mm-1
2026-10-08 12:34:03,972 INFO  ExportHelperExtension.cs: 1136 - Found 38 in DIN_RAIL_240mm-1
2026-10-08 12:34:03,972 INFO  ExportHelperExtension.cs: 1145 - Found 0 features of type [CoordSys] in DIN_RAIL_240mm-1
2026-10-08 12:34:03,972 INFO  ExportHelperExtension.cs: 1125 - Retrieving features of type [CoordSys] from ALUMINIUM_PROFILE_20x20x10mm-1
2026-10-08 12:34:03,972 INFO  ExportHelperExtension.cs: 1136 - Found 29 in ALUMINIUM_PROFILE_20x20x10mm-1
2026-10-08 12:34:03,973 INFO  ExportHelperExtension.cs: 1145 - Found 0 features of type [CoordSys] in ALUMINIUM_PROFILE_20x20x10mm-1
2026-10-08 12:34:03,973 INFO  ExportHelperExtension.cs: 1125 - Retrieving features of type [CoordSys] from ALUMINIUM_PROFILE_20x20x450-4
2026-10-08 12:34:03,973 INFO  ExportHelperExtension.cs: 1136 - Found 27 in ALUMINIUM_PROFILE_20x20x450-4
2026-10-08 12:34:03,973 INFO  ExportHelperExtension.cs: 1145 - Found 0 features of type [CoordSys] in ALUMINIUM_PROFILE_20x20x450-4
2026-10-08 12:34:03,973 INFO  ExportHelperExtension.cs: 1125 - Retrieving features of type [CoordSys] from Hex bolt M8x40-3
2026-10-08 12:34:03,973 INFO  ExportHelperExtension.cs: 1136 - Found 44 in Hex bolt M8x40-3
2026-10-08 12:34:03,974 INFO  ExportHelperExtension.cs: 1145 - Found 0 features of type [CoordSys] in Hex bolt M8x40-3
2026-10-08 12:34:03,974 INFO  ExportHelperExtension.cs: 1125 - Retrieving features of type [CoordSys] from Hex bolt M8x40-4
2026-10-08 12:34:03,974 INFO  ExportHelperExtension.cs: 1136 - Found 44 in Hex bolt M8x40-4
2026-10-08 12:34:03,974 INFO  ExportHelperExtension.cs: 1145 - Found 0 features of type [CoordSys] in Hex bolt M8x40-4
2026-10-08 12:34:03,974 INFO  ExportHelperExtension.cs: 1125 - Retrieving features of type [CoordSys] from MAIN_SUPPORT-1
2026-10-08 12:34:03,975 INFO  ExportHelperExtension.cs: 1136 - Found 35 in MAIN_SUPPORT-1
2026-10-08 12:34:03,975 INFO  ExportHelperExtension.cs: 1145 - Found 0 features of type [CoordSys] in MAIN_SUPPORT-1
2026-10-08 12:34:03,975 INFO  ExportHelperExtension.cs: 1125 - Retrieving features of type [CoordSys] from Hex bolt M8x40-1
2026-10-08 12:34:03,975 INFO  ExportHelperExtension.cs: 1136 - Found 44 in Hex bolt M8x40-1
2026-10-08 12:34:03,975 INFO  ExportHelperExtension.cs: 1145 - Found 0 features of type [CoordSys] in Hex bolt M8x40-1
2026-10-08 12:34:03,975 INFO  ExportHelperExtension.cs: 1125 - Retrieving features of type [CoordSys] from Hex bolt M8x40-2
2026-10-08 12:34:03,976 INFO  ExportHelperExtension.cs: 1136 - Found 44 in Hex bolt M8x40-2
2026-10-08 12:34:03,976 INFO  ExportHelperExtension.cs: 1145 - Found 0 features of type [CoordSys] in Hex bolt M8x40-2
2026-10-08 12:34:03,976 INFO  ExportHelperExtension.cs: 1125 - Retrieving features of type [CoordSys] from LED_SYSTEM-1
2026-10-08 12:34:03,976 INFO  ExportHelperExtension.cs: 1136 - Found 27 in LED_SYSTEM-1
2026-10-08 12:34:03,976 INFO  ExportHelperExtension.cs: 1145 - Found 0 features of type [CoordSys] in LED_SYSTEM-1
2026-10-08 12:34:03,977 INFO  ExportHelperExtension.cs: 1125 - Retrieving features of type [CoordSys] from LED_SYSTEM-2
2026-10-08 12:34:03,977 INFO  ExportHelperExtension.cs: 1136 - Found 27 in LED_SYSTEM-2
2026-10-08 12:34:03,977 INFO  ExportHelperExtension.cs: 1145 - Found 0 features of type [CoordSys] in LED_SYSTEM-2
2026-10-08 12:34:03,978 INFO  ExportHelperExtension.cs: 1125 - Retrieving features of type [CoordSys] from COMPONENTS_SUPPORT-1
2026-10-08 12:34:03,978 INFO  ExportHelperExtension.cs: 1136 - Found 31 in COMPONENTS_SUPPORT-1
2026-10-08 12:34:03,978 INFO  ExportHelperExtension.cs: 1145 - Found 0 features of type [CoordSys] in COMPONENTS_SUPPORT-1
2026-10-08 12:34:03,978 INFO  ExportHelperExtension.cs: 1125 - Retrieving features of type [CoordSys] from COMPONENTS_SUPPORT-2
2026-10-08 12:34:03,978 INFO  ExportHelperExtension.cs: 1136 - Found 31 in COMPONENTS_SUPPORT-2
2026-10-08 12:34:03,979 INFO  ExportHelperExtension.cs: 1145 - Found 0 features of type [CoordSys] in COMPONENTS_SUPPORT-2
2026-10-08 12:34:03,979 INFO  ExportHelperExtension.cs: 1125 - Retrieving features of type [CoordSys] from TShape_2020-2
2026-10-08 12:34:03,979 INFO  ExportHelperExtension.cs: 1136 - Found 36 in TShape_2020-2
2026-10-08 12:34:03,979 INFO  ExportHelperExtension.cs: 1145 - Found 0 features of type [CoordSys] in TShape_2020-2
2026-10-08 12:34:03,979 INFO  ExportHelperExtension.cs: 1125 - Retrieving features of type [CoordSys] from TShape_2020-4
2026-10-08 12:34:03,980 INFO  ExportHelperExtension.cs: 1136 - Found 36 in TShape_2020-4
2026-10-08 12:34:03,980 INFO  ExportHelperExtension.cs: 1145 - Found 0 features of type [CoordSys] in TShape_2020-4
2026-10-08 12:34:03,980 INFO  ExportHelperExtension.cs: 1125 - Retrieving features of type [CoordSys] from TShape_2020-3
2026-10-08 12:34:03,980 INFO  ExportHelperExtension.cs: 1136 - Found 36 in TShape_2020-3
2026-10-08 12:34:03,980 INFO  ExportHelperExtension.cs: 1145 - Found 0 features of type [CoordSys] in TShape_2020-3
2026-10-08 12:34:03,980 INFO  ExportHelperExtension.cs: 1125 - Retrieving features of type [CoordSys] from ALUMINIUM_PROFILE_20x20x10mm-2
2026-10-08 12:34:03,980 INFO  ExportHelperExtension.cs: 1136 - Found 29 in ALUMINIUM_PROFILE_20x20x10mm-2
2026-10-08 12:34:03,980 INFO  ExportHelperExtension.cs: 1145 - Found 0 features of type [CoordSys] in ALUMINIUM_PROFILE_20x20x10mm-2
2026-10-08 12:34:03,981 INFO  ExportHelperExtension.cs: 1125 - Retrieving features of type [CoordSys] from TShape_2020-1
2026-10-08 12:34:03,981 INFO  ExportHelperExtension.cs: 1136 - Found 36 in TShape_2020-1
2026-10-08 12:34:03,981 INFO  ExportHelperExtension.cs: 1145 - Found 0 features of type [CoordSys] in TShape_2020-1
2026-10-08 12:34:03,981 INFO  ExportHelperExtension.cs: 1125 - Retrieving features of type [RefAxis] from ROVER_1000_WATT_VARIANT.SLDASM
2026-10-08 12:34:03,981 INFO  ExportHelperExtension.cs: 1136 - Found 309 in ROVER_1000_WATT_VARIANT.SLDASM
2026-10-08 12:34:03,982 INFO  ExportHelperExtension.cs: 1145 - Found 4 features of type [RefAxis] in ROVER_1000_WATT_VARIANT.SLDASM
2026-10-08 12:34:03,982 INFO  ExportHelperExtension.cs: 1148 - Proceeding through assembly components
2026-10-08 12:34:03,982 INFO  ExportHelperExtension.cs: 1160 - 56 components to check
2026-10-08 12:34:03,983 INFO  ExportHelperExtension.cs: 1125 - Retrieving features of type [RefAxis] from WHEEL_CHUNK_1000_WATT_VARIANT-4
2026-10-08 12:34:03,983 INFO  ExportHelperExtension.cs: 1136 - Found 31 in WHEEL_CHUNK_1000_WATT_VARIANT-4
2026-10-08 12:34:03,983 INFO  ExportHelperExtension.cs: 1145 - Found 0 features of type [RefAxis] in WHEEL_CHUNK_1000_WATT_VARIANT-4
2026-10-08 12:34:03,983 INFO  ExportHelperExtension.cs: 1125 - Retrieving features of type [RefAxis] from WHEEL_CHUNK_1000_WATT_VARIANT-6
2026-10-08 12:34:03,983 INFO  ExportHelperExtension.cs: 1136 - Found 31 in WHEEL_CHUNK_1000_WATT_VARIANT-6
2026-10-08 12:34:03,984 INFO  ExportHelperExtension.cs: 1145 - Found 0 features of type [RefAxis] in WHEEL_CHUNK_1000_WATT_VARIANT-6
2026-10-08 12:34:03,984 INFO  ExportHelperExtension.cs: 1125 - Retrieving features of type [RefAxis] from MOTOR_CHUNK-3
2026-10-08 12:34:03,984 INFO  ExportHelperExtension.cs: 1136 - Found 26 in MOTOR_CHUNK-3
2026-10-08 12:34:03,984 INFO  ExportHelperExtension.cs: 1145 - Found 0 features of type [RefAxis] in MOTOR_CHUNK-3
2026-10-08 12:34:03,984 INFO  ExportHelperExtension.cs: 1125 - Retrieving features of type [RefAxis] from MOTOR_CHUNK-6
2026-10-08 12:34:03,985 INFO  ExportHelperExtension.cs: 1136 - Found 26 in MOTOR_CHUNK-6
2026-10-08 12:34:03,985 INFO  ExportHelperExtension.cs: 1145 - Found 0 features of type [RefAxis] in MOTOR_CHUNK-6
2026-10-08 12:34:03,985 INFO  ExportHelperExtension.cs: 1125 - Retrieving features of type [RefAxis] from SUPPORT_CHUNK_1000_WATT_VARIANT_BACK-1
2026-10-08 12:34:03,985 INFO  ExportHelperExtension.cs: 1136 - Found 115 in SUPPORT_CHUNK_1000_WATT_VARIANT_BACK-1
2026-10-08 12:34:03,986 INFO  ExportHelperExtension.cs: 1145 - Found 0 features of type [RefAxis] in SUPPORT_CHUNK_1000_WATT_VARIANT_BACK-1
2026-10-08 12:34:03,986 INFO  ExportHelperExtension.cs: 1125 - Retrieving features of type [RefAxis] from ALUMINIUM_PROFILE_20x20x176mm-4
2026-10-08 12:34:03,986 INFO  ExportHelperExtension.cs: 1136 - Found 29 in ALUMINIUM_PROFILE_20x20x176mm-4
2026-10-08 12:34:03,986 INFO  ExportHelperExtension.cs: 1145 - Found 0 features of type [RefAxis] in ALUMINIUM_PROFILE_20x20x176mm-4
2026-10-08 12:34:03,987 INFO  ExportHelperExtension.cs: 1125 - Retrieving features of type [RefAxis] from MOTOR_CHUNK-5
2026-10-08 12:34:03,987 INFO  ExportHelperExtension.cs: 1136 - Found 26 in MOTOR_CHUNK-5
2026-10-08 12:34:03,987 INFO  ExportHelperExtension.cs: 1145 - Found 0 features of type [RefAxis] in MOTOR_CHUNK-5
2026-10-08 12:34:03,987 INFO  ExportHelperExtension.cs: 1125 - Retrieving features of type [RefAxis] from SUPPORT_CHUNK_1000_WATT_VARIANT_FRONT-1
2026-10-08 12:34:03,987 INFO  ExportHelperExtension.cs: 1136 - Found 80 in SUPPORT_CHUNK_1000_WATT_VARIANT_FRONT-1
2026-10-08 12:34:03,988 INFO  ExportHelperExtension.cs: 1145 - Found 0 features of type [RefAxis] in SUPPORT_CHUNK_1000_WATT_VARIANT_FRONT-1
2026-10-08 12:34:03,988 INFO  ExportHelperExtension.cs: 1125 - Retrieving features of type [RefAxis] from ALUMINIUM_PROFILE_20x20x176mm-3
2026-10-08 12:34:03,988 INFO  ExportHelperExtension.cs: 1136 - Found 29 in ALUMINIUM_PROFILE_20x20x176mm-3
2026-10-08 12:34:03,988 INFO  ExportHelperExtension.cs: 1145 - Found 0 features of type [RefAxis] in ALUMINIUM_PROFILE_20x20x176mm-3
2026-10-08 12:34:03,989 INFO  ExportHelperExtension.cs: 1125 - Retrieving features of type [RefAxis] from MOTOR_CHUNK-4
2026-10-08 12:34:03,989 INFO  ExportHelperExtension.cs: 1136 - Found 26 in MOTOR_CHUNK-4
2026-10-08 12:34:03,989 INFO  ExportHelperExtension.cs: 1145 - Found 0 features of type [RefAxis] in MOTOR_CHUNK-4
2026-10-08 12:34:03,989 INFO  ExportHelperExtension.cs: 1125 - Retrieving features of type [RefAxis] from BOTTOM_BASE_700x450x5mm_1000_WATT-1
2026-10-08 12:34:03,989 INFO  ExportHelperExtension.cs: 1136 - Found 35 in BOTTOM_BASE_700x450x5mm_1000_WATT-1
2026-10-08 12:34:03,989 INFO  ExportHelperExtension.cs: 1145 - Found 0 features of type [RefAxis] in BOTTOM_BASE_700x450x5mm_1000_WATT-1
2026-10-08 12:34:03,989 INFO  ExportHelperExtension.cs: 1125 - Retrieving features of type [RefAxis] from WHEEL_CHUNK_1000_WATT_VARIANT-3
2026-10-08 12:34:03,989 INFO  ExportHelperExtension.cs: 1136 - Found 31 in WHEEL_CHUNK_1000_WATT_VARIANT-3
2026-10-08 12:34:03,991 INFO  ExportHelperExtension.cs: 1145 - Found 0 features of type [RefAxis] in WHEEL_CHUNK_1000_WATT_VARIANT-3
2026-10-08 12:34:03,991 INFO  ExportHelperExtension.cs: 1125 - Retrieving features of type [RefAxis] from WHEEL_CHUNK_1000_WATT_VARIANT-5
2026-10-08 12:34:03,991 INFO  ExportHelperExtension.cs: 1136 - Found 31 in WHEEL_CHUNK_1000_WATT_VARIANT-5
2026-10-08 12:34:03,991 INFO  ExportHelperExtension.cs: 1145 - Found 0 features of type [RefAxis] in WHEEL_CHUNK_1000_WATT_VARIANT-5
2026-10-08 12:34:03,991 INFO  ExportHelperExtension.cs: 1125 - Retrieving features of type [RefAxis] from FRONT_3mm_AL-2
2026-10-08 12:34:03,992 INFO  ExportHelperExtension.cs: 1136 - Found 31 in FRONT_3mm_AL-2
2026-10-08 12:34:03,992 INFO  ExportHelperExtension.cs: 1145 - Found 0 features of type [RefAxis] in FRONT_3mm_AL-2
2026-10-08 12:34:03,992 INFO  ExportHelperExtension.cs: 1125 - Retrieving features of type [RefAxis] from SWITCH_RUBBER-1
2026-10-08 12:34:03,992 INFO  ExportHelperExtension.cs: 1136 - Found 28 in SWITCH_RUBBER-1
2026-10-08 12:34:03,993 INFO  ExportHelperExtension.cs: 1145 - Found 0 features of type [RefAxis] in SWITCH_RUBBER-1
2026-10-08 12:34:03,993 INFO  ExportHelperExtension.cs: 1125 - Retrieving features of type [RefAxis] from USER_SPACE_BOTTOM_2mm_AL-1
2026-10-08 12:34:03,993 INFO  ExportHelperExtension.cs: 1136 - Found 27 in USER_SPACE_BOTTOM_2mm_AL-1
2026-10-08 12:34:03,993 INFO  ExportHelperExtension.cs: 1145 - Found 0 features of type [RefAxis] in USER_SPACE_BOTTOM_2mm_AL-1
2026-10-08 12:34:03,993 INFO  ExportHelperExtension.cs: 1125 - Retrieving features of type [RefAxis] from RELAY-5
2026-10-08 12:34:04,008 INFO  ExportHelperExtension.cs: 1136 - Found 36 in RELAY-5
2026-10-08 12:34:04,008 INFO  ExportHelperExtension.cs: 1145 - Found 0 features of type [RefAxis] in RELAY-5
2026-10-08 12:34:04,009 INFO  ExportHelperExtension.cs: 1125 - Retrieving features of type [RefAxis] from BOTTOM_REAR_2mm_AL-1
2026-10-08 12:34:04,009 INFO  ExportHelperExtension.cs: 1136 - Found 29 in BOTTOM_REAR_2mm_AL-1
2026-10-08 12:34:04,009 INFO  ExportHelperExtension.cs: 1145 - Found 0 features of type [RefAxis] in BOTTOM_REAR_2mm_AL-1
2026-10-08 12:34:04,009 INFO  ExportHelperExtension.cs: 1125 - Retrieving features of type [RefAxis] from REAR_3mm_AL_BOTTOM-1
2026-10-08 12:34:04,010 INFO  ExportHelperExtension.cs: 1136 - Found 37 in REAR_3mm_AL_BOTTOM-1
2026-10-08 12:34:04,010 INFO  ExportHelperExtension.cs: 1145 - Found 0 features of type [RefAxis] in REAR_3mm_AL_BOTTOM-1
2026-10-08 12:34:04,010 INFO  ExportHelperExtension.cs: 1125 - Retrieving features of type [RefAxis] from RELAY-1
2026-10-08 12:34:04,010 INFO  ExportHelperExtension.cs: 1136 - Found 36 in RELAY-1
2026-10-08 12:34:04,010 INFO  ExportHelperExtension.cs: 1145 - Found 0 features of type [RefAxis] in RELAY-1
2026-10-08 12:34:04,010 INFO  ExportHelperExtension.cs: 1125 - Retrieving features of type [RefAxis] from LATERAL_4mm_AL-1
2026-10-08 12:34:04,011 INFO  ExportHelperExtension.cs: 1136 - Found 29 in LATERAL_4mm_AL-1
2026-10-08 12:34:04,011 INFO  ExportHelperExtension.cs: 1145 - Found 0 features of type [RefAxis] in LATERAL_4mm_AL-1
2026-10-08 12:34:04,011 INFO  ExportHelperExtension.cs: 1125 - Retrieving features of type [RefAxis] from BOTTOM_FRONT_2mm_AL-1
2026-10-08 12:34:04,011 INFO  ExportHelperExtension.cs: 1136 - Found 29 in BOTTOM_FRONT_2mm_AL-1
2026-10-08 12:34:04,011 INFO  ExportHelperExtension.cs: 1145 - Found 0 features of type [RefAxis] in BOTTOM_FRONT_2mm_AL-1
2026-10-08 12:34:04,012 INFO  ExportHelperExtension.cs: 1125 - Retrieving features of type [RefAxis] from LATERAL_4mm_AL-2
2026-10-08 12:34:04,012 INFO  ExportHelperExtension.cs: 1136 - Found 29 in LATERAL_4mm_AL-2
2026-10-08 12:34:04,012 INFO  ExportHelperExtension.cs: 1145 - Found 0 features of type [RefAxis] in LATERAL_4mm_AL-2
2026-10-08 12:34:04,012 INFO  ExportHelperExtension.cs: 1125 - Retrieving features of type [RefAxis] from REAR_3mm_AL_TOP-1
2026-10-08 12:34:04,012 INFO  ExportHelperExtension.cs: 1136 - Found 37 in REAR_3mm_AL_TOP-1
2026-10-08 12:34:04,012 INFO  ExportHelperExtension.cs: 1145 - Found 0 features of type [RefAxis] in REAR_3mm_AL_TOP-1
2026-10-08 12:34:04,013 INFO  ExportHelperExtension.cs: 1125 - Retrieving features of type [RefAxis] from USER_SPASE_REAR_60XT-F-1
2026-10-08 12:34:04,013 INFO  ExportHelperExtension.cs: 1136 - Found 54 in USER_SPASE_REAR_60XT-F-1
2026-10-08 12:34:04,013 INFO  ExportHelperExtension.cs: 1145 - Found 0 features of type [RefAxis] in USER_SPASE_REAR_60XT-F-1
2026-10-08 12:34:04,013 INFO  ExportHelperExtension.cs: 1125 - Retrieving features of type [RefAxis] from USER_SPASE_FRONT_60XT-F-1
2026-10-08 12:34:04,013 INFO  ExportHelperExtension.cs: 1136 - Found 39 in USER_SPASE_FRONT_60XT-F-1
2026-10-08 12:34:04,013 INFO  ExportHelperExtension.cs: 1145 - Found 0 features of type [RefAxis] in USER_SPASE_FRONT_60XT-F-1
2026-10-08 12:34:04,015 INFO  ExportHelperExtension.cs: 1125 - Retrieving features of type [RefAxis] from RELAY-2
2026-10-08 12:34:04,015 INFO  ExportHelperExtension.cs: 1136 - Found 36 in RELAY-2
2026-10-08 12:34:04,015 INFO  ExportHelperExtension.cs: 1145 - Found 0 features of type [RefAxis] in RELAY-2
2026-10-08 12:34:04,015 INFO  ExportHelperExtension.cs: 1125 - Retrieving features of type [RefAxis] from RELAY-4
2026-10-08 12:34:04,015 INFO  ExportHelperExtension.cs: 1136 - Found 36 in RELAY-4
2026-10-08 12:34:04,016 INFO  ExportHelperExtension.cs: 1145 - Found 0 features of type [RefAxis] in RELAY-4
2026-10-08 12:34:04,016 INFO  ExportHelperExtension.cs: 1125 - Retrieving features of type [RefAxis] from ALUMINIUM_PROFILE_20x20x450-2
2026-10-08 12:34:04,016 INFO  ExportHelperExtension.cs: 1136 - Found 27 in ALUMINIUM_PROFILE_20x20x450-2
2026-10-08 12:34:04,016 INFO  ExportHelperExtension.cs: 1145 - Found 0 features of type [RefAxis] in ALUMINIUM_PROFILE_20x20x450-2
2026-10-08 12:34:04,016 INFO  ExportHelperExtension.cs: 1125 - Retrieving features of type [RefAxis] from MOTOR_DRIVER-1
2026-10-08 12:34:04,016 INFO  ExportHelperExtension.cs: 1136 - Found 29 in MOTOR_DRIVER-1
2026-10-08 12:34:04,017 INFO  ExportHelperExtension.cs: 1145 - Found 0 features of type [RefAxis] in MOTOR_DRIVER-1
2026-10-08 12:34:04,017 INFO  ExportHelperExtension.cs: 1125 - Retrieving features of type [RefAxis] from MOTOR_DRIVER-2
2026-10-08 12:34:04,017 INFO  ExportHelperExtension.cs: 1136 - Found 29 in MOTOR_DRIVER-2
2026-10-08 12:34:04,017 INFO  ExportHelperExtension.cs: 1145 - Found 0 features of type [RefAxis] in MOTOR_DRIVER-2
2026-10-08 12:34:04,017 INFO  ExportHelperExtension.cs: 1125 - Retrieving features of type [RefAxis] from XB7NG21-1
2026-10-08 12:34:04,018 INFO  ExportHelperExtension.cs: 1136 - Found 36 in XB7NG21-1
2026-10-08 12:34:04,018 INFO  ExportHelperExtension.cs: 1145 - Found 0 features of type [RefAxis] in XB7NG21-1
2026-10-08 12:34:04,018 INFO  ExportHelperExtension.cs: 1125 - Retrieving features of type [RefAxis] from BATTERY_HOLDER_PLEXIGLASS_5mm-1
2026-10-08 12:34:04,018 INFO  ExportHelperExtension.cs: 1136 - Found 99 in BATTERY_HOLDER_PLEXIGLASS_5mm-1
2026-10-08 12:34:04,019 INFO  ExportHelperExtension.cs: 1145 - Found 0 features of type [RefAxis] in BATTERY_HOLDER_PLEXIGLASS_5mm-1
2026-10-08 12:34:04,019 INFO  ExportHelperExtension.cs: 1125 - Retrieving features of type [RefAxis] from SWITCH-1
2026-10-08 12:34:04,019 INFO  ExportHelperExtension.cs: 1136 - Found 28 in SWITCH-1
2026-10-08 12:34:04,019 INFO  ExportHelperExtension.cs: 1145 - Found 0 features of type [RefAxis] in SWITCH-1
2026-10-08 12:34:04,019 INFO  ExportHelperExtension.cs: 1125 - Retrieving features of type [RefAxis] from MOTOR_DRIVER-3
2026-10-08 12:34:04,019 INFO  ExportHelperExtension.cs: 1136 - Found 29 in MOTOR_DRIVER-3
2026-10-08 12:34:04,020 INFO  ExportHelperExtension.cs: 1145 - Found 0 features of type [RefAxis] in MOTOR_DRIVER-3
2026-10-08 12:34:04,020 INFO  ExportHelperExtension.cs: 1125 - Retrieving features of type [RefAxis] from CM5_DUAL_ETH_4G5G_BOX-1
2026-10-08 12:34:04,020 INFO  ExportHelperExtension.cs: 1136 - Found 50 in CM5_DUAL_ETH_4G5G_BOX-1
2026-10-08 12:34:04,020 INFO  ExportHelperExtension.cs: 1145 - Found 0 features of type [RefAxis] in CM5_DUAL_ETH_4G5G_BOX-1
2026-10-08 12:34:04,020 INFO  ExportHelperExtension.cs: 1125 - Retrieving features of type [RefAxis] from MOTOR_DRIVER-4
2026-10-08 12:34:04,020 INFO  ExportHelperExtension.cs: 1136 - Found 29 in MOTOR_DRIVER-4
2026-10-08 12:34:04,020 INFO  ExportHelperExtension.cs: 1145 - Found 0 features of type [RefAxis] in MOTOR_DRIVER-4
2026-10-08 12:34:04,020 INFO  ExportHelperExtension.cs: 1125 - Retrieving features of type [RefAxis] from RUTX11-1
2026-10-08 12:34:04,021 INFO  ExportHelperExtension.cs: 1136 - Found 36 in RUTX11-1
2026-10-08 12:34:04,021 INFO  ExportHelperExtension.cs: 1145 - Found 0 features of type [RefAxis] in RUTX11-1
2026-10-08 12:34:04,021 INFO  ExportHelperExtension.cs: 1125 - Retrieving features of type [RefAxis] from XB7NT845-1
2026-10-08 12:34:04,021 INFO  ExportHelperExtension.cs: 1136 - Found 36 in XB7NT845-1
2026-10-08 12:34:04,022 INFO  ExportHelperExtension.cs: 1145 - Found 0 features of type [RefAxis] in XB7NT845-1
2026-10-08 12:34:04,022 INFO  ExportHelperExtension.cs: 1125 - Retrieving features of type [RefAxis] from DIN_RAIL_240mm-1
2026-10-08 12:34:04,022 INFO  ExportHelperExtension.cs: 1136 - Found 38 in DIN_RAIL_240mm-1
2026-10-08 12:34:04,022 INFO  ExportHelperExtension.cs: 1145 - Found 0 features of type [RefAxis] in DIN_RAIL_240mm-1
2026-10-08 12:34:04,022 INFO  ExportHelperExtension.cs: 1125 - Retrieving features of type [RefAxis] from ALUMINIUM_PROFILE_20x20x10mm-1
2026-10-08 12:34:04,023 INFO  ExportHelperExtension.cs: 1136 - Found 29 in ALUMINIUM_PROFILE_20x20x10mm-1
2026-10-08 12:34:04,023 INFO  ExportHelperExtension.cs: 1145 - Found 0 features of type [RefAxis] in ALUMINIUM_PROFILE_20x20x10mm-1
2026-10-08 12:34:04,023 INFO  ExportHelperExtension.cs: 1125 - Retrieving features of type [RefAxis] from ALUMINIUM_PROFILE_20x20x450-4
2026-10-08 12:34:04,023 INFO  ExportHelperExtension.cs: 1136 - Found 27 in ALUMINIUM_PROFILE_20x20x450-4
2026-10-08 12:34:04,023 INFO  ExportHelperExtension.cs: 1145 - Found 0 features of type [RefAxis] in ALUMINIUM_PROFILE_20x20x450-4
2026-10-08 12:34:04,023 INFO  ExportHelperExtension.cs: 1125 - Retrieving features of type [RefAxis] from Hex bolt M8x40-3
2026-10-08 12:34:04,024 INFO  ExportHelperExtension.cs: 1136 - Found 44 in Hex bolt M8x40-3
2026-10-08 12:34:04,024 INFO  ExportHelperExtension.cs: 1145 - Found 3 features of type [RefAxis] in Hex bolt M8x40-3
2026-10-08 12:34:04,024 INFO  ExportHelperExtension.cs: 1125 - Retrieving features of type [RefAxis] from Hex bolt M8x40-4
2026-10-08 12:34:04,024 INFO  ExportHelperExtension.cs: 1136 - Found 44 in Hex bolt M8x40-4
2026-10-08 12:34:04,025 INFO  ExportHelperExtension.cs: 1145 - Found 3 features of type [RefAxis] in Hex bolt M8x40-4
2026-10-08 12:34:04,025 INFO  ExportHelperExtension.cs: 1125 - Retrieving features of type [RefAxis] from MAIN_SUPPORT-1
2026-10-08 12:34:04,025 INFO  ExportHelperExtension.cs: 1136 - Found 35 in MAIN_SUPPORT-1
2026-10-08 12:34:04,025 INFO  ExportHelperExtension.cs: 1145 - Found 0 features of type [RefAxis] in MAIN_SUPPORT-1
2026-10-08 12:34:04,025 INFO  ExportHelperExtension.cs: 1125 - Retrieving features of type [RefAxis] from Hex bolt M8x40-1
2026-10-08 12:34:04,026 INFO  ExportHelperExtension.cs: 1136 - Found 44 in Hex bolt M8x40-1
2026-10-08 12:34:04,026 INFO  ExportHelperExtension.cs: 1145 - Found 3 features of type [RefAxis] in Hex bolt M8x40-1
2026-10-08 12:34:04,026 INFO  ExportHelperExtension.cs: 1125 - Retrieving features of type [RefAxis] from Hex bolt M8x40-2
2026-10-08 12:34:04,026 INFO  ExportHelperExtension.cs: 1136 - Found 44 in Hex bolt M8x40-2
2026-10-08 12:34:04,026 INFO  ExportHelperExtension.cs: 1145 - Found 3 features of type [RefAxis] in Hex bolt M8x40-2
2026-10-08 12:34:04,026 INFO  ExportHelperExtension.cs: 1125 - Retrieving features of type [RefAxis] from LED_SYSTEM-1
2026-10-08 12:34:04,027 INFO  ExportHelperExtension.cs: 1136 - Found 27 in LED_SYSTEM-1
2026-10-08 12:34:04,027 INFO  ExportHelperExtension.cs: 1145 - Found 0 features of type [RefAxis] in LED_SYSTEM-1
2026-10-08 12:34:04,027 INFO  ExportHelperExtension.cs: 1125 - Retrieving features of type [RefAxis] from LED_SYSTEM-2
2026-10-08 12:34:04,027 INFO  ExportHelperExtension.cs: 1136 - Found 27 in LED_SYSTEM-2
2026-10-08 12:34:04,027 INFO  ExportHelperExtension.cs: 1145 - Found 0 features of type [RefAxis] in LED_SYSTEM-2
2026-10-08 12:34:04,028 INFO  ExportHelperExtension.cs: 1125 - Retrieving features of type [RefAxis] from COMPONENTS_SUPPORT-1
2026-10-08 12:34:04,028 INFO  ExportHelperExtension.cs: 1136 - Found 31 in COMPONENTS_SUPPORT-1
2026-10-08 12:34:04,028 INFO  ExportHelperExtension.cs: 1145 - Found 0 features of type [RefAxis] in COMPONENTS_SUPPORT-1
2026-10-08 12:34:04,028 INFO  ExportHelperExtension.cs: 1125 - Retrieving features of type [RefAxis] from COMPONENTS_SUPPORT-2
2026-10-08 12:34:04,028 INFO  ExportHelperExtension.cs: 1136 - Found 31 in COMPONENTS_SUPPORT-2
2026-10-08 12:34:04,029 INFO  ExportHelperExtension.cs: 1145 - Found 0 features of type [RefAxis] in COMPONENTS_SUPPORT-2
2026-10-08 12:34:04,029 INFO  ExportHelperExtension.cs: 1125 - Retrieving features of type [RefAxis] from TShape_2020-2
2026-10-08 12:34:04,029 INFO  ExportHelperExtension.cs: 1136 - Found 36 in TShape_2020-2
2026-10-08 12:34:04,029 INFO  ExportHelperExtension.cs: 1145 - Found 0 features of type [RefAxis] in TShape_2020-2
2026-10-08 12:34:04,029 INFO  ExportHelperExtension.cs: 1125 - Retrieving features of type [RefAxis] from TShape_2020-4
2026-10-08 12:34:04,029 INFO  ExportHelperExtension.cs: 1136 - Found 36 in TShape_2020-4
2026-10-08 12:34:04,030 INFO  ExportHelperExtension.cs: 1145 - Found 0 features of type [RefAxis] in TShape_2020-4
2026-10-08 12:34:04,030 INFO  ExportHelperExtension.cs: 1125 - Retrieving features of type [RefAxis] from TShape_2020-3
2026-10-08 12:34:04,030 INFO  ExportHelperExtension.cs: 1136 - Found 36 in TShape_2020-3
2026-10-08 12:34:04,030 INFO  ExportHelperExtension.cs: 1145 - Found 0 features of type [RefAxis] in TShape_2020-3
2026-10-08 12:34:04,030 INFO  ExportHelperExtension.cs: 1125 - Retrieving features of type [RefAxis] from ALUMINIUM_PROFILE_20x20x10mm-2
2026-10-08 12:34:04,031 INFO  ExportHelperExtension.cs: 1136 - Found 29 in ALUMINIUM_PROFILE_20x20x10mm-2
2026-10-08 12:34:04,031 INFO  ExportHelperExtension.cs: 1145 - Found 0 features of type [RefAxis] in ALUMINIUM_PROFILE_20x20x10mm-2
2026-10-08 12:34:04,031 INFO  ExportHelperExtension.cs: 1125 - Retrieving features of type [RefAxis] from TShape_2020-1
2026-10-08 12:34:04,031 INFO  ExportHelperExtension.cs: 1136 - Found 36 in TShape_2020-1
2026-10-08 12:34:04,031 INFO  ExportHelperExtension.cs: 1145 - Found 0 features of type [RefAxis] in TShape_2020-1
2026-10-08 12:34:05,366 INFO  SwAddin.cs: 339 - Loading config tree
2026-10-08 12:34:05,370 INFO  ConfigurationSerialization.cs: 276 - URDF Configuration found
<Link z:Id="i1" xmlns="http://schemas.datacontract.org/2004/07/SW2URDF" xmlns:i="http://www.w3.org/2001/XMLSchema-instance" xmlns:z="http://schemas.microsoft.com/2003/10/Serialization/"><Attributes><Attribute z:Id="i2"><AttributeType>name</AttributeType><IsRequired>true</IsRequired><Value i:type="a:string" xmlns:a="http://www.w3.org/2001/XMLSchema">base_link</Value></Attribute></Attributes><ChildElements><URDFElement z:Id="i3" i:type="Inertial"><Attributes/><ChildElements><URDFElement z:Id="i4" i:type="Origin"><Attributes><Attribute z:Id="i5"><AttributeType>xyz</AttributeType><IsRequired>true</IsRequired><Value i:type="a:ArrayOfdouble" xmlns:a="http://schemas.microsoft.com/2003/10/Serialization/Arrays"><a:double>0.016021461766449117</a:double><a:double>-0.00047043545285978321</a:double><a:double>0.10781753100320494</a:double></Value></Attribute><Attribute z:Id="i6"><AttributeType>rpy</AttributeType><IsRequired>true</IsRequired><Value i:type="a:ArrayOfdouble" xmlns:a="http://schemas.microsoft.com/2003/10/Serialization/Arrays"><a:double>0</a:double><a:double>0</a:double><a:double>0</a:double></Value></Attribute></Attributes><ChildElements/><ElementName>origin</ElementName><required>false</required><RPYAttribute z:Ref="i6"/><XYZAttribute z:Ref="i5"/><isCustomized>false</isCustomized></URDFElement><URDFElement z:Id="i7" i:type="Mass"><Attributes><Attribute z:Id="i8"><AttributeType>value</AttributeType><IsRequired>true</IsRequired><Value i:type="a:double" xmlns:a="http://www.w3.org/2001/XMLSchema">37.229769641354771</Value></Attribute></Attributes><ChildElements/><ElementName>mass</ElementName><required>false</required><ValueAttribute z:Ref="i8"/></URDFElement><URDFElement z:Id="i9" i:type="Inertia"><Attributes><Attribute z:Id="i10"><AttributeType>ixx</AttributeType><IsRequired>true</IsRequired><Value i:type="a:double" xmlns:a="http://www.w3.org/2001/XMLSchema">0.32769789733590204</Value></Attribute><Attribute z:Id="i11"><AttributeType>ixy</AttributeType><IsRequired>true</IsRequired><Value i:type="a:double" xmlns:a="http://www.w3.org/2001/XMLSchema">-0.00081538015615264939</Value></Attribute><Attribute z:Id="i12"><AttributeType>ixz</AttributeType><IsRequired>true</IsRequired><Value i:type="a:double" xmlns:a="http://www.w3.org/2001/XMLSchema">3.6964689251923844E-06</Value></Attribute><Attribute z:Id="i13"><AttributeType>iyy</AttributeType><IsRequired>true</IsRequired><Value i:type="a:double" xmlns:a="http://www.w3.org/2001/XMLSchema">0.31446229360654387</Value></Attribute><Attribute z:Id="i14"><AttributeType>iyz</AttributeType><IsRequired>true</IsRequired><Value i:type="a:double" xmlns:a="http://www.w3.org/2001/XMLSchema">-5.4580054468260356E-05</Value></Attribute><Attribute z:Id="i15"><AttributeType>izz</AttributeType><IsRequired>true</IsRequired><Value i:type="a:double" xmlns:a="http://www.w3.org/2001/XMLSchema">0.57169437099184994</Value></Attribute></Attributes><ChildElements/><ElementName>inertia</ElementName><required>false</required><IxxAttribute z:Ref="i10"/><IxyAttribute z:Ref="i11"/><IxzAttribute z:Ref="i12"/><IyyAttribute z:Ref="i13"/><IyzAttribute z:Ref="i14"/><IzzAttribute z:Ref="i15"/></URDFElement></ChildElements><ElementName>inertial</ElementName><required>false</required><Inertia z:Ref="i9"/><Mass z:Ref="i7"/><Origin z:Ref="i4"/></URDFElement><URDFElement z:Id="i16" i:type="Visual"><Attributes/><ChildElements><URDFElement z:Id="i17" i:type="Origin"><Attributes><Attribute z:Id="i18"><AttributeType>xyz</AttributeType><IsRequired>true</IsRequired><Value i:type="a:ArrayOfdouble" xmlns:a="http://schemas.microsoft.com/2003/10/Serialization/Arrays"><a:double>0</a:double><a:double>0</a:double><a:double>0</a:double></Value></Attribute><Attribute z:Id="i19"><AttributeType>rpy</AttributeType><IsRequired>true</IsRequired><Value i:type="a:ArrayOfdouble" xmlns:a="http://schemas.microsoft.com/2003/10/Serialization/Arrays"><a:double>0</a:double><a:double>0</a:double><a:double>0</a:double></Value></Attribute></Attributes><ChildElements/><ElementName>origin</ElementName><required>false</required><RPYAttribute z:Ref="i19"/><XYZAttribute z:Ref="i18"/><isCustomized>false</isCustomized></URDFElement><URDFElement z:Id="i20" i:type="Geometry"><Attributes/><ChildElements><URDFElement z:Id="i21" i:type="Mesh"><Attributes><Attribute z:Id="i22"><AttributeType>filename</AttributeType><IsRequired>true</IsRequired><Value i:nil="true"/></Attribute></Attributes><ChildElements/><ElementName>mesh</ElementName><required>false</required><FilenameAttribute z:Ref="i22"/></URDFElement></ChildElements><ElementName>geometry</ElementName><required>true</required><Mesh z:Ref="i21"/></URDFElement><URDFElement z:Id="i23" i:type="Material"><Attributes><Attribute z:Id="i24"><AttributeType>name</AttributeType><IsRequired>true</IsRequired><Value i:type="a:string" xmlns:a="http://www.w3.org/2001/XMLSchema"/></Attribute></Attributes><ChildElements><URDFElement z:Id="i25" i:type="Color"><Attributes><Attribute z:Id="i26"><AttributeType>rgba</AttributeType><IsRequired>true</IsRequired><Value i:type="a:ArrayOfdouble" xmlns:a="http://schemas.microsoft.com/2003/10/Serialization/Arrays"><a:double>0.792156862745098</a:double><a:double>0.81960784313725488</a:double><a:double>0.93333333333333335</a:double><a:double>1</a:double></Value></Attribute></Attributes><ChildElements/><ElementName>color</ElementName><required>false</required><RGBAAttribute z:Ref="i26"/></URDFElement><URDFElement z:Id="i27" i:type="Texture"><Attributes><Attribute z:Id="i28"><AttributeType>filename</AttributeType><IsRequired>true</IsRequired><Value i:nil="true"/></Attribute></Attributes><ChildElements/><ElementName>texture</ElementName><required>false</required><FilenameAttribute z:Ref="i28"/><wFilename/></URDFElement></ChildElements><ElementName>material</ElementName><required>false</required><Color z:Ref="i25"/><NameAttribute z:Ref="i24"/><Texture z:Ref="i27"/></URDFElement></ChildElements><ElementName>visual</ElementName><required>false</required><Geometry z:Ref="i20"/><Material z:Ref="i23"/><Origin z:Ref="i17"/></URDFElement><URDFElement z:Id="i29" i:type="Collision"><Attributes/><ChildElements><URDFElement z:Id="i30" i:type="Origin"><Attributes><Attribute z:Id="i31"><AttributeType>xyz</AttributeType><IsRequired>true</IsRequired><Value i:type="a:ArrayOfdouble" xmlns:a="http://schemas.microsoft.com/2003/10/Serialization/Arrays"><a:double>0</a:double><a:double>0</a:double><a:double>0</a:double></Value></Attribute><Attribute z:Id="i32"><AttributeType>rpy</AttributeType><IsRequired>true</IsRequired><Value i:type="a:ArrayOfdouble" xmlns:a="http://schemas.microsoft.com/2003/10/Serialization/Arrays"><a:double>0</a:double><a:double>0</a:double><a:double>0</a:double></Value></Attribute></Attributes><ChildElements/><ElementName>origin</ElementName><required>false</required><RPYAttribute z:Ref="i32"/><XYZAttribute z:Ref="i31"/><isCustomized>false</isCustomized></URDFElement><URDFElement z:Id="i33" i:type="Geometry"><Attributes/><ChildElements><URDFElement z:Id="i34" i:type="Mesh"><Attributes><Attribute z:Id="i35"><AttributeType>filename</AttributeType><IsRequired>true</IsRequired><Value i:nil="true"/></Attribute></Attributes><ChildElements/><ElementName>mesh</ElementName><required>false</required><FilenameAttribute z:Ref="i35"/></URDFElement></ChildElements><ElementName>geometry</ElementName><required>true</required><Mesh z:Ref="i34"/></URDFElement></ChildElements><ElementName>collision</ElementName><required>false</required><Geometry z:Ref="i33"/><Origin z:Ref="i30"/></URDFElement><URDFElement z:Id="i36" i:type="Joint"><Attributes><Attribute z:Id="i37"><AttributeType>name</AttributeType><IsRequired>true</IsRequired><Value i:type="a:string" xmlns:a="http://www.w3.org/2001/XMLSchema"/></Attribute><Attribute z:Id="i38"><AttributeType>type</AttributeType><IsRequired>true</IsRequired><Value i:type="a:string" xmlns:a="http://www.w3.org/2001/XMLSchema"/></Attribute></Attributes><ChildElements><URDFElement z:Id="i39" i:type="Origin"><Attributes><Attribute z:Id="i40"><AttributeType>xyz</AttributeType><IsRequired>true</IsRequired><Value i:type="a:ArrayOfdouble" xmlns:a="http://schemas.microsoft.com/2003/10/Serialization/Arrays"><a:double>0</a:double><a:double>0</a:double><a:double>0</a:double></Value></Attribute><Attribute z:Id="i41"><AttributeType>rpy</AttributeType><IsRequired>true</IsRequired><Value i:type="a:ArrayOfdouble" xmlns:a="http://schemas.microsoft.com/2003/10/Serialization/Arrays"><a:double>0</a:double><a:double>0</a:double><a:double>0</a:double></Value></Attribute></Attributes><ChildElements/><ElementName>origin</ElementName><required>false</required><RPYAttribute z:Ref="i41"/><XYZAttribute z:Ref="i40"/><isCustomized>false</isCustomized></URDFElement><URDFElement z:Id="i42" i:type="ParentLink"><Attributes><Attribute z:Id="i43"><AttributeType>link</AttributeType><IsRequired>true</IsRequired><Value i:type="a:string" xmlns:a="http://www.w3.org/2001/XMLSchema"/></Attribute></Attributes><ChildElements/><ElementName>parent</ElementName><required>true</required><NameAttribute z:Ref="i43"/></URDFElement><URDFElement z:Id="i44" i:type="ChildLink"><Attributes><Attribute z:Id="i45"><AttributeType>link</AttributeType><IsRequired>true</IsRequired><Value i:type="a:string" xmlns:a="http://www.w3.org/2001/XMLSchema"/></Attribute></Attributes><ChildElements/><ElementName>child</ElementName><required>true</required><NameAttribute z:Ref="i45"/></URDFElement><URDFElement z:Id="i46" i:type="Axis"><Attributes><Attribute z:Id="i47"><AttributeType>xyz</AttributeType><IsRequired>true</IsRequired><Value i:type="a:ArrayOfdouble" xmlns:a="http://schemas.microsoft.com/2003/10/Serialization/Arrays"><a:double>0</a:double><a:double>0</a:double><a:double>0</a:double></Value></Attribute></Attributes><ChildElements/><ElementName>axis</ElementName><required>false</required><XYZAttribute z:Ref="i47"/></URDFElement><URDFElement z:Id="i48" i:type="Limit"><Attributes><Attribute z:Id="i49"><AttributeType>lower</AttributeType><IsRequired>false</IsRequired><Value i:nil="true"/></Attribute><Attribute z:Id="i50"><AttributeType>upper</AttributeType><IsRequired>false</IsRequired><Value i:nil="true"/></Attribute><Attribute z:Id="i51"><AttributeType>effort</AttributeType><IsRequired>true</IsRequired><Value i:nil="true"/></Attribute><Attribute z:Id="i52"><AttributeType>velocity</AttributeType><IsRequired>true</IsRequired><Value i:nil="true"/></Attribute></Attributes><ChildElements/><ElementName>limit</ElementName><required>false</required><EffortAttribute z:Ref="i51"/><LowerAttribute z:Ref="i49"/><UpperAttribute z:Ref="i50"/><VelocityAttribute z:Ref="i52"/></URDFElement><URDFElement z:Id="i53" i:type="Calibration"><Attributes><Attribute z:Id="i54"><AttributeType>rising</AttributeType><IsRequired>false</IsRequired><Value i:nil="true"/></Attribute><Attribute z:Id="i55"><AttributeType>falling</AttributeType><IsRequired>false</IsRequired><Value i:nil="true"/></Attribute></Attributes><ChildElements/><ElementName>calibration</ElementName><required>false</required><FallingAttribute z:Ref="i55"/><RisingAttribute z:Ref="i54"/></URDFElement><URDFElement z:Id="i56" i:type="Dynamics"><Attributes><Attribute z:Id="i57"><AttributeType>damping</AttributeType><IsRequired>false</IsRequired><Value i:nil="true"/></Attribute><Attribute z:Id="i58"><AttributeType>friction</AttributeType><IsRequired>false</IsRequired><Value i:nil="true"/></Attribute></Attributes><ChildElements/><ElementName>dynamics</ElementName><required>false</required><DampingAttribute z:Ref="i57"/><FrictionAttribute z:Ref="i58"/></URDFElement><URDFElement z:Id="i59" i:type="SafetyController"><Attributes><Attribute z:Id="i60"><AttributeType>soft_upper_limit</AttributeType><IsRequired>false</IsRequired><Value i:nil="true"/></Attribute><Attribute z:Id="i61"><AttributeType>soft_lower_limit</AttributeType><IsRequired>false</IsRequired><Value i:nil="true"/></Attribute><Attribute z:Id="i62"><AttributeType>k_position</AttributeType><IsRequired>false</IsRequired><Value i:nil="true"/></Attribute><Attribute z:Id="i63"><AttributeType>k_velocity</AttributeType><IsRequired>true</IsRequired><Value i:nil="true"/></Attribute></Attributes><ChildElements/><ElementName>safety_controller</ElementName><required>false</required><KPositionAttribute z:Ref="i62"/><KVelocityAttribute z:Ref="i63"/><SoftLowerAttribute z:Ref="i61"/><SoftUpperAttribute z:Ref="i60"/></URDFElement><URDFElement z:Id="i64" i:type="Mimic"><Attributes><Attribute z:Id="i65"><AttributeType>joint</AttributeType><IsRequired>true</IsRequired><Value i:nil="true"/></Attribute><Attribute z:Id="i66"><AttributeType>multiplier</AttributeType><IsRequired>false</IsRequired><Value i:nil="true"/></Attribute><Attribute z:Id="i67"><AttributeType>offset</AttributeType><IsRequired>false</IsRequired><Value i:nil="true"/></Attribute></Attributes><ChildElements/><ElementName>mimic</ElementName><required>false</required><JointNameAttribute z:Ref="i65"/><MultiplierAttribute z:Ref="i66"/><OffsetAttribute z:Ref="i67"/></URDFElement></ChildElements><ElementName>joint</ElementName><required>false</required><Axis z:Ref="i46"/><AxisName/><Calibration z:Ref="i53"/><Child z:Ref="i44"/><CoordinateSystemName>CoordSys_Base</CoordinateSystemName><Dynamics z:Ref="i56"/><Limit z:Ref="i48"/><Mimic z:Ref="i64"/><NameAttribute z:Ref="i37"/><Origin z:Ref="i39"/><Parent z:Ref="i42"/><Safety z:Ref="i59"/><TypeAttribute z:Ref="i38"/></URDFElement></ChildElements><ElementName>link</ElementName><required>true</required><Children><Link z:Id="i68"><Attributes><Attribute z:Id="i69"><AttributeType>name</AttributeType><IsRequired>true</IsRequired><Value i:type="a:string" xmlns:a="http://www.w3.org/2001/XMLSchema">link_back_left</Value></Attribute></Attributes><ChildElements><URDFElement z:Id="i70" i:type="Inertial"><Attributes/><ChildElements><URDFElement z:Id="i71" i:type="Origin"><Attributes><Attribute z:Id="i72"><AttributeType>xyz</AttributeType><IsRequired>true</IsRequired><Value i:type="a:ArrayOfdouble" xmlns:a="http://schemas.microsoft.com/2003/10/Serialization/Arrays"><a:double>-5.0352E-06</a:double><a:double>-0.0024212</a:double><a:double>6.385E-06</a:double></Value></Attribute><Attribute z:Id="i73"><AttributeType>rpy</AttributeType><IsRequired>true</IsRequired><Value i:type="a:ArrayOfdouble" xmlns:a="http://schemas.microsoft.com/2003/10/Serialization/Arrays"><a:double>0</a:double><a:double>0</a:double><a:double>0</a:double></Value></Attribute></Attributes><ChildElements/><ElementName>origin</ElementName><required>false</required><RPYAttribute z:Ref="i73"/><XYZAttribute z:Ref="i72"/><isCustomized>false</isCustomized></URDFElement><URDFElement z:Id="i74" i:type="Mass"><Attributes><Attribute z:Id="i75"><AttributeType>value</AttributeType><IsRequired>true</IsRequired><Value i:type="a:double" xmlns:a="http://www.w3.org/2001/XMLSchema">5.0741</Value></Attribute></Attributes><ChildElements/><ElementName>mass</ElementName><required>false</required><ValueAttribute z:Ref="i75"/></URDFElement><URDFElement z:Id="i76" i:type="Inertia"><Attributes><Attribute z:Id="i77"><AttributeType>ixx</AttributeType><IsRequired>true</IsRequired><Value i:type="a:double" xmlns:a="http://www.w3.org/2001/XMLSchema">0.036669</Value></Attribute><Attribute z:Id="i78"><AttributeType>ixy</AttributeType><IsRequired>true</IsRequired><Value i:type="a:double" xmlns:a="http://www.w3.org/2001/XMLSchema">-2.5769E-07</Value></Attribute><Attribute z:Id="i79"><AttributeType>ixz</AttributeType><IsRequired>true</IsRequired><Value i:type="a:double" xmlns:a="http://www.w3.org/2001/XMLSchema">-1.9301E-07</Value></Attribute><Attribute z:Id="i80"><AttributeType>iyy</AttributeType><IsRequired>true</IsRequired><Value i:type="a:double" xmlns:a="http://www.w3.org/2001/XMLSchema">0.066215</Value></Attribute><Attribute z:Id="i81"><AttributeType>iyz</AttributeType><IsRequired>true</IsRequired><Value i:type="a:double" xmlns:a="http://www.w3.org/2001/XMLSchema">3.2639E-07</Value></Attribute><Attribute z:Id="i82"><AttributeType>izz</AttributeType><IsRequired>true</IsRequired><Value i:type="a:double" xmlns:a="http://www.w3.org/2001/XMLSchema">0.036669</Value></Attribute></Attributes><ChildElements/><ElementName>inertia</ElementName><required>false</required><IxxAttribute z:Ref="i77"/><IxyAttribute z:Ref="i78"/><IxzAttribute z:Ref="i79"/><IyyAttribute z:Ref="i80"/><IyzAttribute z:Ref="i81"/><IzzAttribute z:Ref="i82"/></URDFElement></ChildElements><ElementName>inertial</ElementName><required>false</required><Inertia z:Ref="i76"/><Mass z:Ref="i74"/><Origin z:Ref="i71"/></URDFElement><URDFElement z:Id="i83" i:type="Visual"><Attributes/><ChildElements><URDFElement z:Id="i84" i:type="Origin"><Attributes><Attribute z:Id="i85"><AttributeType>xyz</AttributeType><IsRequired>true</IsRequired><Value i:type="a:ArrayOfdouble" xmlns:a="http://schemas.microsoft.com/2003/10/Serialization/Arrays"><a:double>0</a:double><a:double>0</a:double><a:double>0</a:double></Value></Attribute><Attribute z:Id="i86"><AttributeType>rpy</AttributeType><IsRequired>true</IsRequired><Value i:type="a:ArrayOfdouble" xmlns:a="http://schemas.microsoft.com/2003/10/Serialization/Arrays"><a:double>0</a:double><a:double>0</a:double><a:double>0</a:double></Value></Attribute></Attributes><ChildElements/><ElementName>origin</ElementName><required>false</required><RPYAttribute z:Ref="i86"/><XYZAttribute z:Ref="i85"/><isCustomized>false</isCustomized></URDFElement><URDFElement z:Id="i87" i:type="Geometry"><Attributes/><ChildElements><URDFElement z:Id="i88" i:type="Mesh"><Attributes><Attribute z:Id="i89"><AttributeType>filename</AttributeType><IsRequired>true</IsRequired><Value i:nil="true"/></Attribute></Attributes><ChildElements/><ElementName>mesh</ElementName><required>false</required><FilenameAttribute z:Ref="i89"/></URDFElement></ChildElements><ElementName>geometry</ElementName><required>true</required><Mesh z:Ref="i88"/></URDFElement><URDFElement z:Id="i90" i:type="Material"><Attributes><Attribute z:Id="i91"><AttributeType>name</AttributeType><IsRequired>true</IsRequired><Value i:type="a:string" xmlns:a="http://www.w3.org/2001/XMLSchema"/></Attribute></Attributes><ChildElements><URDFElement z:Id="i92" i:type="Color"><Attributes><Attribute z:Id="i93"><AttributeType>rgba</AttributeType><IsRequired>true</IsRequired><Value i:type="a:ArrayOfdouble" xmlns:a="http://schemas.microsoft.com/2003/10/Serialization/Arrays"><a:double>0.75294</a:double><a:double>0.75294</a:double><a:double>0.75294</a:double><a:double>1</a:double></Value></Attribute></Attributes><ChildElements/><ElementName>color</ElementName><required>false</required><RGBAAttribute z:Ref="i93"/></URDFElement><URDFElement z:Id="i94" i:type="Texture"><Attributes><Attribute z:Id="i95"><AttributeType>filename</AttributeType><IsRequired>true</IsRequired><Value i:nil="true"/></Attribute></Attributes><ChildElements/><ElementName>texture</ElementName><required>false</required><FilenameAttribute z:Ref="i95"/><wFilename/></URDFElement></ChildElements><ElementName>material</ElementName><required>false</required><Color z:Ref="i92"/><NameAttribute z:Ref="i91"/><Texture z:Ref="i94"/></URDFElement></ChildElements><ElementName>visual</ElementName><required>false</required><Geometry z:Ref="i87"/><Material z:Ref="i90"/><Origin z:Ref="i84"/></URDFElement><URDFElement z:Id="i96" i:type="Collision"><Attributes/><ChildElements><URDFElement z:Id="i97" i:type="Origin"><Attributes><Attribute z:Id="i98"><AttributeType>xyz</AttributeType><IsRequired>true</IsRequired><Value i:type="a:ArrayOfdouble" xmlns:a="http://schemas.microsoft.com/2003/10/Serialization/Arrays"><a:double>0</a:double><a:double>0</a:double><a:double>0</a:double></Value></Attribute><Attribute z:Id="i99"><AttributeType>rpy</AttributeType><IsRequired>true</IsRequired><Value i:type="a:ArrayOfdouble" xmlns:a="http://schemas.microsoft.com/2003/10/Serialization/Arrays"><a:double>0</a:double><a:double>0</a:double><a:double>0</a:double></Value></Attribute></Attributes><ChildElements/><ElementName>origin</ElementName><required>false</required><RPYAttribute z:Ref="i99"/><XYZAttribute z:Ref="i98"/><isCustomized>false</isCustomized></URDFElement><URDFElement z:Id="i100" i:type="Geometry"><Attributes/><ChildElements><URDFElement z:Id="i101" i:type="Mesh"><Attributes><Attribute z:Id="i102"><AttributeType>filename</AttributeType><IsRequired>true</IsRequired><Value i:nil="true"/></Attribute></Attributes><ChildElements/><ElementName>mesh</ElementName><required>false</required><FilenameAttribute z:Ref="i102"/></URDFElement></ChildElements><ElementName>geometry</ElementName><required>true</required><Mesh z:Ref="i101"/></URDFElement></ChildElements><ElementName>collision</ElementName><required>false</required><Geometry z:Ref="i100"/><Origin z:Ref="i97"/></URDFElement><URDFElement z:Id="i103" i:type="Joint"><Attributes><Attribute z:Id="i104"><AttributeType>name</AttributeType><IsRequired>true</IsRequired><Value i:type="a:string" xmlns:a="http://www.w3.org/2001/XMLSchema">joint_back_left</Value></Attribute><Attribute z:Id="i105"><AttributeType>type</AttributeType><IsRequired>true</IsRequired><Value i:type="a:string" xmlns:a="http://www.w3.org/2001/XMLSchema">continuous</Value></Attribute></Attributes><ChildElements><URDFElement z:Id="i106" i:type="Origin"><Attributes><Attribute z:Id="i107"><AttributeType>xyz</AttributeType><IsRequired>true</IsRequired><Value i:type="a:ArrayOfdouble" xmlns:a="http://schemas.microsoft.com/2003/10/Serialization/Arrays"><a:double>-0.25156</a:double><a:double>0.30851</a:double><a:double>0.037363</a:double></Value></Attribute><Attribute z:Id="i108"><AttributeType>rpy</AttributeType><IsRequired>true</IsRequired><Value i:type="a:ArrayOfdouble" xmlns:a="http://schemas.microsoft.com/2003/10/Serialization/Arrays"><a:double>0</a:double><a:double>0</a:double><a:double>0</a:double></Value></Attribute></Attributes><ChildElements/><ElementName>origin</ElementName><required>false</required><RPYAttribute z:Ref="i108"/><XYZAttribute z:Ref="i107"/><isCustomized>false</isCustomized></URDFElement><URDFElement z:Id="i109" i:type="ParentLink"><Attributes><Attribute z:Id="i110"><AttributeType>link</AttributeType><IsRequired>true</IsRequired><Value i:type="a:string" xmlns:a="http://www.w3.org/2001/XMLSchema">base_link</Value></Attribute></Attributes><ChildElements/><ElementName>parent</ElementName><required>true</required><NameAttribute z:Ref="i110"/></URDFElement><URDFElement z:Id="i111" i:type="ChildLink"><Attributes><Attribute z:Id="i112"><AttributeType>link</AttributeType><IsRequired>true</IsRequired><Value i:type="a:string" xmlns:a="http://www.w3.org/2001/XMLSchema">link_back_left</Value></Attribute></Attributes><ChildElements/><ElementName>child</ElementName><required>true</required><NameAttribute z:Ref="i112"/></URDFElement><URDFElement z:Id="i113" i:type="Axis"><Attributes><Attribute z:Id="i114"><AttributeType>xyz</AttributeType><IsRequired>true</IsRequired><Value i:type="a:ArrayOfdouble" xmlns:a="http://schemas.microsoft.com/2003/10/Serialization/Arrays"><a:double>0</a:double><a:double>1</a:double><a:double>0</a:double></Value></Attribute></Attributes><ChildElements/><ElementName>axis</ElementName><required>false</required><XYZAttribute z:Ref="i114"/></URDFElement><URDFElement z:Id="i115" i:type="Limit"><Attributes><Attribute z:Id="i116"><AttributeType>lower</AttributeType><IsRequired>false</IsRequired><Value i:nil="true"/></Attribute><Attribute z:Id="i117"><AttributeType>upper</AttributeType><IsRequired>false</IsRequired><Value i:nil="true"/></Attribute><Attribute z:Id="i118"><AttributeType>effort</AttributeType><IsRequired>true</IsRequired><Value i:nil="true"/></Attribute><Attribute z:Id="i119"><AttributeType>velocity</AttributeType><IsRequired>true</IsRequired><Value i:nil="true"/></Attribute></Attributes><ChildElements/><ElementName>limit</ElementName><required>false</required><EffortAttribute z:Ref="i118"/><LowerAttribute z:Ref="i116"/><UpperAttribute z:Ref="i117"/><VelocityAttribute z:Ref="i119"/></URDFElement><URDFElement z:Id="i120" i:type="Calibration"><Attributes><Attribute z:Id="i121"><AttributeType>rising</AttributeType><IsRequired>false</IsRequired><Value i:nil="true"/></Attribute><Attribute z:Id="i122"><AttributeType>falling</AttributeType><IsRequired>false</IsRequired><Value i:nil="true"/></Attribute></Attributes><ChildElements/><ElementName>calibration</ElementName><required>false</required><FallingAttribute z:Ref="i122"/><RisingAttribute z:Ref="i121"/></URDFElement><URDFElement z:Id="i123" i:type="Dynamics"><Attributes><Attribute z:Id="i124"><AttributeType>damping</AttributeType><IsRequired>false</IsRequired><Value i:nil="true"/></Attribute><Attribute z:Id="i125"><AttributeType>friction</AttributeType><IsRequired>false</IsRequired><Value i:nil="true"/></Attribute></Attributes><ChildElements/><ElementName>dynamics</ElementName><required>false</required><DampingAttribute z:Ref="i124"/><FrictionAttribute z:Ref="i125"/></URDFElement><URDFElement z:Id="i126" i:type="SafetyController"><Attributes><Attribute z:Id="i127"><AttributeType>soft_upper_limit</AttributeType><IsRequired>false</IsRequired><Value i:nil="true"/></Attribute><Attribute z:Id="i128"><AttributeType>soft_lower_limit</AttributeType><IsRequired>false</IsRequired><Value i:nil="true"/></Attribute><Attribute z:Id="i129"><AttributeType>k_position</AttributeType><IsRequired>false</IsRequired><Value i:nil="true"/></Attribute><Attribute z:Id="i130"><AttributeType>k_velocity</AttributeType><IsRequired>true</IsRequired><Value i:nil="true"/></Attribute></Attributes><ChildElements/><ElementName>safety_controller</ElementName><required>false</required><KPositionAttribute z:Ref="i129"/><KVelocityAttribute z:Ref="i130"/><SoftLowerAttribute z:Ref="i128"/><SoftUpperAttribute z:Ref="i127"/></URDFElement><URDFElement z:Id="i131" i:type="Mimic"><Attributes><Attribute z:Id="i132"><AttributeType>joint</AttributeType><IsRequired>true</IsRequired><Value i:nil="true"/></Attribute><Attribute z:Id="i133"><AttributeType>multiplier</AttributeType><IsRequired>false</IsRequired><Value i:nil="true"/></Attribute><Attribute z:Id="i134"><AttributeType>offset</AttributeType><IsRequired>false</IsRequired><Value i:nil="true"/></Attribute></Attributes><ChildElements/><ElementName>mimic</ElementName><required>false</required><JointNameAttribute z:Ref="i132"/><MultiplierAttribute z:Ref="i133"/><OffsetAttribute z:Ref="i134"/></URDFElement></ChildElements><ElementName>joint</ElementName><required>false</required><Axis z:Ref="i113"/><AxisName>Axis_WheelBackLeft</AxisName><Calibration z:Ref="i120"/><Child z:Ref="i111"/><CoordinateSystemName>CoordSys_WheelBackLeft</CoordinateSystemName><Dynamics z:Ref="i123"/><Limit z:Ref="i115"/><Mimic z:Ref="i131"/><NameAttribute z:Ref="i104"/><Origin z:Ref="i106"/><Parent z:Ref="i109"/><Safety z:Ref="i126"/><TypeAttribute z:Ref="i105"/></URDFElement></ChildElements><ElementName>link</ElementName><required>true</required><Children/><Collision z:Ref="i96"/><Inertial z:Ref="i70"/><Joint z:Ref="i103"/><NameAttribute z:Ref="i69"/><Parent z:Ref="i1"/><STLQualityFine>false</STLQualityFine><SWComponentPIDs xmlns:a="http://schemas.microsoft.com/2003/10/Serialization/Arrays"><a:base64Binary>gD4AAAUAAAD//v83VwBIAEUARQBMAF8AQwBIAFUATgBLAF8AMQAwADAAMABfAFcAQQBUAFQAXwBWAEEAUgBJAEEATgBUAC0AMwBAAFIATwBWAEUAUgBfADEAMAAwADAAXwBXAEEAVABUAF8AVgBBAFIASQBBAE4AVAAEAAAAEAAAAAEAAAABAAAAyAkAAA==</a:base64Binary></SWComponentPIDs><SWMainComponentPID i:nil="true"/><Visual z:Ref="i83"/><isFixedFrame>false</isFixedFrame><isIncomplete>false</isIncomplete></Link><Link z:Id="i135"><Attributes><Attribute z:Id="i136"><AttributeType>name</AttributeType><IsRequired>true</IsRequired><Value i:type="a:string" xmlns:a="http://www.w3.org/2001/XMLSchema">link_back_right</Value></Attribute></Attributes><ChildElements><URDFElement z:Id="i137" i:type="Inertial"><Attributes/><ChildElements><URDFElement z:Id="i138" i:type="Origin"><Attributes><Attribute z:Id="i139"><AttributeType>xyz</AttributeType><IsRequired>true</IsRequired><Value i:type="a:ArrayOfdouble" xmlns:a="http://schemas.microsoft.com/2003/10/Serialization/Arrays"><a:double>8.1206E-06</a:double><a:double>0.0024212</a:double><a:double>4.2036E-07</a:double></Value></Attribute><Attribute z:Id="i140"><AttributeType>rpy</AttributeType><IsRequired>true</IsRequired><Value i:type="a:ArrayOfdouble" xmlns:a="http://schemas.microsoft.com/2003/10/Serialization/Arrays"><a:double>0</a:double><a:double>0</a:double><a:double>0</a:double></Value></Attribute></Attributes><ChildElements/><ElementName>origin</ElementName><required>false</required><RPYAttribute z:Ref="i140"/><XYZAttribute z:Ref="i139"/><isCustomized>false</isCustomized></URDFElement><URDFElement z:Id="i141" i:type="Mass"><Attributes><Attribute z:Id="i142"><AttributeType>value</AttributeType><IsRequired>true</IsRequired><Value i:type="a:double" xmlns:a="http://www.w3.org/2001/XMLSchema">5.0741</Value></Attribute></Attributes><ChildElements/><ElementName>mass</ElementName><required>false</required><ValueAttribute z:Ref="i142"/></URDFElement><URDFElement z:Id="i143" i:type="Inertia"><Attributes><Attribute z:Id="i144"><AttributeType>ixx</AttributeType><IsRequired>true</IsRequired><Value i:type="a:double" xmlns:a="http://www.w3.org/2001/XMLSchema">0.036669</Value></Attribute><Attribute z:Id="i145"><AttributeType>ixy</AttributeType><IsRequired>true</IsRequired><Value i:type="a:double" xmlns:a="http://www.w3.org/2001/XMLSchema">-4.1531E-07</Value></Attribute><Attribute z:Id="i146"><AttributeType>ixz</AttributeType><IsRequired>true</IsRequired><Value i:type="a:double" xmlns:a="http://www.w3.org/2001/XMLSchema">1.718E-08</Value></Attribute><Attribute z:Id="i147"><AttributeType>iyy</AttributeType><IsRequired>true</IsRequired><Value i:type="a:double" xmlns:a="http://www.w3.org/2001/XMLSchema">0.066215</Value></Attribute><Attribute z:Id="i148"><AttributeType>iyz</AttributeType><IsRequired>true</IsRequired><Value i:type="a:double" xmlns:a="http://www.w3.org/2001/XMLSchema">-2.1256E-08</Value></Attribute><Attribute z:Id="i149"><AttributeType>izz</AttributeType><IsRequired>true</IsRequired><Value i:type="a:double" xmlns:a="http://www.w3.org/2001/XMLSchema">0.036669</Value></Attribute></Attributes><ChildElements/><ElementName>inertia</ElementName><required>false</required><IxxAttribute z:Ref="i144"/><IxyAttribute z:Ref="i145"/><IxzAttribute z:Ref="i146"/><IyyAttribute z:Ref="i147"/><IyzAttribute z:Ref="i148"/><IzzAttribute z:Ref="i149"/></URDFElement></ChildElements><ElementName>inertial</ElementName><required>false</required><Inertia z:Ref="i143"/><Mass z:Ref="i141"/><Origin z:Ref="i138"/></URDFElement><URDFElement z:Id="i150" i:type="Visual"><Attributes/><ChildElements><URDFElement z:Id="i151" i:type="Origin"><Attributes><Attribute z:Id="i152"><AttributeType>xyz</AttributeType><IsRequired>true</IsRequired><Value i:type="a:ArrayOfdouble" xmlns:a="http://schemas.microsoft.com/2003/10/Serialization/Arrays"><a:double>0</a:double><a:double>0</a:double><a:double>0</a:double></Value></Attribute><Attribute z:Id="i153"><AttributeType>rpy</AttributeType><IsRequired>true</IsRequired><Value i:type="a:ArrayOfdouble" xmlns:a="http://schemas.microsoft.com/2003/10/Serialization/Arrays"><a:double>0</a:double><a:double>0</a:double><a:double>0</a:double></Value></Attribute></Attributes><ChildElements/><ElementName>origin</ElementName><required>false</required><RPYAttribute z:Ref="i153"/><XYZAttribute z:Ref="i152"/><isCustomized>false</isCustomized></URDFElement><URDFElement z:Id="i154" i:type="Geometry"><Attributes/><ChildElements><URDFElement z:Id="i155" i:type="Mesh"><Attributes><Attribute z:Id="i156"><AttributeType>filename</AttributeType><IsRequired>true</IsRequired><Value i:nil="true"/></Attribute></Attributes><ChildElements/><ElementName>mesh</ElementName><required>false</required><FilenameAttribute z:Ref="i156"/></URDFElement></ChildElements><ElementName>geometry</ElementName><required>true</required><Mesh z:Ref="i155"/></URDFElement><URDFElement z:Id="i157" i:type="Material"><Attributes><Attribute z:Id="i158"><AttributeType>name</AttributeType><IsRequired>true</IsRequired><Value i:type="a:string" xmlns:a="http://www.w3.org/2001/XMLSchema"/></Attribute></Attributes><ChildElements><URDFElement z:Id="i159" i:type="Color"><Attributes><Attribute z:Id="i160"><AttributeType>rgba</AttributeType><IsRequired>true</IsRequired><Value i:type="a:ArrayOfdouble" xmlns:a="http://schemas.microsoft.com/2003/10/Serialization/Arrays"><a:double>0.75294</a:double><a:double>0.75294</a:double><a:double>0.75294</a:double><a:double>1</a:double></Value></Attribute></Attributes><ChildElements/><ElementName>color</ElementName><required>false</required><RGBAAttribute z:Ref="i160"/></URDFElement><URDFElement z:Id="i161" i:type="Texture"><Attributes><Attribute z:Id="i162"><AttributeType>filename</AttributeType><IsRequired>true</IsRequired><Value i:nil="true"/></Attribute></Attributes><ChildElements/><ElementName>texture</ElementName><required>false</required><FilenameAttribute z:Ref="i162"/><wFilename/></URDFElement></ChildElements><ElementName>material</ElementName><required>false</required><Color z:Ref="i159"/><NameAttribute z:Ref="i158"/><Texture z:Ref="i161"/></URDFElement></ChildElements><ElementName>visual</ElementName><required>false</required><Geometry z:Ref="i154"/><Material z:Ref="i157"/><Origin z:Ref="i151"/></URDFElement><URDFElement z:Id="i163" i:type="Collision"><Attributes/><ChildElements><URDFElement z:Id="i164" i:type="Origin"><Attributes><Attribute z:Id="i165"><AttributeType>xyz</AttributeType><IsRequired>true</IsRequired><Value i:type="a:ArrayOfdouble" xmlns:a="http://schemas.microsoft.com/2003/10/Serialization/Arrays"><a:double>0</a:double><a:double>0</a:double><a:double>0</a:double></Value></Attribute><Attribute z:Id="i166"><AttributeType>rpy</AttributeType><IsRequired>true</IsRequired><Value i:type="a:ArrayOfdouble" xmlns:a="http://schemas.microsoft.com/2003/10/Serialization/Arrays"><a:double>0</a:double><a:double>0</a:double><a:double>0</a:double></Value></Attribute></Attributes><ChildElements/><ElementName>origin</ElementName><required>false</required><RPYAttribute z:Ref="i166"/><XYZAttribute z:Ref="i165"/><isCustomized>false</isCustomized></URDFElement><URDFElement z:Id="i167" i:type="Geometry"><Attributes/><ChildElements><URDFElement z:Id="i168" i:type="Mesh"><Attributes><Attribute z:Id="i169"><AttributeType>filename</AttributeType><IsRequired>true</IsRequired><Value i:nil="true"/></Attribute></Attributes><ChildElements/><ElementName>mesh</ElementName><required>false</required><FilenameAttribute z:Ref="i169"/></URDFElement></ChildElements><ElementName>geometry</ElementName><required>true</required><Mesh z:Ref="i168"/></URDFElement></ChildElements><ElementName>collision</ElementName><required>false</required><Geometry z:Ref="i167"/><Origin z:Ref="i164"/></URDFElement><URDFElement z:Id="i170" i:type="Joint"><Attributes><Attribute z:Id="i171"><AttributeType>name</AttributeType><IsRequired>true</IsRequired><Value i:type="a:string" xmlns:a="http://www.w3.org/2001/XMLSchema">joint_back_right</Value></Attribute><Attribute z:Id="i172"><AttributeType>type</AttributeType><IsRequired>true</IsRequired><Value i:type="a:string" xmlns:a="http://www.w3.org/2001/XMLSchema">continuous</Value></Attribute></Attributes><ChildElements><URDFElement z:Id="i173" i:type="Origin"><Attributes><Attribute z:Id="i174"><AttributeType>xyz</AttributeType><IsRequired>true</IsRequired><Value i:type="a:ArrayOfdouble" xmlns:a="http://schemas.microsoft.com/2003/10/Serialization/Arrays"><a:double>-0.25156</a:double><a:double>-0.30851</a:double><a:double>0.037363</a:double></Value></Attribute><Attribute z:Id="i175"><AttributeType>rpy</AttributeType><IsRequired>true</IsRequired><Value i:type="a:ArrayOfdouble" xmlns:a="http://schemas.microsoft.com/2003/10/Serialization/Arrays"><a:double>0</a:double><a:double>0</a:double><a:double>0</a:double></Value></Attribute></Attributes><ChildElements/><ElementName>origin</ElementName><required>false</required><RPYAttribute z:Ref="i175"/><XYZAttribute z:Ref="i174"/><isCustomized>false</isCustomized></URDFElement><URDFElement z:Id="i176" i:type="ParentLink"><Attributes><Attribute z:Id="i177"><AttributeType>link</AttributeType><IsRequired>true</IsRequired><Value i:type="a:string" xmlns:a="http://www.w3.org/2001/XMLSchema">base_link</Value></Attribute></Attributes><ChildElements/><ElementName>parent</ElementName><required>true</required><NameAttribute z:Ref="i177"/></URDFElement><URDFElement z:Id="i178" i:type="ChildLink"><Attributes><Attribute z:Id="i179"><AttributeType>link</AttributeType><IsRequired>true</IsRequired><Value i:type="a:string" xmlns:a="http://www.w3.org/2001/XMLSchema">link_back_right</Value></Attribute></Attributes><ChildElements/><ElementName>child</ElementName><required>true</required><NameAttribute z:Ref="i179"/></URDFElement><URDFElement z:Id="i180" i:type="Axis"><Attributes><Attribute z:Id="i181"><AttributeType>xyz</AttributeType><IsRequired>true</IsRequired><Value i:type="a:ArrayOfdouble" xmlns:a="http://schemas.microsoft.com/2003/10/Serialization/Arrays"><a:double>0</a:double><a:double>1</a:double><a:double>0</a:double></Value></Attribute></Attributes><ChildElements/><ElementName>axis</ElementName><required>false</required><XYZAttribute z:Ref="i181"/></URDFElement><URDFElement z:Id="i182" i:type="Limit"><Attributes><Attribute z:Id="i183"><AttributeType>lower</AttributeType><IsRequired>false</IsRequired><Value i:nil="true"/></Attribute><Attribute z:Id="i184"><AttributeType>upper</AttributeType><IsRequired>false</IsRequired><Value i:nil="true"/></Attribute><Attribute z:Id="i185"><AttributeType>effort</AttributeType><IsRequired>true</IsRequired><Value i:nil="true"/></Attribute><Attribute z:Id="i186"><AttributeType>velocity</AttributeType><IsRequired>true</IsRequired><Value i:nil="true"/></Attribute></Attributes><ChildElements/><ElementName>limit</ElementName><required>false</required><EffortAttribute z:Ref="i185"/><LowerAttribute z:Ref="i183"/><UpperAttribute z:Ref="i184"/><VelocityAttribute z:Ref="i186"/></URDFElement><URDFElement z:Id="i187" i:type="Calibration"><Attributes><Attribute z:Id="i188"><AttributeType>rising</AttributeType><IsRequired>false</IsRequired><Value i:nil="true"/></Attribute><Attribute z:Id="i189"><AttributeType>falling</AttributeType><IsRequired>false</IsRequired><Value i:nil="true"/></Attribute></Attributes><ChildElements/><ElementName>calibration</ElementName><required>false</required><FallingAttribute z:Ref="i189"/><RisingAttribute z:Ref="i188"/></URDFElement><URDFElement z:Id="i190" i:type="Dynamics"><Attributes><Attribute z:Id="i191"><AttributeType>damping</AttributeType><IsRequired>false</IsRequired><Value i:nil="true"/></Attribute><Attribute z:Id="i192"><AttributeType>friction</AttributeType><IsRequired>false</IsRequired><Value i:nil="true"/></Attribute></Attributes><ChildElements/><ElementName>dynamics</ElementName><required>false</required><DampingAttribute z:Ref="i191"/><FrictionAttribute z:Ref="i192"/></URDFElement><URDFElement z:Id="i193" i:type="SafetyController"><Attributes><Attribute z:Id="i194"><AttributeType>soft_upper_limit</AttributeType><IsRequired>false</IsRequired><Value i:nil="true"/></Attribute><Attribute z:Id="i195"><AttributeType>soft_lower_limit</AttributeType><IsRequired>false</IsRequired><Value i:nil="true"/></Attribute><Attribute z:Id="i196"><AttributeType>k_position</AttributeType><IsRequired>false</IsRequired><Value i:nil="true"/></Attribute><Attribute z:Id="i197"><AttributeType>k_velocity</AttributeType><IsRequired>true</IsRequired><Value i:nil="true"/></Attribute></Attributes><ChildElements/><ElementName>safety_controller</ElementName><required>false</required><KPositionAttribute z:Ref="i196"/><KVelocityAttribute z:Ref="i197"/><SoftLowerAttribute z:Ref="i195"/><SoftUpperAttribute z:Ref="i194"/></URDFElement><URDFElement z:Id="i198" i:type="Mimic"><Attributes><Attribute z:Id="i199"><AttributeType>joint</AttributeType><IsRequired>true</IsRequired><Value i:nil="true"/></Attribute><Attribute z:Id="i200"><AttributeType>multiplier</AttributeType><IsRequired>false</IsRequired><Value i:nil="true"/></Attribute><Attribute z:Id="i201"><AttributeType>offset</AttributeType><IsRequired>false</IsRequired><Value i:nil="true"/></Attribute></Attributes><ChildElements/><ElementName>mimic</ElementName><required>false</required><JointNameAttribute z:Ref="i199"/><MultiplierAttribute z:Ref="i200"/><OffsetAttribute z:Ref="i201"/></URDFElement></ChildElements><ElementName>joint</ElementName><required>false</required><Axis z:Ref="i180"/><AxisName>Axis_WheelBackRight</AxisName><Calibration z:Ref="i187"/><Child z:Ref="i178"/><CoordinateSystemName>CoordSys_WheelBackRight</CoordinateSystemName><Dynamics z:Ref="i190"/><Limit z:Ref="i182"/><Mimic z:Ref="i198"/><NameAttribute z:Ref="i171"/><Origin z:Ref="i173"/><Parent z:Ref="i176"/><Safety z:Ref="i193"/><TypeAttribute z:Ref="i172"/></URDFElement></ChildElements><ElementName>link</ElementName><required>true</required><Children/><Collision z:Ref="i163"/><Inertial z:Ref="i137"/><Joint z:Ref="i170"/><NameAttribute z:Ref="i136"/><Parent z:Ref="i1"/><STLQualityFine>false</STLQualityFine><SWComponentPIDs xmlns:a="http://schemas.microsoft.com/2003/10/Serialization/Arrays"><a:base64Binary>gD4AAAUAAAD//v83VwBIAEUARQBMAF8AQwBIAFUATgBLAF8AMQAwADAAMABfAFcAQQBUAFQAXwBWAEEAUgBJAEEATgBUAC0ANABAAFIATwBWAEUAUgBfADEAMAAwADAAXwBXAEEAVABUAF8AVgBBAFIASQBBAE4AVAAEAAAAEAAAAAEAAAABAAAAzAkAAA==</a:base64Binary></SWComponentPIDs><SWMainComponentPID i:nil="true"/><Visual z:Ref="i150"/><isFixedFrame>false</isFixedFrame><isIncomplete>false</isIncomplete></Link><Link z:Id="i202"><Attributes><Attribute z:Id="i203"><AttributeType>name</AttributeType><IsRequired>true</IsRequired><Value i:type="a:string" xmlns:a="http://www.w3.org/2001/XMLSchema">link_front_right</Value></Attribute></Attributes><ChildElements><URDFElement z:Id="i204" i:type="Inertial"><Attributes/><ChildElements><URDFElement z:Id="i205" i:type="Origin"><Attributes><Attribute z:Id="i206"><AttributeType>xyz</AttributeType><IsRequired>true</IsRequired><Value i:type="a:ArrayOfdouble" xmlns:a="http://schemas.microsoft.com/2003/10/Serialization/Arrays"><a:double>3.603E-06</a:double><a:double>0.0024212</a:double><a:double>7.2897E-06</a:double></Value></Attribute><Attribute z:Id="i207"><AttributeType>rpy</AttributeType><IsRequired>true</IsRequired><Value i:type="a:ArrayOfdouble" xmlns:a="http://schemas.microsoft.com/2003/10/Serialization/Arrays"><a:double>0</a:double><a:double>0</a:double><a:double>0</a:double></Value></Attribute></Attributes><ChildElements/><ElementName>origin</ElementName><required>false</required><RPYAttribute z:Ref="i207"/><XYZAttribute z:Ref="i206"/><isCustomized>false</isCustomized></URDFElement><URDFElement z:Id="i208" i:type="Mass"><Attributes><Attribute z:Id="i209"><AttributeType>value</AttributeType><IsRequired>true</IsRequired><Value i:type="a:double" xmlns:a="http://www.w3.org/2001/XMLSchema">5.0741</Value></Attribute></Attributes><ChildElements/><ElementName>mass</ElementName><required>false</required><ValueAttribute z:Ref="i209"/></URDFElement><URDFElement z:Id="i210" i:type="Inertia"><Attributes><Attribute z:Id="i211"><AttributeType>ixx</AttributeType><IsRequired>true</IsRequired><Value i:type="a:double" xmlns:a="http://www.w3.org/2001/XMLSchema">0.036669</Value></Attribute><Attribute z:Id="i212"><AttributeType>ixy</AttributeType><IsRequired>true</IsRequired><Value i:type="a:double" xmlns:a="http://www.w3.org/2001/XMLSchema">-1.8448E-07</Value></Attribute><Attribute z:Id="i213"><AttributeType>ixz</AttributeType><IsRequired>true</IsRequired><Value i:type="a:double" xmlns:a="http://www.w3.org/2001/XMLSchema">1.5903E-07</Value></Attribute><Attribute z:Id="i214"><AttributeType>iyy</AttributeType><IsRequired>true</IsRequired><Value i:type="a:double" xmlns:a="http://www.w3.org/2001/XMLSchema">0.066215</Value></Attribute><Attribute z:Id="i215"><AttributeType>iyz</AttributeType><IsRequired>true</IsRequired><Value i:type="a:double" xmlns:a="http://www.w3.org/2001/XMLSchema">-3.7269E-07</Value></Attribute><Attribute z:Id="i216"><AttributeType>izz</AttributeType><IsRequired>true</IsRequired><Value i:type="a:double" xmlns:a="http://www.w3.org/2001/XMLSchema">0.036669</Value></Attribute></Attributes><ChildElements/><ElementName>inertia</ElementName><required>false</required><IxxAttribute z:Ref="i211"/><IxyAttribute z:Ref="i212"/><IxzAttribute z:Ref="i213"/><IyyAttribute z:Ref="i214"/><IyzAttribute z:Ref="i215"/><IzzAttribute z:Ref="i216"/></URDFElement></ChildElements><ElementName>inertial</ElementName><required>false</required><Inertia z:Ref="i210"/><Mass z:Ref="i208"/><Origin z:Ref="i205"/></URDFElement><URDFElement z:Id="i217" i:type="Visual"><Attributes/><ChildElements><URDFElement z:Id="i218" i:type="Origin"><Attributes><Attribute z:Id="i219"><AttributeType>xyz</AttributeType><IsRequired>true</IsRequired><Value i:type="a:ArrayOfdouble" xmlns:a="http://schemas.microsoft.com/2003/10/Serialization/Arrays"><a:double>0</a:double><a:double>0</a:double><a:double>0</a:double></Value></Attribute><Attribute z:Id="i220"><AttributeType>rpy</AttributeType><IsRequired>true</IsRequired><Value i:type="a:ArrayOfdouble" xmlns:a="http://schemas.microsoft.com/2003/10/Serialization/Arrays"><a:double>0</a:double><a:double>0</a:double><a:double>0</a:double></Value></Attribute></Attributes><ChildElements/><ElementName>origin</ElementName><required>false</required><RPYAttribute z:Ref="i220"/><XYZAttribute z:Ref="i219"/><isCustomized>false</isCustomized></URDFElement><URDFElement z:Id="i221" i:type="Geometry"><Attributes/><ChildElements><URDFElement z:Id="i222" i:type="Mesh"><Attributes><Attribute z:Id="i223"><AttributeType>filename</AttributeType><IsRequired>true</IsRequired><Value i:nil="true"/></Attribute></Attributes><ChildElements/><ElementName>mesh</ElementName><required>false</required><FilenameAttribute z:Ref="i223"/></URDFElement></ChildElements><ElementName>geometry</ElementName><required>true</required><Mesh z:Ref="i222"/></URDFElement><URDFElement z:Id="i224" i:type="Material"><Attributes><Attribute z:Id="i225"><AttributeType>name</AttributeType><IsRequired>true</IsRequired><Value i:type="a:string" xmlns:a="http://www.w3.org/2001/XMLSchema"/></Attribute></Attributes><ChildElements><URDFElement z:Id="i226" i:type="Color"><Attributes><Attribute z:Id="i227"><AttributeType>rgba</AttributeType><IsRequired>true</IsRequired><Value i:type="a:ArrayOfdouble" xmlns:a="http://schemas.microsoft.com/2003/10/Serialization/Arrays"><a:double>0.75294</a:double><a:double>0.75294</a:double><a:double>0.75294</a:double><a:double>1</a:double></Value></Attribute></Attributes><ChildElements/><ElementName>color</ElementName><required>false</required><RGBAAttribute z:Ref="i227"/></URDFElement><URDFElement z:Id="i228" i:type="Texture"><Attributes><Attribute z:Id="i229"><AttributeType>filename</AttributeType><IsRequired>true</IsRequired><Value i:nil="true"/></Attribute></Attributes><ChildElements/><ElementName>texture</ElementName><required>false</required><FilenameAttribute z:Ref="i229"/><wFilename/></URDFElement></ChildElements><ElementName>material</ElementName><required>false</required><Color z:Ref="i226"/><NameAttribute z:Ref="i225"/><Texture z:Ref="i228"/></URDFElement></ChildElements><ElementName>visual</ElementName><required>false</required><Geometry z:Ref="i221"/><Material z:Ref="i224"/><Origin z:Ref="i218"/></URDFElement><URDFElement z:Id="i230" i:type="Collision"><Attributes/><ChildElements><URDFElement z:Id="i231" i:type="Origin"><Attributes><Attribute z:Id="i232"><AttributeType>xyz</AttributeType><IsRequired>true</IsRequired><Value i:type="a:ArrayOfdouble" xmlns:a="http://schemas.microsoft.com/2003/10/Serialization/Arrays"><a:double>0</a:double><a:double>0</a:double><a:double>0</a:double></Value></Attribute><Attribute z:Id="i233"><AttributeType>rpy</AttributeType><IsRequired>true</IsRequired><Value i:type="a:ArrayOfdouble" xmlns:a="http://schemas.microsoft.com/2003/10/Serialization/Arrays"><a:double>0</a:double><a:double>0</a:double><a:double>0</a:double></Value></Attribute></Attributes><ChildElements/><ElementName>origin</ElementName><required>false</required><RPYAttribute z:Ref="i233"/><XYZAttribute z:Ref="i232"/><isCustomized>false</isCustomized></URDFElement><URDFElement z:Id="i234" i:type="Geometry"><Attributes/><ChildElements><URDFElement z:Id="i235" i:type="Mesh"><Attributes><Attribute z:Id="i236"><AttributeType>filename</AttributeType><IsRequired>true</IsRequired><Value i:nil="true"/></Attribute></Attributes><ChildElements/><ElementName>mesh</ElementName><required>false</required><FilenameAttribute z:Ref="i236"/></URDFElement></ChildElements><ElementName>geometry</ElementName><required>true</required><Mesh z:Ref="i235"/></URDFElement></ChildElements><ElementName>collision</ElementName><required>false</required><Geometry z:Ref="i234"/><Origin z:Ref="i231"/></URDFElement><URDFElement z:Id="i237" i:type="Joint"><Attributes><Attribute z:Id="i238"><AttributeType>name</AttributeType><IsRequired>true</IsRequired><Value i:type="a:string" xmlns:a="http://www.w3.org/2001/XMLSchema">joint_front_right</Value></Attribute><Attribute z:Id="i239"><AttributeType>type</AttributeType><IsRequired>true</IsRequired><Value i:type="a:string" xmlns:a="http://www.w3.org/2001/XMLSchema">continuous</Value></Attribute></Attributes><ChildElements><URDFElement z:Id="i240" i:type="Origin"><Attributes><Attribute z:Id="i241"><AttributeType>xyz</AttributeType><IsRequired>true</IsRequired><Value i:type="a:ArrayOfdouble" xmlns:a="http://schemas.microsoft.com/2003/10/Serialization/Arrays"><a:double>0.2515</a:double><a:double>-0.30851</a:double><a:double>0.037363</a:double></Value></Attribute><Attribute z:Id="i242"><AttributeType>rpy</AttributeType><IsRequired>true</IsRequired><Value i:type="a:ArrayOfdouble" xmlns:a="http://schemas.microsoft.com/2003/10/Serialization/Arrays"><a:double>0</a:double><a:double>0</a:double><a:double>0</a:double></Value></Attribute></Attributes><ChildElements/><ElementName>origin</ElementName><required>false</required><RPYAttribute z:Ref="i242"/><XYZAttribute z:Ref="i241"/><isCustomized>false</isCustomized></URDFElement><URDFElement z:Id="i243" i:type="ParentLink"><Attributes><Attribute z:Id="i244"><AttributeType>link</AttributeType><IsRequired>true</IsRequired><Value i:type="a:string" xmlns:a="http://www.w3.org/2001/XMLSchema">base_link</Value></Attribute></Attributes><ChildElements/><ElementName>parent</ElementName><required>true</required><NameAttribute z:Ref="i244"/></URDFElement><URDFElement z:Id="i245" i:type="ChildLink"><Attributes><Attribute z:Id="i246"><AttributeType>link</AttributeType><IsRequired>true</IsRequired><Value i:type="a:string" xmlns:a="http://www.w3.org/2001/XMLSchema">link_front_right</Value></Attribute></Attributes><ChildElements/><ElementName>child</ElementName><required>true</required><NameAttribute z:Ref="i246"/></URDFElement><URDFElement z:Id="i247" i:type="Axis"><Attributes><Attribute z:Id="i248"><AttributeType>xyz</AttributeType><IsRequired>true</IsRequired><Value i:type="a:ArrayOfdouble" xmlns:a="http://schemas.microsoft.com/2003/10/Serialization/Arrays"><a:double>0</a:double><a:double>1</a:double><a:double>0</a:double></Value></Attribute></Attributes><ChildElements/><ElementName>axis</ElementName><required>false</required><XYZAttribute z:Ref="i248"/></URDFElement><URDFElement z:Id="i249" i:type="Limit"><Attributes><Attribute z:Id="i250"><AttributeType>lower</AttributeType><IsRequired>false</IsRequired><Value i:nil="true"/></Attribute><Attribute z:Id="i251"><AttributeType>upper</AttributeType><IsRequired>false</IsRequired><Value i:nil="true"/></Attribute><Attribute z:Id="i252"><AttributeType>effort</AttributeType><IsRequired>true</IsRequired><Value i:nil="true"/></Attribute><Attribute z:Id="i253"><AttributeType>velocity</AttributeType><IsRequired>true</IsRequired><Value i:nil="true"/></Attribute></Attributes><ChildElements/><ElementName>limit</ElementName><required>false</required><EffortAttribute z:Ref="i252"/><LowerAttribute z:Ref="i250"/><UpperAttribute z:Ref="i251"/><VelocityAttribute z:Ref="i253"/></URDFElement><URDFElement z:Id="i254" i:type="Calibration"><Attributes><Attribute z:Id="i255"><AttributeType>rising</AttributeType><IsRequired>false</IsRequired><Value i:nil="true"/></Attribute><Attribute z:Id="i256"><AttributeType>falling</AttributeType><IsRequired>false</IsRequired><Value i:nil="true"/></Attribute></Attributes><ChildElements/><ElementName>calibration</ElementName><required>false</required><FallingAttribute z:Ref="i256"/><RisingAttribute z:Ref="i255"/></URDFElement><URDFElement z:Id="i257" i:type="Dynamics"><Attributes><Attribute z:Id="i258"><AttributeType>damping</AttributeType><IsRequired>false</IsRequired><Value i:nil="true"/></Attribute><Attribute z:Id="i259"><AttributeType>friction</AttributeType><IsRequired>false</IsRequired><Value i:nil="true"/></Attribute></Attributes><ChildElements/><ElementName>dynamics</ElementName><required>false</required><DampingAttribute z:Ref="i258"/><FrictionAttribute z:Ref="i259"/></URDFElement><URDFElement z:Id="i260" i:type="SafetyController"><Attributes><Attribute z:Id="i261"><AttributeType>soft_upper_limit</AttributeType><IsRequired>false</IsRequired><Value i:nil="true"/></Attribute><Attribute z:Id="i262"><AttributeType>soft_lower_limit</AttributeType><IsRequired>false</IsRequired><Value i:nil="true"/></Attribute><Attribute z:Id="i263"><AttributeType>k_position</AttributeType><IsRequired>false</IsRequired><Value i:nil="true"/></Attribute><Attribute z:Id="i264"><AttributeType>k_velocity</AttributeType><IsRequired>true</IsRequired><Value i:nil="true"/></Attribute></Attributes><ChildElements/><ElementName>safety_controller</ElementName><required>false</required><KPositionAttribute z:Ref="i263"/><KVelocityAttribute z:Ref="i264"/><SoftLowerAttribute z:Ref="i262"/><SoftUpperAttribute z:Ref="i261"/></URDFElement><URDFElement z:Id="i265" i:type="Mimic"><Attributes><Attribute z:Id="i266"><AttributeType>joint</AttributeType><IsRequired>true</IsRequired><Value i:nil="true"/></Attribute><Attribute z:Id="i267"><AttributeType>multiplier</AttributeType><IsRequired>false</IsRequired><Value i:nil="true"/></Attribute><Attribute z:Id="i268"><AttributeType>offset</AttributeType><IsRequired>false</IsRequired><Value i:nil="true"/></Attribute></Attributes><ChildElements/><ElementName>mimic</ElementName><required>false</required><JointNameAttribute z:Ref="i266"/><MultiplierAttribute z:Ref="i267"/><OffsetAttribute z:Ref="i268"/></URDFElement></ChildElements><ElementName>joint</ElementName><required>false</required><Axis z:Ref="i247"/><AxisName>Axis_WheelFrontRight</AxisName><Calibration z:Ref="i254"/><Child z:Ref="i245"/><CoordinateSystemName>CoordSys_WheelFrontRight</CoordinateSystemName><Dynamics z:Ref="i257"/><Limit z:Ref="i249"/><Mimic z:Ref="i265"/><NameAttribute z:Ref="i238"/><Origin z:Ref="i240"/><Parent z:Ref="i243"/><Safety z:Ref="i260"/><TypeAttribute z:Ref="i239"/></URDFElement></ChildElements><ElementName>link</ElementName><required>true</required><Children/><Collision z:Ref="i230"/><Inertial z:Ref="i204"/><Joint z:Ref="i237"/><NameAttribute z:Ref="i203"/><Parent z:Ref="i1"/><STLQualityFine>false</STLQualityFine><SWComponentPIDs xmlns:a="http://schemas.microsoft.com/2003/10/Serialization/Arrays"><a:base64Binary>gD4AAAUAAAD//v83VwBIAEUARQBMAF8AQwBIAFUATgBLAF8AMQAwADAAMABfAFcAQQBUAFQAXwBWAEEAUgBJAEEATgBUAC0ANQBAAFIATwBWAEUAUgBfADEAMAAwADAAXwBXAEEAVABUAF8AVgBBAFIASQBBAE4AVAAEAAAAEAAAAAEAAAABAAAA0AkAAA==</a:base64Binary></SWComponentPIDs><SWMainComponentPID i:nil="true"/><Visual z:Ref="i217"/><isFixedFrame>false</isFixedFrame><isIncomplete>false</isIncomplete></Link><Link z:Id="i269"><Attributes><Attribute z:Id="i270"><AttributeType>name</AttributeType><IsRequired>true</IsRequired><Value i:type="a:string" xmlns:a="http://www.w3.org/2001/XMLSchema">link_front_left</Value></Attribute></Attributes><ChildElements><URDFElement z:Id="i271" i:type="Inertial"><Attributes/><ChildElements><URDFElement z:Id="i272" i:type="Origin"><Attributes><Attribute z:Id="i273"><AttributeType>xyz</AttributeType><IsRequired>true</IsRequired><Value i:type="a:ArrayOfdouble" xmlns:a="http://schemas.microsoft.com/2003/10/Serialization/Arrays"><a:double>-8.0762E-06</a:double><a:double>-0.0024212</a:double><a:double>9.4689E-07</a:double></Value></Attribute><Attribute z:Id="i274"><AttributeType>rpy</AttributeType><IsRequired>true</IsRequired><Value i:type="a:ArrayOfdouble" xmlns:a="http://schemas.microsoft.com/2003/10/Serialization/Arrays"><a:double>0</a:double><a:double>0</a:double><a:double>0</a:double></Value></Attribute></Attributes><ChildElements/><ElementName>origin</ElementName><required>false</required><RPYAttribute z:Ref="i274"/><XYZAttribute z:Ref="i273"/><isCustomized>false</isCustomized></URDFElement><URDFElement z:Id="i275" i:type="Mass"><Attributes><Attribute z:Id="i276"><AttributeType>value</AttributeType><IsRequired>true</IsRequired><Value i:type="a:double" xmlns:a="http://www.w3.org/2001/XMLSchema">5.0741</Value></Attribute></Attributes><ChildElements/><ElementName>mass</ElementName><required>false</required><ValueAttribute z:Ref="i276"/></URDFElement><URDFElement z:Id="i277" i:type="Inertia"><Attributes><Attribute z:Id="i278"><AttributeType>ixx</AttributeType><IsRequired>true</IsRequired><Value i:type="a:double" xmlns:a="http://www.w3.org/2001/XMLSchema">0.036669</Value></Attribute><Attribute z:Id="i279"><AttributeType>ixy</AttributeType><IsRequired>true</IsRequired><Value i:type="a:double" xmlns:a="http://www.w3.org/2001/XMLSchema">-4.1305E-07</Value></Attribute><Attribute z:Id="i280"><AttributeType>ixz</AttributeType><IsRequired>true</IsRequired><Value i:type="a:double" xmlns:a="http://www.w3.org/2001/XMLSchema">-4.2569E-08</Value></Attribute><Attribute z:Id="i281"><AttributeType>iyy</AttributeType><IsRequired>true</IsRequired><Value i:type="a:double" xmlns:a="http://www.w3.org/2001/XMLSchema">0.066215</Value></Attribute><Attribute z:Id="i282"><AttributeType>iyz</AttributeType><IsRequired>true</IsRequired><Value i:type="a:double" xmlns:a="http://www.w3.org/2001/XMLSchema">4.8185E-08</Value></Attribute><Attribute z:Id="i283"><AttributeType>izz</AttributeType><IsRequired>true</IsRequired><Value i:type="a:double" xmlns:a="http://www.w3.org/2001/XMLSchema">0.036669</Value></Attribute></Attributes><ChildElements/><ElementName>inertia</ElementName><required>false</required><IxxAttribute z:Ref="i278"/><IxyAttribute z:Ref="i279"/><IxzAttribute z:Ref="i280"/><IyyAttribute z:Ref="i281"/><IyzAttribute z:Ref="i282"/><IzzAttribute z:Ref="i283"/></URDFElement></ChildElements><ElementName>inertial</ElementName><required>false</required><Inertia z:Ref="i277"/><Mass z:Ref="i275"/><Origin z:Ref="i272"/></URDFElement><URDFElement z:Id="i284" i:type="Visual"><Attributes/><ChildElements><URDFElement z:Id="i285" i:type="Origin"><Attributes><Attribute z:Id="i286"><AttributeType>xyz</AttributeType><IsRequired>true</IsRequired><Value i:type="a:ArrayOfdouble" xmlns:a="http://schemas.microsoft.com/2003/10/Serialization/Arrays"><a:double>0</a:double><a:double>0</a:double><a:double>0</a:double></Value></Attribute><Attribute z:Id="i287"><AttributeType>rpy</AttributeType><IsRequired>true</IsRequired><Value i:type="a:ArrayOfdouble" xmlns:a="http://schemas.microsoft.com/2003/10/Serialization/Arrays"><a:double>0</a:double><a:double>0</a:double><a:double>0</a:double></Value></Attribute></Attributes><ChildElements/><ElementName>origin</ElementName><required>false</required><RPYAttribute z:Ref="i287"/><XYZAttribute z:Ref="i286"/><isCustomized>false</isCustomized></URDFElement><URDFElement z:Id="i288" i:type="Geometry"><Attributes/><ChildElements><URDFElement z:Id="i289" i:type="Mesh"><Attributes><Attribute z:Id="i290"><AttributeType>filename</AttributeType><IsRequired>true</IsRequired><Value i:nil="true"/></Attribute></Attributes><ChildElements/><ElementName>mesh</ElementName><required>false</required><FilenameAttribute z:Ref="i290"/></URDFElement></ChildElements><ElementName>geometry</ElementName><required>true</required><Mesh z:Ref="i289"/></URDFElement><URDFElement z:Id="i291" i:type="Material"><Attributes><Attribute z:Id="i292"><AttributeType>name</AttributeType><IsRequired>true</IsRequired><Value i:type="a:string" xmlns:a="http://www.w3.org/2001/XMLSchema"/></Attribute></Attributes><ChildElements><URDFElement z:Id="i293" i:type="Color"><Attributes><Attribute z:Id="i294"><AttributeType>rgba</AttributeType><IsRequired>true</IsRequired><Value i:type="a:ArrayOfdouble" xmlns:a="http://schemas.microsoft.com/2003/10/Serialization/Arrays"><a:double>0.75294</a:double><a:double>0.75294</a:double><a:double>0.75294</a:double><a:double>1</a:double></Value></Attribute></Attributes><ChildElements/><ElementName>color</ElementName><required>false</required><RGBAAttribute z:Ref="i294"/></URDFElement><URDFElement z:Id="i295" i:type="Texture"><Attributes><Attribute z:Id="i296"><AttributeType>filename</AttributeType><IsRequired>true</IsRequired><Value i:nil="true"/></Attribute></Attributes><ChildElements/><ElementName>texture</ElementName><required>false</required><FilenameAttribute z:Ref="i296"/><wFilename/></URDFElement></ChildElements><ElementName>material</ElementName><required>false</required><Color z:Ref="i293"/><NameAttribute z:Ref="i292"/><Texture z:Ref="i295"/></URDFElement></ChildElements><ElementName>visual</ElementName><required>false</required><Geometry z:Ref="i288"/><Material z:Ref="i291"/><Origin z:Ref="i285"/></URDFElement><URDFElement z:Id="i297" i:type="Collision"><Attributes/><ChildElements><URDFElement z:Id="i298" i:type="Origin"><Attributes><Attribute z:Id="i299"><AttributeType>xyz</AttributeType><IsRequired>true</IsRequired><Value i:type="a:ArrayOfdouble" xmlns:a="http://schemas.microsoft.com/2003/10/Serialization/Arrays"><a:double>0</a:double><a:double>0</a:double><a:double>0</a:double></Value></Attribute><Attribute z:Id="i300"><AttributeType>rpy</AttributeType><IsRequired>true</IsRequired><Value i:type="a:ArrayOfdouble" xmlns:a="http://schemas.microsoft.com/2003/10/Serialization/Arrays"><a:double>0</a:double><a:double>0</a:double><a:double>0</a:double></Value></Attribute></Attributes><ChildElements/><ElementName>origin</ElementName><required>false</required><RPYAttribute z:Ref="i300"/><XYZAttribute z:Ref="i299"/><isCustomized>false</isCustomized></URDFElement><URDFElement z:Id="i301" i:type="Geometry"><Attributes/><ChildElements><URDFElement z:Id="i302" i:type="Mesh"><Attributes><Attribute z:Id="i303"><AttributeType>filename</AttributeType><IsRequired>true</IsRequired><Value i:nil="true"/></Attribute></Attributes><ChildElements/><ElementName>mesh</ElementName><required>false</required><FilenameAttribute z:Ref="i303"/></URDFElement></ChildElements><ElementName>geometry</ElementName><required>true</required><Mesh z:Ref="i302"/></URDFElement></ChildElements><ElementName>collision</ElementName><required>false</required><Geometry z:Ref="i301"/><Origin z:Ref="i298"/></URDFElement><URDFElement z:Id="i304" i:type="Joint"><Attributes><Attribute z:Id="i305"><AttributeType>name</AttributeType><IsRequired>true</IsRequired><Value i:type="a:string" xmlns:a="http://www.w3.org/2001/XMLSchema">joint_front_left</Value></Attribute><Attribute z:Id="i306"><AttributeType>type</AttributeType><IsRequired>true</IsRequired><Value i:type="a:string" xmlns:a="http://www.w3.org/2001/XMLSchema">continuous</Value></Attribute></Attributes><ChildElements><URDFElement z:Id="i307" i:type="Origin"><Attributes><Attribute z:Id="i308"><AttributeType>xyz</AttributeType><IsRequired>true</IsRequired><Value i:type="a:ArrayOfdouble" xmlns:a="http://schemas.microsoft.com/2003/10/Serialization/Arrays"><a:double>0.2515</a:double><a:double>0.30851</a:double><a:double>0.037363</a:double></Value></Attribute><Attribute z:Id="i309"><AttributeType>rpy</AttributeType><IsRequired>true</IsRequired><Value i:type="a:ArrayOfdouble" xmlns:a="http://schemas.microsoft.com/2003/10/Serialization/Arrays"><a:double>0</a:double><a:double>0</a:double><a:double>0</a:double></Value></Attribute></Attributes><ChildElements/><ElementName>origin</ElementName><required>false</required><RPYAttribute z:Ref="i309"/><XYZAttribute z:Ref="i308"/><isCustomized>false</isCustomized></URDFElement><URDFElement z:Id="i310" i:type="ParentLink"><Attributes><Attribute z:Id="i311"><AttributeType>link</AttributeType><IsRequired>true</IsRequired><Value i:type="a:string" xmlns:a="http://www.w3.org/2001/XMLSchema">base_link</Value></Attribute></Attributes><ChildElements/><ElementName>parent</ElementName><required>true</required><NameAttribute z:Ref="i311"/></URDFElement><URDFElement z:Id="i312" i:type="ChildLink"><Attributes><Attribute z:Id="i313"><AttributeType>link</AttributeType><IsRequired>true</IsRequired><Value i:type="a:string" xmlns:a="http://www.w3.org/2001/XMLSchema">link_front_left</Value></Attribute></Attributes><ChildElements/><ElementName>child</ElementName><required>true</required><NameAttribute z:Ref="i313"/></URDFElement><URDFElement z:Id="i314" i:type="Axis"><Attributes><Attribute z:Id="i315"><AttributeType>xyz</AttributeType><IsRequired>true</IsRequired><Value i:type="a:ArrayOfdouble" xmlns:a="http://schemas.microsoft.com/2003/10/Serialization/Arrays"><a:double>0</a:double><a:double>1</a:double><a:double>0</a:double></Value></Attribute></Attributes><ChildElements/><ElementName>axis</ElementName><required>false</required><XYZAttribute z:Ref="i315"/></URDFElement><URDFElement z:Id="i316" i:type="Limit"><Attributes><Attribute z:Id="i317"><AttributeType>lower</AttributeType><IsRequired>false</IsRequired><Value i:nil="true"/></Attribute><Attribute z:Id="i318"><AttributeType>upper</AttributeType><IsRequired>false</IsRequired><Value i:nil="true"/></Attribute><Attribute z:Id="i319"><AttributeType>effort</AttributeType><IsRequired>true</IsRequired><Value i:nil="true"/></Attribute><Attribute z:Id="i320"><AttributeType>velocity</AttributeType><IsRequired>true</IsRequired><Value i:nil="true"/></Attribute></Attributes><ChildElements/><ElementName>limit</ElementName><required>false</required><EffortAttribute z:Ref="i319"/><LowerAttribute z:Ref="i317"/><UpperAttribute z:Ref="i318"/><VelocityAttribute z:Ref="i320"/></URDFElement><URDFElement z:Id="i321" i:type="Calibration"><Attributes><Attribute z:Id="i322"><AttributeType>rising</AttributeType><IsRequired>false</IsRequired><Value i:nil="true"/></Attribute><Attribute z:Id="i323"><AttributeType>falling</AttributeType><IsRequired>false</IsRequired><Value i:nil="true"/></Attribute></Attributes><ChildElements/><ElementName>calibration</ElementName><required>false</required><FallingAttribute z:Ref="i323"/><RisingAttribute z:Ref="i322"/></URDFElement><URDFElement z:Id="i324" i:type="Dynamics"><Attributes><Attribute z:Id="i325"><AttributeType>damping</AttributeType><IsRequired>false</IsRequired><Value i:nil="true"/></Attribute><Attribute z:Id="i326"><AttributeType>friction</AttributeType><IsRequired>false</IsRequired><Value i:nil="true"/></Attribute></Attributes><ChildElements/><ElementName>dynamics</ElementName><required>false</required><DampingAttribute z:Ref="i325"/><FrictionAttribute z:Ref="i326"/></URDFElement><URDFElement z:Id="i327" i:type="SafetyController"><Attributes><Attribute z:Id="i328"><AttributeType>soft_upper_limit</AttributeType><IsRequired>false</IsRequired><Value i:nil="true"/></Attribute><Attribute z:Id="i329"><AttributeType>soft_lower_limit</AttributeType><IsRequired>false</IsRequired><Value i:nil="true"/></Attribute><Attribute z:Id="i330"><AttributeType>k_position</AttributeType><IsRequired>false</IsRequired><Value i:nil="true"/></Attribute><Attribute z:Id="i331"><AttributeType>k_velocity</AttributeType><IsRequired>true</IsRequired><Value i:nil="true"/></Attribute></Attributes><ChildElements/><ElementName>safety_controller</ElementName><required>false</required><KPositionAttribute z:Ref="i330"/><KVelocityAttribute z:Ref="i331"/><SoftLowerAttribute z:Ref="i329"/><SoftUpperAttribute z:Ref="i328"/></URDFElement><URDFElement z:Id="i332" i:type="Mimic"><Attributes><Attribute z:Id="i333"><AttributeType>joint</AttributeType><IsRequired>true</IsRequired><Value i:nil="true"/></Attribute><Attribute z:Id="i334"><AttributeType>multiplier</AttributeType><IsRequired>false</IsRequired><Value i:nil="true"/></Attribute><Attribute z:Id="i335"><AttributeType>offset</AttributeType><IsRequired>false</IsRequired><Value i:nil="true"/></Attribute></Attributes><ChildElements/><ElementName>mimic</ElementName><required>false</required><JointNameAttribute z:Ref="i333"/><MultiplierAttribute z:Ref="i334"/><OffsetAttribute z:Ref="i335"/></URDFElement></ChildElements><ElementName>joint</ElementName><required>false</required><Axis z:Ref="i314"/><AxisName>Axis_WheelFrontLeft</AxisName><Calibration z:Ref="i321"/><Child z:Ref="i312"/><CoordinateSystemName>CoordSys_WheelFrontLeft</CoordinateSystemName><Dynamics z:Ref="i324"/><Limit z:Ref="i316"/><Mimic z:Ref="i332"/><NameAttribute z:Ref="i305"/><Origin z:Ref="i307"/><Parent z:Ref="i310"/><Safety z:Ref="i327"/><TypeAttribute z:Ref="i306"/></URDFElement></ChildElements><ElementName>link</ElementName><required>true</required><Children/><Collision z:Ref="i297"/><Inertial z:Ref="i271"/><Joint z:Ref="i304"/><NameAttribute z:Ref="i270"/><Parent z:Ref="i1"/><STLQualityFine>false</STLQualityFine><SWComponentPIDs xmlns:a="http://schemas.microsoft.com/2003/10/Serialization/Arrays"><a:base64Binary>gD4AAAUAAAD//v83VwBIAEUARQBMAF8AQwBIAFUATgBLAF8AMQAwADAAMABfAFcAQQBUAFQAXwBWAEEAUgBJAEEATgBUAC0ANgBAAFIATwBWAEUAUgBfADEAMAAwADAAXwBXAEEAVABUAF8AVgBBAFIASQBBAE4AVAAEAAAAEAAAAAEAAAABAAAAVRQAAA==</a:base64Binary></SWComponentPIDs><SWMainComponentPID i:nil="true"/><Visual z:Ref="i284"/><isFixedFrame>false</isFixedFrame><isIncomplete>false</isIncomplete></Link></Children><Collision z:Ref="i29"/><Inertial z:Ref="i3"/><Joint z:Ref="i36"/><NameAttribute z:Ref="i2"/><Parent i:nil="true"/><STLQualityFine>false</STLQualityFine><SWComponentPIDs xmlns:a="http://schemas.microsoft.com/2003/10/Serialization/Arrays"><a:base64Binary>gD4AAAUAAAD//v9eQwBPAE0AUABPAE4ARQBOAFQAUwBfAFMAVQBQAFAATwBSAFQALQAxAEAAUgBPAFYARQBSAF8AMQAwADAAMABfAFcAQQBUAFQAXwBWAEEAUgBJAEEATgBUAC8AQQBMAFUATQBJAE4ASQBVAE0AXwBQAFIATwBGAEkATABFAF8AMgAwAHgAMgAwAHgAWABYAG0AbQAtADEAQABDAE8ATQBQAE8ATgBFAE4AVABTAF8AUwBVAFAAUABPAFIAVAAEAAAAEAAAAAEAAAACAAAASRMAABgAAAA=</a:base64Binary><a:base64Binary>gD4AAAUAAAD//v9fQwBPAE0AUABPAE4ARQBOAFQAUwBfAFMAVQBQAFAATwBSAFQALQAxAEAAUgBPAFYARQBSAF8AMQAwADAAMABfAFcAQQBUAFQAXwBWAEEAUgBJAEEATgBUAC8AQQBMAFUATQBJAE4ASQBVAE0AXwBQAFIATwBGAEkATABFAF8AMgAwAHgAMgAwAHgANAA5ADYAbQBtAC0AMQBAAEMATwBNAFAATwBOAEUATgBUAFMAXwBTAFUAUABQAE8AUgBUAAQAAAAQAAAAAQAAAAIAAABJEwAAGQAAAA==</a:base64Binary><a:base64Binary>gD4AAAUAAAD//v9fQwBPAE0AUABPAE4ARQBOAFQAUwBfAFMAVQBQAFAATwBSAFQALQAyAEAAUgBPAFYARQBSAF8AMQAwADAAMABfAFcAQQBUAFQAXwBWAEEAUgBJAEEATgBUAC8AQQBMAFUATQBJAE4ASQBVAE0AXwBQAFIATwBGAEkATABFAF8AMgAwAHgAMgAwAHgANAA5ADYAbQBtAC0AMQBAAEMATwBNAFAATwBOAEUATgBUAFMAXwBTAFUAUABQAE8AUgBUAAQAAAAQAAAAAQAAAAIAAABNEwAAGQAAAA==</a:base64Binary><a:base64Binary>gD4AAAUAAAD//v9eQwBPAE0AUABPAE4ARQBOAFQAUwBfAFMAVQBQAFAATwBSAFQALQAxAEAAUgBPAFYARQBSAF8AMQAwADAAMABfAFcAQQBUAFQAXwBWAEEAUgBJAEEATgBUAC8AQQBMAFUATQBJAE4ASQBVAE0AXwBQAFIATwBGAEkATABFAF8AMgAwAHgAMgAwAHgAWABYAG0AbQAtADIAQABDAE8ATQBQAE8ATgBFAE4AVABTAF8AUwBVAFAAUABPAFIAVAAEAAAAEAAAAAEAAAACAAAASRMAAB0AAAA=</a:base64Binary><a:base64Binary>gD4AAAUAAAD//v9eQwBPAE0AUABPAE4ARQBOAFQAUwBfAFMAVQBQAFAATwBSAFQALQAyAEAAUgBPAFYARQBSAF8AMQAwADAAMABfAFcAQQBUAFQAXwBWAEEAUgBJAEEATgBUAC8AQQBMAFUATQBJAE4ASQBVAE0AXwBQAFIATwBGAEkATABFAF8AMgAwAHgAMgAwAHgAWABYAG0AbQAtADIAQABDAE8ATQBQAE8ATgBFAE4AVABTAF8AUwBVAFAAUABPAFIAVAAEAAAAEAAAAAEAAAACAAAATRMAAB0AAAA=</a:base64Binary><a:base64Binary>gD4AAAUAAAD//v9eQwBPAE0AUABPAE4ARQBOAFQAUwBfAFMAVQBQAFAATwBSAFQALQAyAEAAUgBPAFYARQBSAF8AMQAwADAAMABfAFcAQQBUAFQAXwBWAEEAUgBJAEEATgBUAC8AQQBMAFUATQBJAE4ASQBVAE0AXwBQAFIATwBGAEkATABFAF8AMgAwAHgAMgAwAHgAWABYAG0AbQAtADEAQABDAE8ATQBQAE8ATgBFAE4AVABTAF8AUwBVAFAAUABPAFIAVAAEAAAAEAAAAAEAAAACAAAATRMAABgAAAA=</a:base64Binary><a:base64Binary>gD4AAAUAAAD//v8lVABTAGgAYQBwAGUAXwAyADAAMgAwAC0AMgBAAFIATwBWAEUAUgBfADEAMAAwADAAXwBXAEEAVABUAF8AVgBBAFIASQBBAE4AVAAEAAAAEAAAAAEAAAABAAAAyhMAAA==</a:base64Binary><a:base64Binary>gD4AAAUAAAD//v8lVABTAGgAYQBwAGUAXwAyADAAMgAwAC0ANABAAFIATwBWAEUAUgBfADEAMAAwADAAXwBXAEEAVABUAF8AVgBBAFIASQBBAE4AVAAEAAAAEAAAAAEAAAABAAAA1xMAAA==</a:base64Binary><a:base64Binary>gD4AAAUAAAD//v82QQBMAFUATQBJAE4ASQBVAE0AXwBQAFIATwBGAEkATABFAF8AMgAwAHgAMgAwAHgAMQAwAG0AbQAtADEAQABSAE8AVgBFAFIAXwAxADAAMAAwAF8AVwBBAFQAVABfAFYAQQBSAEkAQQBOAFQABAAAABAAAAABAAAAAQAAAFMTAAA=</a:base64Binary><a:base64Binary>gD4AAAUAAAD//v82QQBMAFUATQBJAE4ASQBVAE0AXwBQAFIATwBGAEkATABFAF8AMgAwAHgAMgAwAHgAMQAwAG0AbQAtADIAQABSAE8AVgBFAFIAXwAxADAAMAAwAF8AVwBBAFQAVABfAFYAQQBSAEkAQQBOAFQABAAAABAAAAABAAAAAQAAAFsTAAA=</a:base64Binary><a:base64Binary>gD4AAAUAAAD//v8mTQBBAEkATgBfAFMAVQBQAFAATwBSAFQALQAxAEAAUgBPAFYARQBSAF8AMQAwADAAMABfAFcAQQBUAFQAXwBWAEEAUgBJAEEATgBUAAQAAAAQAAAAAQAAAAEAAAA7EwAA</a:base64Binary><a:base64Binary>gD4AAAUAAAD//v8lVABTAGgAYQBwAGUAXwAyADAAMgAwAC0AMQBAAFIATwBWAEUAUgBfADEAMAAwADAAXwBXAEEAVABUAF8AVgBBAFIASQBBAE4AVAAEAAAAEAAAAAEAAAABAAAAwxMAAA==</a:base64Binary><a:base64Binary>gD4AAAUAAAD//v8lVABTAGgAYQBwAGUAXwAyADAAMgAwAC0AMwBAAFIATwBWAEUAUgBfADEAMAAwADAAXwBXAEEAVABUAF8AVgBBAFIASQBBAE4AVAAEAAAAEAAAAAEAAAABAAAA0xMAAA==</a:base64Binary><a:base64Binary>gD4AAAUAAAD//v8oSABlAHgAIABiAG8AbAB0ACAATQA4AHgANAAwAC0ANABAAFIATwBWAEUAUgBfADEAMAAwADAAXwBXAEEAVABUAF8AVgBBAFIASQBBAE4AVAAEAAAAEAAAAAEAAAABAAAAqBMAAA==</a:base64Binary><a:base64Binary>gD4AAAUAAAD//v81QQBMAFUATQBJAE4ASQBVAE0AXwBQAFIATwBGAEkATABFAF8AMgAwAHgAMgAwAHgANAA1ADAALQAyAEAAUgBPAFYARQBSAF8AMQAwADAAMABfAFcAQQBUAFQAXwBWAEEAUgBJAEEATgBUAAQAAAAQAAAAAQAAAAEAAABCCwAA</a:base64Binary><a:base64Binary>gD4AAAUAAAD//v8oSABlAHgAIABiAG8AbAB0ACAATQA4AHgANAAwAC0AMQBAAFIATwBWAEUAUgBfADEAMAAwADAAXwBXAEEAVABUAF8AVgBBAFIASQBBAE4AVAAEAAAAEAAAAAEAAAABAAAAlBMAAA==</a:base64Binary><a:base64Binary>gD4AAAUAAAD//v8hWABCADcATgBHADIAMQAtADEAQABSAE8AVgBFAFIAXwAxADAAMAAwAF8AVwBBAFQAVABfAFYAQQBSAEkAQQBOAFQABAAAABAAAAABAAAAAQAAAHgUAAA=</a:base64Binary><a:base64Binary>gD4AAAUAAAD//v8oRABJAE4AXwBSAEEASQBMAF8AMgA0ADAAbQBtAC0AMQBAAFIATwBWAEUAUgBfADEAMAAwADAAXwBXAEEAVABUAF8AVgBBAFIASQBBAE4AVAAEAAAAEAAAAAEAAAABAAAAKhQAAA==</a:base64Binary><a:base64Binary>gD4AAAUAAAD//v81QQBMAFUATQBJAE4ASQBVAE0AXwBQAFIATwBGAEkATABFAF8AMgAwAHgAMgAwAHgANAA1ADAALQA0AEAAUgBPAFYARQBSAF8AMQAwADAAMABfAFcAQQBUAFQAXwBWAEEAUgBJAEEATgBUAAQAAAAQAAAAAQAAAAEAAACCEwAA</a:base64Binary><a:base64Binary>gD4AAAUAAAD//v8oSABlAHgAIABiAG8AbAB0ACAATQA4AHgANAAwAC0AMgBAAFIATwBWAEUAUgBfADEAMAAwADAAXwBXAEEAVABUAF8AVgBBAFIASQBBAE4AVAAEAAAAEAAAAAEAAAABAAAAnRMAAA==</a:base64Binary><a:base64Binary>gD4AAAUAAAD//v8gUwBXAEkAVABDAEgALQAxAEAAUgBPAFYARQBSAF8AMQAwADAAMABfAFcAQQBUAFQAXwBWAEEAUgBJAEEATgBUAAQAAAAQAAAAAQAAAAEAAAAtFAAA</a:base64Binary><a:base64Binary>gD4AAAUAAAD//v8mTQBPAFQATwBSAF8ARABSAEkAVgBFAFIALQA0AEAAUgBPAFYARQBSAF8AMQAwADAAMABfAFcAQQBUAFQAXwBWAEEAUgBJAEEATgBUAAQAAAAQAAAAAQAAAAEAAAAcEwAA</a:base64Binary><a:base64Binary>gD4AAAUAAAD//v8kTABFAEQAXwBTAFkAUwBUAEUATQAtADIAQABSAE8AVgBFAFIAXwAxADAAMAAwAF8AVwBBAFQAVABfAFYAQQBSAEkAQQBOAFQABAAAABAAAAABAAAAAQAAAPsSAAA=</a:base64Binary><a:base64Binary>gD4AAAUAAAD//v8kTABFAEQAXwBTAFkAUwBUAEUATQAtADEAQABSAE8AVgBFAFIAXwAxADAAMAAwAF8AVwBBAFQAVABfAFYAQQBSAEkAQQBOAFQABAAAABAAAAABAAAAAQAAAO4SAAA=</a:base64Binary><a:base64Binary>gD4AAAUAAAD//v8oSABlAHgAIABiAG8AbAB0ACAATQA4AHgANAAwAC0AMwBAAFIATwBWAEUAUgBfADEAMAAwADAAXwBXAEEAVABUAF8AVgBBAFIASQBBAE4AVAAEAAAAEAAAAAEAAAABAAAAoxMAAA==</a:base64Binary><a:base64Binary>gD4AAAUAAAD//v8iWABCADcATgBUADgANAA1AC0AMQBAAFIATwBWAEUAUgBfADEAMAAwADAAXwBXAEEAVABUAF8AVgBBAFIASQBBAE4AVAAEAAAAEAAAAAEAAAABAAAAbhQAAA==</a:base64Binary><a:base64Binary>gD4AAAUAAAD//v8mTQBPAFQATwBSAF8ARABSAEkAVgBFAFIALQAyAEAAUgBPAFYARQBSAF8AMQAwADAAMABfAFcAQQBUAFQAXwBWAEEAUgBJAEEATgBUAAQAAAAQAAAAAQAAAAEAAAAPEwAA</a:base64Binary><a:base64Binary>gD4AAAUAAAD//v8mTQBPAFQATwBSAF8ARABSAEkAVgBFAFIALQAxAEAAUgBPAFYARQBSAF8AMQAwADAAMABfAFcAQQBUAFQAXwBWAEEAUgBJAEEATgBUAAQAAAAQAAAAAQAAAAEAAAALEwAA</a:base64Binary><a:base64Binary>gD4AAAUAAAD//v8fUgBFAEwAQQBZAC0ANQBAAFIATwBWAEUAUgBfADEAMAAwADAAXwBXAEEAVABUAF8AVgBBAFIASQBBAE4AVAAEAAAAEAAAAAEAAAABAAAAsRIAAA==</a:base64Binary><a:base64Binary>gD4AAAUAAAD//v8fUgBFAEwAQQBZAC0ANABAAFIATwBWAEUAUgBfADEAMAAwADAAXwBXAEEAVABUAF8AVgBBAFIASQBBAE4AVAAEAAAAEAAAAAEAAAABAAAArhIAAA==</a:base64Binary><a:base64Binary>gD4AAAUAAAD//v8fUgBFAEwAQQBZAC0AMQBAAFIATwBWAEUAUgBfADEAMAAwADAAXwBXAEEAVABUAF8AVgBBAFIASQBBAE4AVAAEAAAAEAAAAAEAAAABAAAApBIAAA==</a:base64Binary><a:base64Binary>gD4AAAUAAAD//v8nUwBXAEkAVABDAEgAXwBSAFUAQgBCAEUAUgAtADEAQABSAE8AVgBFAFIAXwAxADAAMAAwAF8AVwBBAFQAVABfAFYAQQBSAEkAQQBOAFQABAAAABAAAAABAAAAAQAAABoSAAA=</a:base64Binary><a:base64Binary>gD4AAAUAAAD//v8yVQBTAEUAUgBfAFMAUABBAEMARQBfAEIATwBUAFQATwBNAF8AMgBtAG0AXwBBAEwALQAxAEAAUgBPAFYARQBSAF8AMQAwADAAMABfAFcAQQBUAFQAXwBWAEEAUgBJAEEATgBUAAQAAAAQAAAAAQAAAAEAAABEFAAA</a:base64Binary><a:base64Binary>gD4AAAUAAAD//v8fUgBFAEwAQQBZAC0AMgBAAFIATwBWAEUAUgBfADEAMAAwADAAXwBXAEEAVABUAF8AVgBBAFIASQBBAE4AVAAEAAAAEAAAAAEAAAABAAAApxIAAA==</a:base64Binary><a:base64Binary>gD4AAAUAAAD//v8mTQBPAFQATwBSAF8ARABSAEkAVgBFAFIALQAzAEAAUgBPAFYARQBSAF8AMQAwADAAMABfAFcAQQBUAFQAXwBWAEEAUgBJAEEATgBUAAQAAAAQAAAAAQAAAAEAAAAYEwAA</a:base64Binary><a:base64Binary>gD4AAAUAAAD//v8sUgBFAEEAUgBfADMAbQBtAF8AQQBMAF8AQgBPAFQAVABPAE0ALQAxAEAAUgBPAFYARQBSAF8AMQAwADAAMABfAFcAQQBUAFQAXwBWAEEAUgBJAEEATgBUAAQAAAAQAAAAAQAAAAEAAAAzEwAA</a:base64Binary><a:base64Binary>gD4AAAUAAAD//v83QgBBAFQAVABFAFIAWQBfAEgATwBMAEQARQBSAF8AUABMAEUAWABJAEcATABBAFMAUwBfADUAbQBtAC0AMQBAAFIATwBWAEUAUgBfADEAMAAwADAAXwBXAEEAVABUAF8AVgBBAFIASQBBAE4AVAAEAAAAEAAAAAEAAAABAAAA2RIAAA==</a:base64Binary><a:base64Binary>gD4AAAUAAAD//v8oTABBAFQARQBSAEEATABfADQAbQBtAF8AQQBMAC0AMgBAAFIATwBWAEUAUgBfADEAMAAwADAAXwBXAEEAVABUAF8AVgBBAFIASQBBAE4AVAAEAAAAEAAAAAEAAAABAAAA/BEAAA==</a:base64Binary><a:base64Binary>gD4AAAUAAAD//v8oTABBAFQARQBSAEEATABfADQAbQBtAF8AQQBMAC0AMQBAAFIATwBWAEUAUgBfADEAMAAwADAAXwBXAEEAVABUAF8AVgBBAFIASQBBAE4AVAAEAAAAEAAAAAEAAAABAAAA7xEAAA==</a:base64Binary><a:base64Binary>gD4AAAUAAAD//v8sQgBPAFQAVABPAE0AXwBSAEUAQQBSAF8AMgBtAG0AXwBBAEwALQAxAEAAUgBPAFYARQBSAF8AMQAwADAAMABfAFcAQQBUAFQAXwBWAEEAUgBJAEEATgBUAAQAAAAQAAAAAQAAAAEAAADYCQAA</a:base64Binary><a:base64Binary>gD4AAAUAAAD//v8/UwBVAFAAUABPAFIAVABfAEMASABVAE4ASwBfADEAMAAwADAAXwBXAEEAVABUAF8AVgBBAFIASQBBAE4AVABfAEYAUgBPAE4AVAAtADEAQABSAE8AVgBFAFIAXwAxADAAMAAwAF8AVwBBAFQAVABfAFYAQQBSAEkAQQBOAFQABAAAABAAAAABAAAAAQAAAF8JAAA=</a:base64Binary><a:base64Binary>gD4AAAUAAAD//v8lTQBPAFQATwBSAF8AQwBIAFUATgBLAC0AMwBAAFIATwBWAEUAUgBfADEAMAAwADAAXwBXAEEAVABUAF8AVgBBAFIASQBBAE4AVAAEAAAAEAAAAAEAAAABAAAAjQgAAA==</a:base64Binary><a:base64Binary>gD4AAAUAAAD//v8+UwBVAFAAUABPAFIAVABfAEMASABVAE4ASwBfADEAMAAwADAAXwBXAEEAVABUAF8AVgBBAFIASQBBAE4AVABfAEIAQQBDAEsALQAxAEAAUgBPAFYARQBSAF8AMQAwADAAMABfAFcAQQBUAFQAXwBWAEEAUgBJAEEATgBUAAQAAAAQAAAAAQAAAAEAAABjCQAA</a:base64Binary><a:base64Binary>gD4AAAUAAAD//v8lTQBPAFQATwBSAF8AQwBIAFUATgBLAC0ANABAAFIATwBWAEUAUgBfADEAMAAwADAAXwBXAEEAVABUAF8AVgBBAFIASQBBAE4AVAAEAAAAEAAAAAEAAAABAAAAmQgAAA==</a:base64Binary><a:base64Binary>gD4AAAUAAAD//v87QgBPAFQAVABPAE0AXwBCAEEAUwBFAF8ANwAwADAAeAA0ADUAMAB4ADUAbQBtAF8AMQAwADAAMABfAFcAQQBUAFQALQAxAEAAUgBPAFYARQBSAF8AMQAwADAAMABfAFcAQQBUAFQAXwBWAEEAUgBJAEEATgBUAAQAAAAQAAAAAQAAAAEAAAAYAAAA</a:base64Binary><a:base64Binary>gD4AAAUAAAD//v8lTQBPAFQATwBSAF8AQwBIAFUATgBLAC0ANgBAAFIATwBWAEUAUgBfADEAMAAwADAAXwBXAEEAVABUAF8AVgBBAFIASQBBAE4AVAAEAAAAEAAAAAEAAAABAAAAqwgAAA==</a:base64Binary><a:base64Binary>gD4AAAUAAAD//v83QQBMAFUATQBJAE4ASQBVAE0AXwBQAFIATwBGAEkATABFAF8AMgAwAHgAMgAwAHgAMQA3ADYAbQBtAC0AMwBAAFIATwBWAEUAUgBfADEAMAAwADAAXwBXAEEAVABUAF8AVgBBAFIASQBBAE4AVAAEAAAAEAAAAAEAAAABAAAAlREAAA==</a:base64Binary><a:base64Binary>gD4AAAUAAAD//v83QQBMAFUATQBJAE4ASQBVAE0AXwBQAFIATwBGAEkATABFAF8AMgAwAHgAMgAwAHgAMQA3ADYAbQBtAC0ANABAAFIATwBWAEUAUgBfADEAMAAwADAAXwBXAEEAVABUAF8AVgBBAFIASQBBAE4AVAAEAAAAEAAAAAEAAAABAAAAmxEAAA==</a:base64Binary><a:base64Binary>gD4AAAUAAAD//v8mRgBSAE8ATgBUAF8AMwBtAG0AXwBBAEwALQAyAEAAUgBPAFYARQBSAF8AMQAwADAAMABfAFcAQQBUAFQAXwBWAEEAUgBJAEEATgBUAAQAAAAQAAAAAQAAAAEAAAByCQAA</a:base64Binary><a:base64Binary>gD4AAAUAAAD//v8lTQBPAFQATwBSAF8AQwBIAFUATgBLAC0ANQBAAFIATwBWAEUAUgBfADEAMAAwADAAXwBXAEEAVABUAF8AVgBBAFIASQBBAE4AVAAEAAAAEAAAAAEAAAABAAAApQgAAA==</a:base64Binary><a:base64Binary>gD4AAAUAAAD//v9jVQBTAEUAUgBfAFMAUABBAFMARQBfAEYAUgBPAE4AVABfADYAMABYAFQALQBGAC0AMQBAAFIATwBWAEUAUgBfADEAMAAwADAAXwBXAEEAVABUAF8AVgBBAFIASQBBAE4AVAAvAFUAUwBFAFIAXwBTAFAAQQBDAEUAXwBGAFIATwBOAFQAXwAyAG0AbQBfAEEATAAtADEAQABVAFMARQBSAF8AUwBQAEEAUwBFAF8ARgBSAE8ATgBUAF8ANgAwAFgAVAAtAEYABAAAABAAAAABAAAAAgAAAJYUAAAYAAAA</a:base64Binary><a:base64Binary>gD4AAAUAAAD//v9gVQBTAEUAUgBfAFMAUABBAFMARQBfAFIARQBBAFIAXwA2ADAAWABUAC0ARgAtADEAQABSAE8AVgBFAFIAXwAxADAAMAAwAF8AVwBBAFQAVABfAFYAQQBSAEkAQQBOAFQALwBVAFMARQBSAF8AUwBQAEEAQwBFAF8AQgBBAEMASwBfADIAbQBtAF8AQQBMAC0AMQBAAFUAUwBFAFIAXwBTAFAAQQBTAEUAXwBSAEUAQQBSAF8ANgAwAFgAVAAtAEYABAAAABAAAAABAAAAAgAAAJIUAAAYAAAA</a:base64Binary><a:base64Binary>gD4AAAUAAAD//v8pUgBFAEEAUgBfADMAbQBtAF8AQQBMAF8AVABPAFAALQAxAEAAUgBPAFYARQBSAF8AMQAwADAAMABfAFcAQQBUAFQAXwBWAEEAUgBJAEEATgBUAAQAAAAQAAAAAQAAAAEAAAAnEwAA</a:base64Binary><a:base64Binary>gD4AAAUAAAD//v9QVQBTAEUAUgBfAFMAUABBAFMARQBfAFIARQBBAFIAXwA2ADAAWABUAC0ARgAtADEAQABSAE8AVgBFAFIAXwAxADAAMAAwAF8AVwBBAFQAVABfAFYAQQBSAEkAQQBOAFQALwBYAFQANgAwAC0ARgAtADMAQABVAFMARQBSAF8AUwBQAEEAUwBFAF8AUgBFAEEAUgBfADYAMABYAFQALQBGAAQAAAAQAAAAAQAAAAIAAACSFAAATgAAAA==</a:base64Binary><a:base64Binary>gD4AAAUAAAD//v9hVQBTAEUAUgBfAFMAUABBAFMARQBfAFIARQBBAFIAXwA2ADAAWABUAC0ARgAtADEAQABSAE8AVgBFAFIAXwAxADAAMAAwAF8AVwBBAFQAVABfAFYAQQBSAEkAQQBOAFQALwBUAEUAUgBNAEkATgBBAEwAXwAzAC4AOAAxAF8AMQAyAFAAXwBGAFIAQQBNAEUALQAxAEAAVQBTAEUAUgBfAFMAUABBAFMARQBfAFIARQBBAFIAXwA2ADAAWABUAC0ARgAEAAAAEAAAAAEAAAACAAAAkhQAACcAAAA=</a:base64Binary><a:base64Binary>gD4AAAUAAAD//v9iVQBTAEUAUgBfAFMAUABBAFMARQBfAFIARQBBAFIAXwA2ADAAWABUAC0ARgAtADEAQABSAE8AVgBFAFIAXwAxADAAMAAwAF8AVwBBAFQAVABfAFYAQQBSAEkAQQBOAFQALwBUAEUAUgBNAEkATgBBAEwAXwAzAC4AOAAxAF8AMQAyAFAAXwBTAE8AQwBLAEUAVAAtADEAQABVAFMARQBSAF8AUwBQAEEAUwBFAF8AUgBFAEEAUgBfADYAMABYAFQALQBGAAQAAAAQAAAAAQAAAAIAAACSFAAAKAAAAA==</a:base64Binary><a:base64Binary>gD4AAAUAAAD//v9hVQBTAEUAUgBfAFMAUABBAFMARQBfAFIARQBBAFIAXwA2ADAAWABUAC0ARgAtADEAQABSAE8AVgBFAFIAXwAxADAAMAAwAF8AVwBBAFQAVABfAFYAQQBSAEkAQQBOAFQALwBUAEUAUgBNAEkATgBBAEwAXwAzAC4AOAAxAF8AMAA2AFAAXwBGAFIAQQBNAEUALQAxAEAAVQBTAEUAUgBfAFMAUABBAFMARQBfAFIARQBBAFIAXwA2ADAAWABUAC0ARgAEAAAAEAAAAAEAAAACAAAAkhQAABkAAAA=</a:base64Binary><a:base64Binary>gD4AAAUAAAD//v9iVQBTAEUAUgBfAFMAUABBAFMARQBfAFIARQBBAFIAXwA2ADAAWABUAC0ARgAtADEAQABSAE8AVgBFAFIAXwAxADAAMAAwAF8AVwBBAFQAVABfAFYAQQBSAEkAQQBOAFQALwBUAEUAUgBNAEkATgBBAEwAXwAzAC4AOAAxAF8AMAA2AFAAXwBTAE8AQwBLAEUAVAAtADEAQABVAFMARQBSAF8AUwBQAEEAUwBFAF8AUgBFAEEAUgBfADYAMABYAFQALQBGAAQAAAAQAAAAAQAAAAIAAACSFAAAGgAAAA==</a:base64Binary><a:base64Binary>gD4AAAUAAAD//v9QVQBTAEUAUgBfAFMAUABBAFMARQBfAFIARQBBAFIAXwA2ADAAWABUAC0ARgAtADEAQABSAE8AVgBFAFIAXwAxADAAMAAwAF8AVwBBAFQAVABfAFYAQQBSAEkAQQBOAFQALwBYAFQANgAwAC0ARgAtADEAQABVAFMARQBSAF8AUwBQAEEAUwBFAF8AUgBFAEEAUgBfADYAMABYAFQALQBGAAQAAAAQAAAAAQAAAAIAAACSFAAAOwAAAA==</a:base64Binary><a:base64Binary>gD4AAAUAAAD//v9SVQBTAEUAUgBfAFMAUABBAFMARQBfAEYAUgBPAE4AVABfADYAMABYAFQALQBGAC0AMQBAAFIATwBWAEUAUgBfADEAMAAwADAAXwBXAEEAVABUAF8AVgBBAFIASQBBAE4AVAAvAFgAVAA2ADAALQBGAC0AMwBAAFUAUwBFAFIAXwBTAFAAQQBTAEUAXwBGAFIATwBOAFQAXwA2ADAAWABUAC0ARgAEAAAAEAAAAAEAAAACAAAAlhQAACIAAAA=</a:base64Binary><a:base64Binary>gD4AAAUAAAD//v9SVQBTAEUAUgBfAFMAUABBAFMARQBfAEYAUgBPAE4AVABfADYAMABYAFQALQBGAC0AMQBAAFIATwBWAEUAUgBfADEAMAAwADAAXwBXAEEAVABUAF8AVgBBAFIASQBBAE4AVAAvAFgAVAA2ADAALQBGAC0AMgBAAFUAUwBFAFIAXwBTAFAAQQBTAEUAXwBGAFIATwBOAFQAXwA2ADAAWABUAC0ARgAEAAAAEAAAAAEAAAACAAAAlhQAACAAAAA=</a:base64Binary><a:base64Binary>gD4AAAUAAAD//v9SVQBTAEUAUgBfAFMAUABBAFMARQBfAEYAUgBPAE4AVABfADYAMABYAFQALQBGAC0AMQBAAFIATwBWAEUAUgBfADEAMAAwADAAXwBXAEEAVABUAF8AVgBBAFIASQBBAE4AVAAvAFgAVAA2ADAALQBGAC0AMQBAAFUAUwBFAFIAXwBTAFAAQQBTAEUAXwBGAFIATwBOAFQAXwA2ADAAWABUAC0ARgAEAAAAEAAAAAEAAAACAAAAlhQAABwAAAA=</a:base64Binary><a:base64Binary>gD4AAAUAAAD//v9eQgBBAFQAVABFAFIAWQBfAEgATwBMAEQARQBSAF8AUABMAEUAWABJAEcATABBAFMAUwBfADUAbQBtAC0AMQBAAFIATwBWAEUAUgBfADEAMAAwADAAXwBXAEEAVABUAF8AVgBBAFIASQBBAE4AVAAvAFgAVAA2ADAALQBGAC0ANABAAEIAQQBUAFQARQBSAFkAXwBIAE8ATABEAEUAUgBfAFAATABFAFgASQBHAEwAQQBTAFMAXwA1AG0AbQAEAAAAEAAAAAEAAAACAAAA2RIAAGQAAAA=</a:base64Binary><a:base64Binary>gD4AAAUAAAD//v8tQgBPAFQAVABPAE0AXwBGAFIATwBOAFQAXwAyAG0AbQBfAEEATAAtADEAQABSAE8AVgBFAFIAXwAxADAAMAAwAF8AVwBBAFQAVABfAFYAQQBSAEkAQQBOAFQABAAAABAAAAABAAAAAQAAAOAJAAA=</a:base64Binary><a:base64Binary>gD4AAAUAAAD//v9SVQBTAEUAUgBfAFMAUABBAFMARQBfAEYAUgBPAE4AVABfADYAMABYAFQALQBGAC0AMQBAAFIATwBWAEUAUgBfADEAMAAwADAAXwBXAEEAVABUAF8AVgBBAFIASQBBAE4AVAAvAFgAVAA2ADAALQBGAC0ANABAAFUAUwBFAFIAXwBTAFAAQQBTAEUAXwBGAFIATwBOAFQAXwA2ADAAWABUAC0ARgAEAAAAEAAAAAEAAAACAAAAlhQAACsAAAA=</a:base64Binary><a:base64Binary>gD4AAAUAAAD//v8wVQBTAEUAUgBfAFMAUABBAFMARQBfAFIARQBBAFIAXwA2ADAAWABUAC0ARgAtADEAQABSAE8AVgBFAFIAXwAxADAAMAAwAF8AVwBBAFQAVABfAFYAQQBSAEkAQQBOAFQABAAAABAAAAABAAAAAQAAAJIUAAA=</a:base64Binary><a:base64Binary>gD4AAAUAAAD//v8xVQBTAEUAUgBfAFMAUABBAFMARQBfAEYAUgBPAE4AVABfADYAMABYAFQALQBGAC0AMQBAAFIATwBWAEUAUgBfADEAMAAwADAAXwBXAEEAVABUAF8AVgBBAFIASQBBAE4AVAAEAAAAEAAAAAEAAAABAAAAlhQAAA==</a:base64Binary><a:base64Binary>gD4AAAUAAAD//v8vQwBNADUAXwBEAFUAQQBMAF8ARQBUAEgAXwA0AEcANQBHAF8AQgBPAFgALQAxAEAAUgBPAFYARQBSAF8AMQAwADAAMABfAFcAQQBUAFQAXwBWAEEAUgBJAEEATgBUAAQAAAAQAAAAAQAAAAEAAACaFAAA</a:base64Binary><a:base64Binary>gD4AAAUAAAD//v8sQwBPAE0AUABPAE4ARQBOAFQAUwBfAFMAVQBQAFAATwBSAFQALQAxAEAAUgBPAFYARQBSAF8AMQAwADAAMABfAFcAQQBUAFQAXwBWAEEAUgBJAEEATgBUAAQAAAAQAAAAAQAAAAEAAABJEwAA</a:base64Binary><a:base64Binary>gD4AAAUAAAD//v8sQwBPAE0AUABPAE4ARQBOAFQAUwBfAFMAVQBQAFAATwBSAFQALQAyAEAAUgBPAFYARQBSAF8AMQAwADAAMABfAFcAQQBUAFQAXwBWAEEAUgBJAEEATgBUAAQAAAAQAAAAAQAAAAEAAABNEwAA</a:base64Binary></SWComponentPIDs><SWMainComponentPID i:nil="true"/><Visual z:Ref="i16"/><isFixedFrame>false</isFixedFrame><isIncomplete>false</isIncomplete></Link>
2026-10-08 12:34:05,416 INFO  LinkNode.cs: 35 - Building node base_link
2026-10-08 12:34:05,417 INFO  LinkNode.cs: 35 - Building node link_back_left
2026-10-08 12:34:05,417 INFO  LinkNode.cs: 35 - Building node link_back_right
2026-10-08 12:34:05,417 INFO  LinkNode.cs: 35 - Building node link_front_right
2026-10-08 12:34:05,417 INFO  LinkNode.cs: 35 - Building node link_front_left
2026-10-08 12:34:05,418 INFO  CommonSwOperations.cs: 221 - Loading SolidWorks components for base_link from D:\02 MA\01 Projects\Rover_A1\rover_a1_model\02_Impl\02_Source\Assembly\ROVER_1000_WATT_VARIANT.SLDASM
2026-10-08 12:34:05,419 INFO  CommonSwOperations.cs: 245 - Loading component with PID ?>     ???^C O M P O N E N T S _ S U P P O R T - 1 @ R O V E R _ 1 0 0 0 _ W A T T _ V A R I A N T / A L U M I N I U M _ P R O F I L E _ 2 0 x 2 0 x X X m m - 1 @ C O M P O N E N T S _ S U P P O R T             I     
2026-10-08 12:34:05,436 INFO  CommonSwOperations.cs: 254 - Successfully loaded component D:\02 MA\01 Projects\Rover_A1\rover_a1_model\02_Impl\02_Source\Components\Components_NoProd\Profiles\ALUMINIUM_PROFILE_20x20xXXmm.SLDPRT
2026-10-08 12:34:05,436 INFO  CommonSwOperations.cs: 245 - Loading component with PID ?>     ???_C O M P O N E N T S _ S U P P O R T - 1 @ R O V E R _ 1 0 0 0 _ W A T T _ V A R I A N T / A L U M I N I U M _ P R O F I L E _ 2 0 x 2 0 x 4 9 6 m m - 1 @ C O M P O N E N T S _ S U P P O R T             I     
2026-10-08 12:34:05,436 INFO  CommonSwOperations.cs: 254 - Successfully loaded component D:\02 MA\01 Projects\Rover_A1\rover_a1_model\02_Impl\02_Source\Components\Components_NoProd\Profiles\ALUMINIUM_PROFILE_20x20x496mm.SLDPRT
2026-10-08 12:34:05,436 INFO  CommonSwOperations.cs: 245 - Loading component with PID ?>     ???_C O M P O N E N T S _ S U P P O R T - 2 @ R O V E R _ 1 0 0 0 _ W A T T _ V A R I A N T / A L U M I N I U M _ P R O F I L E _ 2 0 x 2 0 x 4 9 6 m m - 1 @ C O M P O N E N T S _ S U P P O R T             M     
2026-10-08 12:34:05,438 INFO  CommonSwOperations.cs: 254 - Successfully loaded component D:\02 MA\01 Projects\Rover_A1\rover_a1_model\02_Impl\02_Source\Components\Components_NoProd\Profiles\ALUMINIUM_PROFILE_20x20x496mm.SLDPRT
2026-10-08 12:34:05,438 INFO  CommonSwOperations.cs: 245 - Loading component with PID ?>     ???^C O M P O N E N T S _ S U P P O R T - 1 @ R O V E R _ 1 0 0 0 _ W A T T _ V A R I A N T / A L U M I N I U M _ P R O F I L E _ 2 0 x 2 0 x X X m m - 2 @ C O M P O N E N T S _ S U P P O R T             I     
2026-10-08 12:34:05,438 INFO  CommonSwOperations.cs: 254 - Successfully loaded component D:\02 MA\01 Projects\Rover_A1\rover_a1_model\02_Impl\02_Source\Components\Components_NoProd\Profiles\ALUMINIUM_PROFILE_20x20xXXmm.SLDPRT
2026-10-08 12:34:05,438 INFO  CommonSwOperations.cs: 245 - Loading component with PID ?>     ???^C O M P O N E N T S _ S U P P O R T - 2 @ R O V E R _ 1 0 0 0 _ W A T T _ V A R I A N T / A L U M I N I U M _ P R O F I L E _ 2 0 x 2 0 x X X m m - 2 @ C O M P O N E N T S _ S U P P O R T             M     
2026-10-08 12:34:05,438 INFO  CommonSwOperations.cs: 254 - Successfully loaded component D:\02 MA\01 Projects\Rover_A1\rover_a1_model\02_Impl\02_Source\Components\Components_NoProd\Profiles\ALUMINIUM_PROFILE_20x20xXXmm.SLDPRT
2026-10-08 12:34:05,439 INFO  CommonSwOperations.cs: 245 - Loading component with PID ?>     ???^C O M P O N E N T S _ S U P P O R T - 2 @ R O V E R _ 1 0 0 0 _ W A T T _ V A R I A N T / A L U M I N I U M _ P R O F I L E _ 2 0 x 2 0 x X X m m - 1 @ C O M P O N E N T S _ S U P P O R T             M     
2026-10-08 12:34:05,439 INFO  CommonSwOperations.cs: 254 - Successfully loaded component D:\02 MA\01 Projects\Rover_A1\rover_a1_model\02_Impl\02_Source\Components\Components_NoProd\Profiles\ALUMINIUM_PROFILE_20x20xXXmm.SLDPRT
2026-10-08 12:34:05,439 INFO  CommonSwOperations.cs: 245 - Loading component with PID ?>     ???%T S h a p e _ 2 0 2 0 - 2 @ R O V E R _ 1 0 0 0 _ W A T T _ V A R I A N T             ?  
2026-10-08 12:34:05,439 INFO  CommonSwOperations.cs: 254 - Successfully loaded component D:\02 MA\01 Projects\Rover_A1\rover_a1_model\02_Impl\02_Source\Components\Components_NoProd\TShapes\TShape_2020.SLDPRT
2026-10-08 12:34:05,439 INFO  CommonSwOperations.cs: 245 - Loading component with PID ?>     ???%T S h a p e _ 2 0 2 0 - 4 @ R O V E R _ 1 0 0 0 _ W A T T _ V A R I A N T             ?  
2026-10-08 12:34:05,440 INFO  CommonSwOperations.cs: 254 - Successfully loaded component D:\02 MA\01 Projects\Rover_A1\rover_a1_model\02_Impl\02_Source\Components\Components_NoProd\TShapes\TShape_2020.SLDPRT
2026-10-08 12:34:05,440 INFO  CommonSwOperations.cs: 245 - Loading component with PID ?>     ???6A L U M I N I U M _ P R O F I L E _ 2 0 x 2 0 x 1 0 m m - 1 @ R O V E R _ 1 0 0 0 _ W A T T _ V A R I A N T             S  
2026-10-08 12:34:05,440 INFO  CommonSwOperations.cs: 254 - Successfully loaded component D:\02 MA\01 Projects\Rover_A1\rover_a1_model\02_Impl\02_Source\Components\Components_NoProd\Profiles\ALUMINIUM_PROFILE_20x20x10mm.SLDPRT
2026-10-08 12:34:05,440 INFO  CommonSwOperations.cs: 245 - Loading component with PID ?>     ???6A L U M I N I U M _ P R O F I L E _ 2 0 x 2 0 x 1 0 m m - 2 @ R O V E R _ 1 0 0 0 _ W A T T _ V A R I A N T             [  
2026-10-08 12:34:05,440 INFO  CommonSwOperations.cs: 254 - Successfully loaded component D:\02 MA\01 Projects\Rover_A1\rover_a1_model\02_Impl\02_Source\Components\Components_NoProd\Profiles\ALUMINIUM_PROFILE_20x20x10mm.SLDPRT
2026-10-08 12:34:05,441 INFO  CommonSwOperations.cs: 245 - Loading component with PID ?>     ???&M A I N _ S U P P O R T - 1 @ R O V E R _ 1 0 0 0 _ W A T T _ V A R I A N T             ;  
2026-10-08 12:34:05,441 INFO  CommonSwOperations.cs: 254 - Successfully loaded component D:\02 MA\01 Projects\Rover_A1\rover_a1_model\02_Impl\02_Source\Assembly\MAIN_SUPPORT.SLDASM
2026-10-08 12:34:05,441 INFO  CommonSwOperations.cs: 245 - Loading component with PID ?>     ???%T S h a p e _ 2 0 2 0 - 1 @ R O V E R _ 1 0 0 0 _ W A T T _ V A R I A N T             ?  
2026-10-08 12:34:05,441 INFO  CommonSwOperations.cs: 254 - Successfully loaded component D:\02 MA\01 Projects\Rover_A1\rover_a1_model\02_Impl\02_Source\Components\Components_NoProd\TShapes\TShape_2020.SLDPRT
2026-10-08 12:34:05,441 INFO  CommonSwOperations.cs: 245 - Loading component with PID ?>     ???%T S h a p e _ 2 0 2 0 - 3 @ R O V E R _ 1 0 0 0 _ W A T T _ V A R I A N T             ?  
2026-10-08 12:34:05,442 INFO  CommonSwOperations.cs: 254 - Successfully loaded component D:\02 MA\01 Projects\Rover_A1\rover_a1_model\02_Impl\02_Source\Components\Components_NoProd\TShapes\TShape_2020.SLDPRT
2026-10-08 12:34:05,442 INFO  CommonSwOperations.cs: 245 - Loading component with PID ?>     ???(H e x   b o l t   M 8 x 4 0 - 4 @ R O V E R _ 1 0 0 0 _ W A T T _ V A R I A N T             ?  
2026-10-08 12:34:05,442 INFO  CommonSwOperations.cs: 254 - Successfully loaded component D:\02 MA\01 Projects\Rover_A1\rover_a1_model\02_Impl\02_Source\Components\Components_NoProd\Bolt\Hex bolt M8x40.SLDPRT
2026-10-08 12:34:05,442 INFO  CommonSwOperations.cs: 245 - Loading component with PID ?>     ???5A L U M I N I U M _ P R O F I L E _ 2 0 x 2 0 x 4 5 0 - 2 @ R O V E R _ 1 0 0 0 _ W A T T _ V A R I A N T             B  
2026-10-08 12:34:05,442 INFO  CommonSwOperations.cs: 254 - Successfully loaded component D:\02 MA\01 Projects\Rover_A1\rover_a1_model\02_Impl\02_Source\Components\Components_NoProd\Profiles\ALUMINIUM_PROFILE_20x20x450.SLDPRT
2026-10-08 12:34:05,443 INFO  CommonSwOperations.cs: 245 - Loading component with PID ?>     ???(H e x   b o l t   M 8 x 4 0 - 1 @ R O V E R _ 1 0 0 0 _ W A T T _ V A R I A N T             ?  
2026-10-08 12:34:05,443 INFO  CommonSwOperations.cs: 254 - Successfully loaded component D:\02 MA\01 Projects\Rover_A1\rover_a1_model\02_Impl\02_Source\Components\Components_NoProd\Bolt\Hex bolt M8x40.SLDPRT
2026-10-08 12:34:05,443 INFO  CommonSwOperations.cs: 245 - Loading component with PID ?>     ???!X B 7 N G 2 1 - 1 @ R O V E R _ 1 0 0 0 _ W A T T _ V A R I A N T             x  
2026-10-08 12:34:05,443 INFO  CommonSwOperations.cs: 254 - Successfully loaded component D:\02 MA\01 Projects\Rover_A1\rover_a1_model\02_Impl\02_Source\Components\Components_NoProd\SwitchWithKey\XB7NG21.SLDPRT
2026-10-08 12:34:05,443 INFO  CommonSwOperations.cs: 245 - Loading component with PID ?>     ???(D I N _ R A I L _ 2 4 0 m m - 1 @ R O V E R _ 1 0 0 0 _ W A T T _ V A R I A N T             *  
2026-10-08 12:34:05,445 INFO  CommonSwOperations.cs: 254 - Successfully loaded component D:\02 MA\01 Projects\Rover_A1\rover_a1_model\02_Impl\02_Source\Components\Components_NoProd\Dinrails\DIN_RAIL_240mm.SLDPRT
2026-10-08 12:34:05,445 INFO  CommonSwOperations.cs: 245 - Loading component with PID ?>     ???5A L U M I N I U M _ P R O F I L E _ 2 0 x 2 0 x 4 5 0 - 4 @ R O V E R _ 1 0 0 0 _ W A T T _ V A R I A N T             ?  
2026-10-08 12:34:05,445 INFO  CommonSwOperations.cs: 254 - Successfully loaded component D:\02 MA\01 Projects\Rover_A1\rover_a1_model\02_Impl\02_Source\Components\Components_NoProd\Profiles\ALUMINIUM_PROFILE_20x20x450.SLDPRT
2026-10-08 12:34:05,445 INFO  CommonSwOperations.cs: 245 - Loading component with PID ?>     ???(H e x   b o l t   M 8 x 4 0 - 2 @ R O V E R _ 1 0 0 0 _ W A T T _ V A R I A N T             ?  
2026-10-08 12:34:05,445 INFO  CommonSwOperations.cs: 254 - Successfully loaded component D:\02 MA\01 Projects\Rover_A1\rover_a1_model\02_Impl\02_Source\Components\Components_NoProd\Bolt\Hex bolt M8x40.SLDPRT
2026-10-08 12:34:05,445 INFO  CommonSwOperations.cs: 245 - Loading component with PID ?>     ??? S W I T C H - 1 @ R O V E R _ 1 0 0 0 _ W A T T _ V A R I A N T             -  
2026-10-08 12:34:05,445 INFO  CommonSwOperations.cs: 254 - Successfully loaded component D:\02 MA\01 Projects\Rover_A1\rover_a1_model\02_Impl\02_Source\Components\Components_NoProd\Switch\SWITCH.SLDPRT
2026-10-08 12:34:05,445 INFO  CommonSwOperations.cs: 245 - Loading component with PID ?>     ???&M O T O R _ D R I V E R - 4 @ R O V E R _ 1 0 0 0 _ W A T T _ V A R I A N T               
2026-10-08 12:34:05,445 INFO  CommonSwOperations.cs: 254 - Successfully loaded component D:\02 MA\01 Projects\Rover_A1\rover_a1_model\02_Impl\02_Source\Assembly\MOTOR_DRIVER.SLDASM
2026-10-08 12:34:05,445 INFO  CommonSwOperations.cs: 245 - Loading component with PID ?>     ???$L E D _ S Y S T E M - 2 @ R O V E R _ 1 0 0 0 _ W A T T _ V A R I A N T             ?  
2026-10-08 12:34:05,446 INFO  CommonSwOperations.cs: 254 - Successfully loaded component D:\02 MA\01 Projects\Rover_A1\rover_a1_model\02_Impl\02_Source\Assembly\LED_SYSTEM.SLDASM
2026-10-08 12:34:05,446 INFO  CommonSwOperations.cs: 245 - Loading component with PID ?>     ???$L E D _ S Y S T E M - 1 @ R O V E R _ 1 0 0 0 _ W A T T _ V A R I A N T             ?  
2026-10-08 12:34:05,446 INFO  CommonSwOperations.cs: 254 - Successfully loaded component D:\02 MA\01 Projects\Rover_A1\rover_a1_model\02_Impl\02_Source\Assembly\LED_SYSTEM.SLDASM
2026-10-08 12:34:05,446 INFO  CommonSwOperations.cs: 245 - Loading component with PID ?>     ???(H e x   b o l t   M 8 x 4 0 - 3 @ R O V E R _ 1 0 0 0 _ W A T T _ V A R I A N T             ?  
2026-10-08 12:34:05,447 INFO  CommonSwOperations.cs: 254 - Successfully loaded component D:\02 MA\01 Projects\Rover_A1\rover_a1_model\02_Impl\02_Source\Components\Components_NoProd\Bolt\Hex bolt M8x40.SLDPRT
2026-10-08 12:34:05,447 INFO  CommonSwOperations.cs: 245 - Loading component with PID ?>     ???"X B 7 N T 8 4 5 - 1 @ R O V E R _ 1 0 0 0 _ W A T T _ V A R I A N T             n  
2026-10-08 12:34:05,447 INFO  CommonSwOperations.cs: 254 - Successfully loaded component D:\02 MA\01 Projects\Rover_A1\rover_a1_model\02_Impl\02_Source\Components\Components_NoProd\EmrgencyStop\XB7NT845.SLDPRT
2026-10-08 12:34:05,447 INFO  CommonSwOperations.cs: 245 - Loading component with PID ?>     ???&M O T O R _ D R I V E R - 2 @ R O V E R _ 1 0 0 0 _ W A T T _ V A R I A N T               
2026-10-08 12:34:05,447 INFO  CommonSwOperations.cs: 254 - Successfully loaded component D:\02 MA\01 Projects\Rover_A1\rover_a1_model\02_Impl\02_Source\Assembly\MOTOR_DRIVER.SLDASM
2026-10-08 12:34:05,448 INFO  CommonSwOperations.cs: 245 - Loading component with PID ?>     ???&M O T O R _ D R I V E R - 1 @ R O V E R _ 1 0 0 0 _ W A T T _ V A R I A N T               
2026-10-08 12:34:05,448 INFO  CommonSwOperations.cs: 254 - Successfully loaded component D:\02 MA\01 Projects\Rover_A1\rover_a1_model\02_Impl\02_Source\Assembly\MOTOR_DRIVER.SLDASM
2026-10-08 12:34:05,448 INFO  CommonSwOperations.cs: 245 - Loading component with PID ?>     ???R E L A Y - 5 @ R O V E R _ 1 0 0 0 _ W A T T _ V A R I A N T             ?  
2026-10-08 12:34:05,448 INFO  CommonSwOperations.cs: 254 - Successfully loaded component D:\02 MA\01 Projects\Rover_A1\rover_a1_model\02_Impl\02_Source\Components\Components_NoProd\Driver_Relays\RELAY.SLDPRT
2026-10-08 12:34:05,448 INFO  CommonSwOperations.cs: 245 - Loading component with PID ?>     ???R E L A Y - 4 @ R O V E R _ 1 0 0 0 _ W A T T _ V A R I A N T             ?  
2026-10-08 12:34:05,449 INFO  CommonSwOperations.cs: 254 - Successfully loaded component D:\02 MA\01 Projects\Rover_A1\rover_a1_model\02_Impl\02_Source\Components\Components_NoProd\Driver_Relays\RELAY.SLDPRT
2026-10-08 12:34:05,449 INFO  CommonSwOperations.cs: 245 - Loading component with PID ?>     ???R E L A Y - 1 @ R O V E R _ 1 0 0 0 _ W A T T _ V A R I A N T             ?  
2026-10-08 12:34:05,449 INFO  CommonSwOperations.cs: 254 - Successfully loaded component D:\02 MA\01 Projects\Rover_A1\rover_a1_model\02_Impl\02_Source\Components\Components_NoProd\Driver_Relays\RELAY.SLDPRT
2026-10-08 12:34:05,449 INFO  CommonSwOperations.cs: 245 - Loading component with PID ?>     ???'S W I T C H _ R U B B E R - 1 @ R O V E R _ 1 0 0 0 _ W A T T _ V A R I A N T               
2026-10-08 12:34:05,450 INFO  CommonSwOperations.cs: 254 - Successfully loaded component D:\02 MA\01 Projects\Rover_A1\rover_a1_model\02_Impl\02_Source\Components\Components_NoProd\Switch\SWITCH_RUBBER.SLDPRT
2026-10-08 12:34:05,450 INFO  CommonSwOperations.cs: 245 - Loading component with PID ?>     ???2U S E R _ S P A C E _ B O T T O M _ 2 m m _ A L - 1 @ R O V E R _ 1 0 0 0 _ W A T T _ V A R I A N T             D  
2026-10-08 12:34:05,450 INFO  CommonSwOperations.cs: 254 - Successfully loaded component D:\02 MA\01 Projects\Rover_A1\rover_a1_model\02_Impl\02_Source\Components\Components_Prod\Case\USER_SPACE_BOTTOM_2mm_AL.SLDPRT
2026-10-08 12:34:05,450 INFO  CommonSwOperations.cs: 245 - Loading component with PID ?>     ???R E L A Y - 2 @ R O V E R _ 1 0 0 0 _ W A T T _ V A R I A N T             ?  
2026-10-08 12:34:05,450 INFO  CommonSwOperations.cs: 254 - Successfully loaded component D:\02 MA\01 Projects\Rover_A1\rover_a1_model\02_Impl\02_Source\Components\Components_NoProd\Driver_Relays\RELAY.SLDPRT
2026-10-08 12:34:05,451 INFO  CommonSwOperations.cs: 245 - Loading component with PID ?>     ???&M O T O R _ D R I V E R - 3 @ R O V E R _ 1 0 0 0 _ W A T T _ V A R I A N T               
2026-10-08 12:34:05,451 INFO  CommonSwOperations.cs: 254 - Successfully loaded component D:\02 MA\01 Projects\Rover_A1\rover_a1_model\02_Impl\02_Source\Assembly\MOTOR_DRIVER.SLDASM
2026-10-08 12:34:05,451 INFO  CommonSwOperations.cs: 245 - Loading component with PID ?>     ???,R E A R _ 3 m m _ A L _ B O T T O M - 1 @ R O V E R _ 1 0 0 0 _ W A T T _ V A R I A N T             3  
2026-10-08 12:34:05,451 INFO  CommonSwOperations.cs: 254 - Successfully loaded component D:\02 MA\01 Projects\Rover_A1\rover_a1_model\02_Impl\02_Source\Components\Components_Prod\Case\REAR_3mm_AL_BOTTOM.SLDPRT
2026-10-08 12:34:05,451 INFO  CommonSwOperations.cs: 245 - Loading component with PID ?>     ???7B A T T E R Y _ H O L D E R _ P L E X I G L A S S _ 5 m m - 1 @ R O V E R _ 1 0 0 0 _ W A T T _ V A R I A N T             ?  
2026-10-08 12:34:05,453 INFO  CommonSwOperations.cs: 254 - Successfully loaded component D:\02 MA\01 Projects\Rover_A1\rover_a1_model\02_Impl\02_Source\Assembly\BATTERY_HOLDER_PLEXIGLASS_5mm.SLDASM
2026-10-08 12:34:05,453 INFO  CommonSwOperations.cs: 245 - Loading component with PID ?>     ???(L A T E R A L _ 4 m m _ A L - 2 @ R O V E R _ 1 0 0 0 _ W A T T _ V A R I A N T             ?  
2026-10-08 12:34:05,453 INFO  CommonSwOperations.cs: 254 - Successfully loaded component D:\02 MA\01 Projects\Rover_A1\rover_a1_model\02_Impl\02_Source\Components\Components_Prod\Case\LATERAL_4mm_AL.SLDPRT
2026-10-08 12:34:05,453 INFO  CommonSwOperations.cs: 245 - Loading component with PID ?>     ???(L A T E R A L _ 4 m m _ A L - 1 @ R O V E R _ 1 0 0 0 _ W A T T _ V A R I A N T             ?  
2026-10-08 12:34:05,453 INFO  CommonSwOperations.cs: 254 - Successfully loaded component D:\02 MA\01 Projects\Rover_A1\rover_a1_model\02_Impl\02_Source\Components\Components_Prod\Case\LATERAL_4mm_AL.SLDPRT
2026-10-08 12:34:05,454 INFO  CommonSwOperations.cs: 245 - Loading component with PID ?>     ???,B O T T O M _ R E A R _ 2 m m _ A L - 1 @ R O V E R _ 1 0 0 0 _ W A T T _ V A R I A N T             ?	  
2026-10-08 12:34:05,454 INFO  CommonSwOperations.cs: 254 - Successfully loaded component D:\02 MA\01 Projects\Rover_A1\rover_a1_model\02_Impl\02_Source\Components\Components_Prod\Case\BOTTOM_REAR_2mm_AL.SLDPRT
2026-10-08 12:34:05,454 INFO  CommonSwOperations.cs: 245 - Loading component with PID ?>     ????S U P P O R T _ C H U N K _ 1 0 0 0 _ W A T T _ V A R I A N T _ F R O N T - 1 @ R O V E R _ 1 0 0 0 _ W A T T _ V A R I A N T             _	  
2026-10-08 12:34:05,454 INFO  CommonSwOperations.cs: 254 - Successfully loaded component D:\02 MA\01 Projects\Rover_A1\rover_a1_model\02_Impl\02_Source\Assembly\SUPPORT_CHUNK_1000_WATT_VARIANT_FRONT.SLDASM
2026-10-08 12:34:05,454 INFO  CommonSwOperations.cs: 245 - Loading component with PID ?>     ???%M O T O R _ C H U N K - 3 @ R O V E R _ 1 0 0 0 _ W A T T _ V A R I A N T             ?  
2026-10-08 12:34:05,455 INFO  CommonSwOperations.cs: 254 - Successfully loaded component D:\02 MA\01 Projects\Rover_A1\rover_a1_model\02_Impl\02_Source\Assembly\MOTOR_CHUNK.SLDASM
2026-10-08 12:34:05,455 INFO  CommonSwOperations.cs: 245 - Loading component with PID ?>     ???>S U P P O R T _ C H U N K _ 1 0 0 0 _ W A T T _ V A R I A N T _ B A C K - 1 @ R O V E R _ 1 0 0 0 _ W A T T _ V A R I A N T             c	  
2026-10-08 12:34:05,455 INFO  CommonSwOperations.cs: 254 - Successfully loaded component D:\02 MA\01 Projects\Rover_A1\rover_a1_model\02_Impl\02_Source\Assembly\SUPPORT_CHUNK_1000_WATT_VARIANT_BACK.SLDASM
2026-10-08 12:34:05,455 INFO  CommonSwOperations.cs: 245 - Loading component with PID ?>     ???%M O T O R _ C H U N K - 4 @ R O V E R _ 1 0 0 0 _ W A T T _ V A R I A N T             ?  
2026-10-08 12:34:05,456 INFO  CommonSwOperations.cs: 254 - Successfully loaded component D:\02 MA\01 Projects\Rover_A1\rover_a1_model\02_Impl\02_Source\Assembly\MOTOR_CHUNK.SLDASM
2026-10-08 12:34:05,456 INFO  CommonSwOperations.cs: 245 - Loading component with PID ?>     ???;B O T T O M _ B A S E _ 7 0 0 x 4 5 0 x 5 m m _ 1 0 0 0 _ W A T T - 1 @ R O V E R _ 1 0 0 0 _ W A T T _ V A R I A N T                
2026-10-08 12:34:05,456 INFO  CommonSwOperations.cs: 254 - Successfully loaded component D:\02 MA\01 Projects\Rover_A1\rover_a1_model\02_Impl\02_Source\Components\Components_Prod\BOTTOM_BASE_700x450x5mm_1000_WATT.SLDPRT
2026-10-08 12:34:05,456 INFO  CommonSwOperations.cs: 245 - Loading component with PID ?>     ???%M O T O R _ C H U N K - 6 @ R O V E R _ 1 0 0 0 _ W A T T _ V A R I A N T             ?  
2026-10-08 12:34:05,456 INFO  CommonSwOperations.cs: 254 - Successfully loaded component D:\02 MA\01 Projects\Rover_A1\rover_a1_model\02_Impl\02_Source\Assembly\MOTOR_CHUNK.SLDASM
2026-10-08 12:34:05,457 INFO  CommonSwOperations.cs: 245 - Loading component with PID ?>     ???7A L U M I N I U M _ P R O F I L E _ 2 0 x 2 0 x 1 7 6 m m - 3 @ R O V E R _ 1 0 0 0 _ W A T T _ V A R I A N T             ?  
2026-10-08 12:34:05,457 INFO  CommonSwOperations.cs: 254 - Successfully loaded component D:\02 MA\01 Projects\Rover_A1\rover_a1_model\02_Impl\02_Source\Components\Components_NoProd\Profiles\ALUMINIUM_PROFILE_20x20x176mm.SLDPRT
2026-10-08 12:34:05,457 INFO  CommonSwOperations.cs: 245 - Loading component with PID ?>     ???7A L U M I N I U M _ P R O F I L E _ 2 0 x 2 0 x 1 7 6 m m - 4 @ R O V E R _ 1 0 0 0 _ W A T T _ V A R I A N T             ?  
2026-10-08 12:34:05,457 INFO  CommonSwOperations.cs: 254 - Successfully loaded component D:\02 MA\01 Projects\Rover_A1\rover_a1_model\02_Impl\02_Source\Components\Components_NoProd\Profiles\ALUMINIUM_PROFILE_20x20x176mm.SLDPRT
2026-10-08 12:34:05,457 INFO  CommonSwOperations.cs: 245 - Loading component with PID ?>     ???&F R O N T _ 3 m m _ A L - 2 @ R O V E R _ 1 0 0 0 _ W A T T _ V A R I A N T             r	  
2026-10-08 12:34:05,458 INFO  CommonSwOperations.cs: 254 - Successfully loaded component D:\02 MA\01 Projects\Rover_A1\rover_a1_model\02_Impl\02_Source\Components\Components_Prod\Case\FRONT_3mm_AL.SLDPRT
2026-10-08 12:34:05,458 INFO  CommonSwOperations.cs: 245 - Loading component with PID ?>     ???%M O T O R _ C H U N K - 5 @ R O V E R _ 1 0 0 0 _ W A T T _ V A R I A N T             ?  
2026-10-08 12:34:05,458 INFO  CommonSwOperations.cs: 254 - Successfully loaded component D:\02 MA\01 Projects\Rover_A1\rover_a1_model\02_Impl\02_Source\Assembly\MOTOR_CHUNK.SLDASM
2026-10-08 12:34:05,458 INFO  CommonSwOperations.cs: 245 - Loading component with PID ?>     ???cU S E R _ S P A S E _ F R O N T _ 6 0 X T - F - 1 @ R O V E R _ 1 0 0 0 _ W A T T _ V A R I A N T / U S E R _ S P A C E _ F R O N T _ 2 m m _ A L - 1 @ U S E R _ S P A S E _ F R O N T _ 6 0 X T - F             ?     
2026-10-08 12:34:05,459 INFO  CommonSwOperations.cs: 254 - Successfully loaded component D:\02 MA\01 Projects\Rover_A1\rover_a1_model\02_Impl\02_Source\Components\Components_Prod\Case\USER_SPACE_FRONT_2mm_AL.SLDPRT
2026-10-08 12:34:05,459 INFO  CommonSwOperations.cs: 245 - Loading component with PID ?>     ???`U S E R _ S P A S E _ R E A R _ 6 0 X T - F - 1 @ R O V E R _ 1 0 0 0 _ W A T T _ V A R I A N T / U S E R _ S P A C E _ B A C K _ 2 m m _ A L - 1 @ U S E R _ S P A S E _ R E A R _ 6 0 X T - F             ?     
2026-10-08 12:34:05,459 INFO  CommonSwOperations.cs: 254 - Successfully loaded component D:\02 MA\01 Projects\Rover_A1\rover_a1_model\02_Impl\02_Source\Components\Components_Prod\Case\USER_SPACE_BACK_2mm_AL.SLDPRT
2026-10-08 12:34:05,459 INFO  CommonSwOperations.cs: 245 - Loading component with PID ?>     ???)R E A R _ 3 m m _ A L _ T O P - 1 @ R O V E R _ 1 0 0 0 _ W A T T _ V A R I A N T             '  
2026-10-08 12:34:05,459 INFO  CommonSwOperations.cs: 254 - Successfully loaded component D:\02 MA\01 Projects\Rover_A1\rover_a1_model\02_Impl\02_Source\Components\Components_Prod\Case\REAR_3mm_AL_TOP.SLDPRT
2026-10-08 12:34:05,460 INFO  CommonSwOperations.cs: 245 - Loading component with PID ?>     ???PU S E R _ S P A S E _ R E A R _ 6 0 X T - F - 1 @ R O V E R _ 1 0 0 0 _ W A T T _ V A R I A N T / X T 6 0 - F - 3 @ U S E R _ S P A S E _ R E A R _ 6 0 X T - F             ?  N   
2026-10-08 12:34:05,460 INFO  CommonSwOperations.cs: 254 - Successfully loaded component D:\02 MA\01 Projects\Rover_A1\rover_a1_model\02_Impl\02_Source\Components\Components_NoProd\Connectors\XT60-F.SLDPRT
2026-10-08 12:34:05,460 INFO  CommonSwOperations.cs: 245 - Loading component with PID ?>     ???aU S E R _ S P A S E _ R E A R _ 6 0 X T - F - 1 @ R O V E R _ 1 0 0 0 _ W A T T _ V A R I A N T / T E R M I N A L _ 3 . 8 1 _ 1 2 P _ F R A M E - 1 @ U S E R _ S P A S E _ R E A R _ 6 0 X T - F             ?  '   
2026-10-08 12:34:05,460 INFO  CommonSwOperations.cs: 254 - Successfully loaded component D:\02 MA\01 Projects\Rover_A1\rover_a1_model\02_Impl\02_Source\Components\Components_NoProd\Connectors\TERMINAL_3.81_12P_FRAME.SLDPRT
2026-10-08 12:34:05,460 INFO  CommonSwOperations.cs: 245 - Loading component with PID ?>     ???bU S E R _ S P A S E _ R E A R _ 6 0 X T - F - 1 @ R O V E R _ 1 0 0 0 _ W A T T _ V A R I A N T / T E R M I N A L _ 3 . 8 1 _ 1 2 P _ S O C K E T - 1 @ U S E R _ S P A S E _ R E A R _ 6 0 X T - F             ?  (   
2026-10-08 12:34:05,460 INFO  CommonSwOperations.cs: 254 - Successfully loaded component D:\02 MA\01 Projects\Rover_A1\rover_a1_model\02_Impl\02_Source\Components\Components_NoProd\Connectors\TERMINAL_3.81_12P_SOCKET.SLDPRT
2026-10-08 12:34:05,460 INFO  CommonSwOperations.cs: 245 - Loading component with PID ?>     ???aU S E R _ S P A S E _ R E A R _ 6 0 X T - F - 1 @ R O V E R _ 1 0 0 0 _ W A T T _ V A R I A N T / T E R M I N A L _ 3 . 8 1 _ 0 6 P _ F R A M E - 1 @ U S E R _ S P A S E _ R E A R _ 6 0 X T - F             ?     
2026-10-08 12:34:05,460 INFO  CommonSwOperations.cs: 254 - Successfully loaded component D:\02 MA\01 Projects\Rover_A1\rover_a1_model\02_Impl\02_Source\Components\Components_NoProd\Connectors\TERMINAL_3.81_06P_FRAME.SLDPRT
2026-10-08 12:34:05,461 INFO  CommonSwOperations.cs: 245 - Loading component with PID ?>     ???bU S E R _ S P A S E _ R E A R _ 6 0 X T - F - 1 @ R O V E R _ 1 0 0 0 _ W A T T _ V A R I A N T / T E R M I N A L _ 3 . 8 1 _ 0 6 P _ S O C K E T - 1 @ U S E R _ S P A S E _ R E A R _ 6 0 X T - F             ?     
2026-10-08 12:34:05,461 INFO  CommonSwOperations.cs: 254 - Successfully loaded component D:\02 MA\01 Projects\Rover_A1\rover_a1_model\02_Impl\02_Source\Components\Components_NoProd\Connectors\TERMINAL_3.81_06P_SOCKET.SLDPRT
2026-10-08 12:34:05,461 INFO  CommonSwOperations.cs: 245 - Loading component with PID ?>     ???PU S E R _ S P A S E _ R E A R _ 6 0 X T - F - 1 @ R O V E R _ 1 0 0 0 _ W A T T _ V A R I A N T / X T 6 0 - F - 1 @ U S E R _ S P A S E _ R E A R _ 6 0 X T - F             ?  ;   
2026-10-08 12:34:05,462 INFO  CommonSwOperations.cs: 254 - Successfully loaded component D:\02 MA\01 Projects\Rover_A1\rover_a1_model\02_Impl\02_Source\Components\Components_NoProd\Connectors\XT60-F.SLDPRT
2026-10-08 12:34:05,462 INFO  CommonSwOperations.cs: 245 - Loading component with PID ?>     ???RU S E R _ S P A S E _ F R O N T _ 6 0 X T - F - 1 @ R O V E R _ 1 0 0 0 _ W A T T _ V A R I A N T / X T 6 0 - F - 3 @ U S E R _ S P A S E _ F R O N T _ 6 0 X T - F             ?  "   
2026-10-08 12:34:05,462 INFO  CommonSwOperations.cs: 254 - Successfully loaded component D:\02 MA\01 Projects\Rover_A1\rover_a1_model\02_Impl\02_Source\Components\Components_NoProd\Connectors\XT60-F.SLDPRT
2026-10-08 12:34:05,462 INFO  CommonSwOperations.cs: 245 - Loading component with PID ?>     ???RU S E R _ S P A S E _ F R O N T _ 6 0 X T - F - 1 @ R O V E R _ 1 0 0 0 _ W A T T _ V A R I A N T / X T 6 0 - F - 2 @ U S E R _ S P A S E _ F R O N T _ 6 0 X T - F             ?      
2026-10-08 12:34:05,463 INFO  CommonSwOperations.cs: 254 - Successfully loaded component D:\02 MA\01 Projects\Rover_A1\rover_a1_model\02_Impl\02_Source\Components\Components_NoProd\Connectors\XT60-F.SLDPRT
2026-10-08 12:34:05,463 INFO  CommonSwOperations.cs: 245 - Loading component with PID ?>     ???RU S E R _ S P A S E _ F R O N T _ 6 0 X T - F - 1 @ R O V E R _ 1 0 0 0 _ W A T T _ V A R I A N T / X T 6 0 - F - 1 @ U S E R _ S P A S E _ F R O N T _ 6 0 X T - F             ?     
2026-10-08 12:34:05,463 INFO  CommonSwOperations.cs: 254 - Successfully loaded component D:\02 MA\01 Projects\Rover_A1\rover_a1_model\02_Impl\02_Source\Components\Components_NoProd\Connectors\XT60-F.SLDPRT
2026-10-08 12:34:05,463 INFO  CommonSwOperations.cs: 245 - Loading component with PID ?>     ???^B A T T E R Y _ H O L D E R _ P L E X I G L A S S _ 5 m m - 1 @ R O V E R _ 1 0 0 0 _ W A T T _ V A R I A N T / X T 6 0 - F - 4 @ B A T T E R Y _ H O L D E R _ P L E X I G L A S S _ 5 m m             ?  d   
2026-10-08 12:34:05,463 INFO  CommonSwOperations.cs: 254 - Successfully loaded component D:\02 MA\01 Projects\Rover_A1\rover_a1_model\02_Impl\02_Source\Components\Components_NoProd\Connectors\XT60-F.SLDPRT
2026-10-08 12:34:05,464 INFO  CommonSwOperations.cs: 245 - Loading component with PID ?>     ???-B O T T O M _ F R O N T _ 2 m m _ A L - 1 @ R O V E R _ 1 0 0 0 _ W A T T _ V A R I A N T             ?	  
2026-10-08 12:34:05,464 INFO  CommonSwOperations.cs: 254 - Successfully loaded component D:\02 MA\01 Projects\Rover_A1\rover_a1_model\02_Impl\02_Source\Components\Components_Prod\Case\BOTTOM_FRONT_2mm_AL.SLDPRT
2026-10-08 12:34:05,464 INFO  CommonSwOperations.cs: 245 - Loading component with PID ?>     ???RU S E R _ S P A S E _ F R O N T _ 6 0 X T - F - 1 @ R O V E R _ 1 0 0 0 _ W A T T _ V A R I A N T / X T 6 0 - F - 4 @ U S E R _ S P A S E _ F R O N T _ 6 0 X T - F             ?  +   
2026-10-08 12:34:05,464 INFO  CommonSwOperations.cs: 254 - Successfully loaded component D:\02 MA\01 Projects\Rover_A1\rover_a1_model\02_Impl\02_Source\Components\Components_NoProd\Connectors\XT60-F.SLDPRT
2026-10-08 12:34:05,465 INFO  CommonSwOperations.cs: 245 - Loading component with PID ?>     ???0U S E R _ S P A S E _ R E A R _ 6 0 X T - F - 1 @ R O V E R _ 1 0 0 0 _ W A T T _ V A R I A N T             ?  
2026-10-08 12:34:05,468 INFO  CommonSwOperations.cs: 254 - Successfully loaded component D:\02 MA\01 Projects\Rover_A1\rover_a1_model\02_Impl\02_Source\Assembly\USER_SPASE_REAR_60XT-F.SLDASM
2026-10-08 12:34:05,468 INFO  CommonSwOperations.cs: 245 - Loading component with PID ?>     ???1U S E R _ S P A S E _ F R O N T _ 6 0 X T - F - 1 @ R O V E R _ 1 0 0 0 _ W A T T _ V A R I A N T             ?  
2026-10-08 12:34:05,469 INFO  CommonSwOperations.cs: 254 - Successfully loaded component D:\02 MA\01 Projects\Rover_A1\rover_a1_model\02_Impl\02_Source\Assembly\USER_SPASE_FRONT_60XT-F.SLDASM
2026-10-08 12:34:05,469 INFO  CommonSwOperations.cs: 245 - Loading component with PID ?>     ???/C M 5 _ D U A L _ E T H _ 4 G 5 G _ B O X - 1 @ R O V E R _ 1 0 0 0 _ W A T T _ V A R I A N T             ?  
2026-10-08 12:34:05,469 INFO  CommonSwOperations.cs: 254 - Successfully loaded component D:\02 MA\01 Projects\Rover_A1\rover_a1_model\02_Impl\02_Source\Components\Components_NoProd\ComputeUnit\CM5_DUAL_ETH_4G5G_BOX.SLDPRT
2026-10-08 12:34:05,469 INFO  CommonSwOperations.cs: 245 - Loading component with PID ?>     ???,C O M P O N E N T S _ S U P P O R T - 1 @ R O V E R _ 1 0 0 0 _ W A T T _ V A R I A N T             I  
2026-10-08 12:34:05,470 INFO  CommonSwOperations.cs: 254 - Successfully loaded component D:\02 MA\01 Projects\Rover_A1\rover_a1_model\02_Impl\02_Source\Assembly\COMPONENTS_SUPPORT.SLDASM
2026-10-08 12:34:05,470 INFO  CommonSwOperations.cs: 245 - Loading component with PID ?>     ???,C O M P O N E N T S _ S U P P O R T - 2 @ R O V E R _ 1 0 0 0 _ W A T T _ V A R I A N T             M  
2026-10-08 12:34:05,470 INFO  CommonSwOperations.cs: 254 - Successfully loaded component D:\02 MA\01 Projects\Rover_A1\rover_a1_model\02_Impl\02_Source\Assembly\COMPONENTS_SUPPORT.SLDASM
2026-10-08 12:34:05,470 INFO  CommonSwOperations.cs: 230 - Loaded 70 components for link base_link
2026-10-08 12:34:05,470 INFO  CommonSwOperations.cs: 221 - Loading SolidWorks components for link_back_left from D:\02 MA\01 Projects\Rover_A1\rover_a1_model\02_Impl\02_Source\Assembly\ROVER_1000_WATT_VARIANT.SLDASM
2026-10-08 12:34:05,471 INFO  CommonSwOperations.cs: 245 - Loading component with PID ?>     ???7W H E E L _ C H U N K _ 1 0 0 0 _ W A T T _ V A R I A N T - 3 @ R O V E R _ 1 0 0 0 _ W A T T _ V A R I A N T             ?	  
2026-10-08 12:34:05,471 INFO  CommonSwOperations.cs: 254 - Successfully loaded component D:\02 MA\01 Projects\Rover_A1\rover_a1_model\02_Impl\02_Source\Assembly\WHEEL_CHUNK_1000_WATT_VARIANT.SLDASM
2026-10-08 12:34:05,471 INFO  CommonSwOperations.cs: 230 - Loaded 1 components for link link_back_left
2026-10-08 12:34:05,472 INFO  CommonSwOperations.cs: 221 - Loading SolidWorks components for link_back_right from D:\02 MA\01 Projects\Rover_A1\rover_a1_model\02_Impl\02_Source\Assembly\ROVER_1000_WATT_VARIANT.SLDASM
2026-10-08 12:34:05,472 INFO  CommonSwOperations.cs: 245 - Loading component with PID ?>     ???7W H E E L _ C H U N K _ 1 0 0 0 _ W A T T _ V A R I A N T - 4 @ R O V E R _ 1 0 0 0 _ W A T T _ V A R I A N T             ?	  
2026-10-08 12:34:05,472 INFO  CommonSwOperations.cs: 254 - Successfully loaded component D:\02 MA\01 Projects\Rover_A1\rover_a1_model\02_Impl\02_Source\Assembly\WHEEL_CHUNK_1000_WATT_VARIANT.SLDASM
2026-10-08 12:34:05,472 INFO  CommonSwOperations.cs: 230 - Loaded 1 components for link link_back_right
2026-10-08 12:34:05,472 INFO  CommonSwOperations.cs: 221 - Loading SolidWorks components for link_front_right from D:\02 MA\01 Projects\Rover_A1\rover_a1_model\02_Impl\02_Source\Assembly\ROVER_1000_WATT_VARIANT.SLDASM
2026-10-08 12:34:05,472 INFO  CommonSwOperations.cs: 245 - Loading component with PID ?>     ???7W H E E L _ C H U N K _ 1 0 0 0 _ W A T T _ V A R I A N T - 5 @ R O V E R _ 1 0 0 0 _ W A T T _ V A R I A N T             ?	  
2026-10-08 12:34:05,473 INFO  CommonSwOperations.cs: 254 - Successfully loaded component D:\02 MA\01 Projects\Rover_A1\rover_a1_model\02_Impl\02_Source\Assembly\WHEEL_CHUNK_1000_WATT_VARIANT.SLDASM
2026-10-08 12:34:05,473 INFO  CommonSwOperations.cs: 230 - Loaded 1 components for link link_front_right
2026-10-08 12:34:05,473 INFO  CommonSwOperations.cs: 221 - Loading SolidWorks components for link_front_left from D:\02 MA\01 Projects\Rover_A1\rover_a1_model\02_Impl\02_Source\Assembly\ROVER_1000_WATT_VARIANT.SLDASM
2026-10-08 12:34:05,473 INFO  CommonSwOperations.cs: 245 - Loading component with PID ?>     ???7W H E E L _ C H U N K _ 1 0 0 0 _ W A T T _ V A R I A N T - 6 @ R O V E R _ 1 0 0 0 _ W A T T _ V A R I A N T             U  
2026-10-08 12:34:05,473 INFO  CommonSwOperations.cs: 254 - Successfully loaded component D:\02 MA\01 Projects\Rover_A1\rover_a1_model\02_Impl\02_Source\Assembly\WHEEL_CHUNK_1000_WATT_VARIANT.SLDASM
2026-10-08 12:34:05,474 INFO  CommonSwOperations.cs: 230 - Loaded 1 components for link link_front_left
2026-10-08 12:34:06,284 INFO  SwAddin.cs: 344 - Showing property manager
2026-10-08 12:34:44,982 INFO  ExportPropertyManager.cs: 1142 - AfterClose called. This method no longer throws an Exception. It just silently does nothing. Ok, except for this logging message
2026-10-08 12:34:51,866 INFO  SwAddin.cs: 294 - Assembly export called for file ROVER_1000_WATT_VARIANT.SLDASM
2026-10-08 12:34:51,866 INFO  SwAddin.cs: 305 - A rebuild is required
2026-10-08 12:34:51,866 INFO  SwAddin.cs: 313 - Saving assembly
2026-10-08 12:34:56,387 INFO  SwAddin.cs: 316 - Opening property manager
2026-10-08 12:34:56,387 INFO  ExportHelperExtension.cs: 1125 - Retrieving features of type [CoordSys] from ROVER_1000_WATT_VARIANT.SLDASM
2026-10-08 12:34:56,388 INFO  ExportHelperExtension.cs: 1136 - Found 309 in ROVER_1000_WATT_VARIANT.SLDASM
2026-10-08 12:34:56,389 INFO  ExportHelperExtension.cs: 1145 - Found 5 features of type [CoordSys] in ROVER_1000_WATT_VARIANT.SLDASM
2026-10-08 12:34:56,389 INFO  ExportHelperExtension.cs: 1148 - Proceeding through assembly components
2026-10-08 12:34:56,389 INFO  ExportHelperExtension.cs: 1160 - 56 components to check
2026-10-08 12:34:56,389 INFO  ExportHelperExtension.cs: 1125 - Retrieving features of type [CoordSys] from WHEEL_CHUNK_1000_WATT_VARIANT-4
2026-10-08 12:34:56,389 INFO  ExportHelperExtension.cs: 1136 - Found 31 in WHEEL_CHUNK_1000_WATT_VARIANT-4
2026-10-08 12:34:56,390 INFO  ExportHelperExtension.cs: 1145 - Found 0 features of type [CoordSys] in WHEEL_CHUNK_1000_WATT_VARIANT-4
2026-10-08 12:34:56,390 INFO  ExportHelperExtension.cs: 1125 - Retrieving features of type [CoordSys] from WHEEL_CHUNK_1000_WATT_VARIANT-6
2026-10-08 12:34:56,390 INFO  ExportHelperExtension.cs: 1136 - Found 31 in WHEEL_CHUNK_1000_WATT_VARIANT-6
2026-10-08 12:34:56,390 INFO  ExportHelperExtension.cs: 1145 - Found 0 features of type [CoordSys] in WHEEL_CHUNK_1000_WATT_VARIANT-6
2026-10-08 12:34:56,391 INFO  ExportHelperExtension.cs: 1125 - Retrieving features of type [CoordSys] from MOTOR_CHUNK-3
2026-10-08 12:34:56,391 INFO  ExportHelperExtension.cs: 1136 - Found 26 in MOTOR_CHUNK-3
2026-10-08 12:34:56,391 INFO  ExportHelperExtension.cs: 1145 - Found 0 features of type [CoordSys] in MOTOR_CHUNK-3
2026-10-08 12:34:56,391 INFO  ExportHelperExtension.cs: 1125 - Retrieving features of type [CoordSys] from MOTOR_CHUNK-6
2026-10-08 12:34:56,391 INFO  ExportHelperExtension.cs: 1136 - Found 26 in MOTOR_CHUNK-6
2026-10-08 12:34:56,392 INFO  ExportHelperExtension.cs: 1145 - Found 0 features of type [CoordSys] in MOTOR_CHUNK-6
2026-10-08 12:34:56,392 INFO  ExportHelperExtension.cs: 1125 - Retrieving features of type [CoordSys] from SUPPORT_CHUNK_1000_WATT_VARIANT_BACK-1
2026-10-08 12:34:56,393 INFO  ExportHelperExtension.cs: 1136 - Found 115 in SUPPORT_CHUNK_1000_WATT_VARIANT_BACK-1
2026-10-08 12:34:56,393 INFO  ExportHelperExtension.cs: 1145 - Found 0 features of type [CoordSys] in SUPPORT_CHUNK_1000_WATT_VARIANT_BACK-1
2026-10-08 12:34:56,393 INFO  ExportHelperExtension.cs: 1125 - Retrieving features of type [CoordSys] from ALUMINIUM_PROFILE_20x20x176mm-4
2026-10-08 12:34:56,393 INFO  ExportHelperExtension.cs: 1136 - Found 29 in ALUMINIUM_PROFILE_20x20x176mm-4
2026-10-08 12:34:56,393 INFO  ExportHelperExtension.cs: 1145 - Found 0 features of type [CoordSys] in ALUMINIUM_PROFILE_20x20x176mm-4
2026-10-08 12:34:56,393 INFO  ExportHelperExtension.cs: 1125 - Retrieving features of type [CoordSys] from MOTOR_CHUNK-5
2026-10-08 12:34:56,393 INFO  ExportHelperExtension.cs: 1136 - Found 26 in MOTOR_CHUNK-5
2026-10-08 12:34:56,393 INFO  ExportHelperExtension.cs: 1145 - Found 0 features of type [CoordSys] in MOTOR_CHUNK-5
2026-10-08 12:34:56,394 INFO  ExportHelperExtension.cs: 1125 - Retrieving features of type [CoordSys] from SUPPORT_CHUNK_1000_WATT_VARIANT_FRONT-1
2026-10-08 12:34:56,395 INFO  ExportHelperExtension.cs: 1136 - Found 80 in SUPPORT_CHUNK_1000_WATT_VARIANT_FRONT-1
2026-10-08 12:34:56,395 INFO  ExportHelperExtension.cs: 1145 - Found 0 features of type [CoordSys] in SUPPORT_CHUNK_1000_WATT_VARIANT_FRONT-1
2026-10-08 12:34:56,395 INFO  ExportHelperExtension.cs: 1125 - Retrieving features of type [CoordSys] from ALUMINIUM_PROFILE_20x20x176mm-3
2026-10-08 12:34:56,395 INFO  ExportHelperExtension.cs: 1136 - Found 29 in ALUMINIUM_PROFILE_20x20x176mm-3
2026-10-08 12:34:56,396 INFO  ExportHelperExtension.cs: 1145 - Found 0 features of type [CoordSys] in ALUMINIUM_PROFILE_20x20x176mm-3
2026-10-08 12:34:56,396 INFO  ExportHelperExtension.cs: 1125 - Retrieving features of type [CoordSys] from MOTOR_CHUNK-4
2026-10-08 12:34:56,396 INFO  ExportHelperExtension.cs: 1136 - Found 26 in MOTOR_CHUNK-4
2026-10-08 12:34:56,396 INFO  ExportHelperExtension.cs: 1145 - Found 0 features of type [CoordSys] in MOTOR_CHUNK-4
2026-10-08 12:34:56,396 INFO  ExportHelperExtension.cs: 1125 - Retrieving features of type [CoordSys] from BOTTOM_BASE_700x450x5mm_1000_WATT-1
2026-10-08 12:34:56,397 INFO  ExportHelperExtension.cs: 1136 - Found 35 in BOTTOM_BASE_700x450x5mm_1000_WATT-1
2026-10-08 12:34:56,397 INFO  ExportHelperExtension.cs: 1145 - Found 0 features of type [CoordSys] in BOTTOM_BASE_700x450x5mm_1000_WATT-1
2026-10-08 12:34:56,397 INFO  ExportHelperExtension.cs: 1125 - Retrieving features of type [CoordSys] from WHEEL_CHUNK_1000_WATT_VARIANT-3
2026-10-08 12:34:56,397 INFO  ExportHelperExtension.cs: 1136 - Found 31 in WHEEL_CHUNK_1000_WATT_VARIANT-3
2026-10-08 12:34:56,398 INFO  ExportHelperExtension.cs: 1145 - Found 0 features of type [CoordSys] in WHEEL_CHUNK_1000_WATT_VARIANT-3
2026-10-08 12:34:56,398 INFO  ExportHelperExtension.cs: 1125 - Retrieving features of type [CoordSys] from WHEEL_CHUNK_1000_WATT_VARIANT-5
2026-10-08 12:34:56,398 INFO  ExportHelperExtension.cs: 1136 - Found 31 in WHEEL_CHUNK_1000_WATT_VARIANT-5
2026-10-08 12:34:56,398 INFO  ExportHelperExtension.cs: 1145 - Found 0 features of type [CoordSys] in WHEEL_CHUNK_1000_WATT_VARIANT-5
2026-10-08 12:34:56,398 INFO  ExportHelperExtension.cs: 1125 - Retrieving features of type [CoordSys] from FRONT_3mm_AL-2
2026-10-08 12:34:56,399 INFO  ExportHelperExtension.cs: 1136 - Found 31 in FRONT_3mm_AL-2
2026-10-08 12:34:56,399 INFO  ExportHelperExtension.cs: 1145 - Found 0 features of type [CoordSys] in FRONT_3mm_AL-2
2026-10-08 12:34:56,399 INFO  ExportHelperExtension.cs: 1125 - Retrieving features of type [CoordSys] from SWITCH_RUBBER-1
2026-10-08 12:34:56,399 INFO  ExportHelperExtension.cs: 1136 - Found 28 in SWITCH_RUBBER-1
2026-10-08 12:34:56,400 INFO  ExportHelperExtension.cs: 1145 - Found 0 features of type [CoordSys] in SWITCH_RUBBER-1
2026-10-08 12:34:56,400 INFO  ExportHelperExtension.cs: 1125 - Retrieving features of type [CoordSys] from USER_SPACE_BOTTOM_2mm_AL-1
2026-10-08 12:34:56,400 INFO  ExportHelperExtension.cs: 1136 - Found 27 in USER_SPACE_BOTTOM_2mm_AL-1
2026-10-08 12:34:56,400 INFO  ExportHelperExtension.cs: 1145 - Found 0 features of type [CoordSys] in USER_SPACE_BOTTOM_2mm_AL-1
2026-10-08 12:34:56,401 INFO  ExportHelperExtension.cs: 1125 - Retrieving features of type [CoordSys] from RELAY-5
2026-10-08 12:34:56,401 INFO  ExportHelperExtension.cs: 1136 - Found 36 in RELAY-5
2026-10-08 12:34:56,401 INFO  ExportHelperExtension.cs: 1145 - Found 0 features of type [CoordSys] in RELAY-5
2026-10-08 12:34:56,401 INFO  ExportHelperExtension.cs: 1125 - Retrieving features of type [CoordSys] from BOTTOM_REAR_2mm_AL-1
2026-10-08 12:34:56,402 INFO  ExportHelperExtension.cs: 1136 - Found 29 in BOTTOM_REAR_2mm_AL-1
2026-10-08 12:34:56,402 INFO  ExportHelperExtension.cs: 1145 - Found 0 features of type [CoordSys] in BOTTOM_REAR_2mm_AL-1
2026-10-08 12:34:56,402 INFO  ExportHelperExtension.cs: 1125 - Retrieving features of type [CoordSys] from REAR_3mm_AL_BOTTOM-1
2026-10-08 12:34:56,402 INFO  ExportHelperExtension.cs: 1136 - Found 37 in REAR_3mm_AL_BOTTOM-1
2026-10-08 12:34:56,402 INFO  ExportHelperExtension.cs: 1145 - Found 0 features of type [CoordSys] in REAR_3mm_AL_BOTTOM-1
2026-10-08 12:34:56,403 INFO  ExportHelperExtension.cs: 1125 - Retrieving features of type [CoordSys] from RELAY-1
2026-10-08 12:34:56,403 INFO  ExportHelperExtension.cs: 1136 - Found 36 in RELAY-1
2026-10-08 12:34:56,403 INFO  ExportHelperExtension.cs: 1145 - Found 0 features of type [CoordSys] in RELAY-1
2026-10-08 12:34:56,403 INFO  ExportHelperExtension.cs: 1125 - Retrieving features of type [CoordSys] from LATERAL_4mm_AL-1
2026-10-08 12:34:56,403 INFO  ExportHelperExtension.cs: 1136 - Found 29 in LATERAL_4mm_AL-1
2026-10-08 12:34:56,404 INFO  ExportHelperExtension.cs: 1145 - Found 0 features of type [CoordSys] in LATERAL_4mm_AL-1
2026-10-08 12:34:56,404 INFO  ExportHelperExtension.cs: 1125 - Retrieving features of type [CoordSys] from BOTTOM_FRONT_2mm_AL-1
2026-10-08 12:34:56,404 INFO  ExportHelperExtension.cs: 1136 - Found 29 in BOTTOM_FRONT_2mm_AL-1
2026-10-08 12:34:56,405 INFO  ExportHelperExtension.cs: 1145 - Found 0 features of type [CoordSys] in BOTTOM_FRONT_2mm_AL-1
2026-10-08 12:34:56,405 INFO  ExportHelperExtension.cs: 1125 - Retrieving features of type [CoordSys] from LATERAL_4mm_AL-2
2026-10-08 12:34:56,405 INFO  ExportHelperExtension.cs: 1136 - Found 29 in LATERAL_4mm_AL-2
2026-10-08 12:34:56,405 INFO  ExportHelperExtension.cs: 1145 - Found 0 features of type [CoordSys] in LATERAL_4mm_AL-2
2026-10-08 12:34:56,405 INFO  ExportHelperExtension.cs: 1125 - Retrieving features of type [CoordSys] from REAR_3mm_AL_TOP-1
2026-10-08 12:34:56,406 INFO  ExportHelperExtension.cs: 1136 - Found 37 in REAR_3mm_AL_TOP-1
2026-10-08 12:34:56,406 INFO  ExportHelperExtension.cs: 1145 - Found 0 features of type [CoordSys] in REAR_3mm_AL_TOP-1
2026-10-08 12:34:56,406 INFO  ExportHelperExtension.cs: 1125 - Retrieving features of type [CoordSys] from USER_SPASE_REAR_60XT-F-1
2026-10-08 12:34:56,406 INFO  ExportHelperExtension.cs: 1136 - Found 54 in USER_SPASE_REAR_60XT-F-1
2026-10-08 12:34:56,407 INFO  ExportHelperExtension.cs: 1145 - Found 0 features of type [CoordSys] in USER_SPASE_REAR_60XT-F-1
2026-10-08 12:34:56,407 INFO  ExportHelperExtension.cs: 1125 - Retrieving features of type [CoordSys] from USER_SPASE_FRONT_60XT-F-1
2026-10-08 12:34:56,407 INFO  ExportHelperExtension.cs: 1136 - Found 39 in USER_SPASE_FRONT_60XT-F-1
2026-10-08 12:34:56,407 INFO  ExportHelperExtension.cs: 1145 - Found 0 features of type [CoordSys] in USER_SPASE_FRONT_60XT-F-1
2026-10-08 12:34:56,408 INFO  ExportHelperExtension.cs: 1125 - Retrieving features of type [CoordSys] from RELAY-2
2026-10-08 12:34:56,408 INFO  ExportHelperExtension.cs: 1136 - Found 36 in RELAY-2
2026-10-08 12:34:56,408 INFO  ExportHelperExtension.cs: 1145 - Found 0 features of type [CoordSys] in RELAY-2
2026-10-08 12:34:56,408 INFO  ExportHelperExtension.cs: 1125 - Retrieving features of type [CoordSys] from RELAY-4
2026-10-08 12:34:56,409 INFO  ExportHelperExtension.cs: 1136 - Found 36 in RELAY-4
2026-10-08 12:34:56,409 INFO  ExportHelperExtension.cs: 1145 - Found 0 features of type [CoordSys] in RELAY-4
2026-10-08 12:34:56,409 INFO  ExportHelperExtension.cs: 1125 - Retrieving features of type [CoordSys] from ALUMINIUM_PROFILE_20x20x450-2
2026-10-08 12:34:56,409 INFO  ExportHelperExtension.cs: 1136 - Found 27 in ALUMINIUM_PROFILE_20x20x450-2
2026-10-08 12:34:56,409 INFO  ExportHelperExtension.cs: 1145 - Found 0 features of type [CoordSys] in ALUMINIUM_PROFILE_20x20x450-2
2026-10-08 12:34:56,409 INFO  ExportHelperExtension.cs: 1125 - Retrieving features of type [CoordSys] from MOTOR_DRIVER-1
2026-10-08 12:34:56,410 INFO  ExportHelperExtension.cs: 1136 - Found 29 in MOTOR_DRIVER-1
2026-10-08 12:34:56,410 INFO  ExportHelperExtension.cs: 1145 - Found 0 features of type [CoordSys] in MOTOR_DRIVER-1
2026-10-08 12:34:56,410 INFO  ExportHelperExtension.cs: 1125 - Retrieving features of type [CoordSys] from MOTOR_DRIVER-2
2026-10-08 12:34:56,410 INFO  ExportHelperExtension.cs: 1136 - Found 29 in MOTOR_DRIVER-2
2026-10-08 12:34:56,410 INFO  ExportHelperExtension.cs: 1145 - Found 0 features of type [CoordSys] in MOTOR_DRIVER-2
2026-10-08 12:34:56,410 INFO  ExportHelperExtension.cs: 1125 - Retrieving features of type [CoordSys] from XB7NG21-1
2026-10-08 12:34:56,412 INFO  ExportHelperExtension.cs: 1136 - Found 36 in XB7NG21-1
2026-10-08 12:34:56,412 INFO  ExportHelperExtension.cs: 1145 - Found 0 features of type [CoordSys] in XB7NG21-1
2026-10-08 12:34:56,412 INFO  ExportHelperExtension.cs: 1125 - Retrieving features of type [CoordSys] from BATTERY_HOLDER_PLEXIGLASS_5mm-1
2026-10-08 12:34:56,412 INFO  ExportHelperExtension.cs: 1136 - Found 99 in BATTERY_HOLDER_PLEXIGLASS_5mm-1
2026-10-08 12:34:56,413 INFO  ExportHelperExtension.cs: 1145 - Found 0 features of type [CoordSys] in BATTERY_HOLDER_PLEXIGLASS_5mm-1
2026-10-08 12:34:56,413 INFO  ExportHelperExtension.cs: 1125 - Retrieving features of type [CoordSys] from SWITCH-1
2026-10-08 12:34:56,413 INFO  ExportHelperExtension.cs: 1136 - Found 28 in SWITCH-1
2026-10-08 12:34:56,413 INFO  ExportHelperExtension.cs: 1145 - Found 0 features of type [CoordSys] in SWITCH-1
2026-10-08 12:34:56,414 INFO  ExportHelperExtension.cs: 1125 - Retrieving features of type [CoordSys] from MOTOR_DRIVER-3
2026-10-08 12:34:56,414 INFO  ExportHelperExtension.cs: 1136 - Found 29 in MOTOR_DRIVER-3
2026-10-08 12:34:56,414 INFO  ExportHelperExtension.cs: 1145 - Found 0 features of type [CoordSys] in MOTOR_DRIVER-3
2026-10-08 12:34:56,414 INFO  ExportHelperExtension.cs: 1125 - Retrieving features of type [CoordSys] from CM5_DUAL_ETH_4G5G_BOX-1
2026-10-08 12:34:56,414 INFO  ExportHelperExtension.cs: 1136 - Found 50 in CM5_DUAL_ETH_4G5G_BOX-1
2026-10-08 12:34:56,415 INFO  ExportHelperExtension.cs: 1145 - Found 0 features of type [CoordSys] in CM5_DUAL_ETH_4G5G_BOX-1
2026-10-08 12:34:56,415 INFO  ExportHelperExtension.cs: 1125 - Retrieving features of type [CoordSys] from MOTOR_DRIVER-4
2026-10-08 12:34:56,415 INFO  ExportHelperExtension.cs: 1136 - Found 29 in MOTOR_DRIVER-4
2026-10-08 12:34:56,415 INFO  ExportHelperExtension.cs: 1145 - Found 0 features of type [CoordSys] in MOTOR_DRIVER-4
2026-10-08 12:34:56,416 INFO  ExportHelperExtension.cs: 1125 - Retrieving features of type [CoordSys] from RUTX11-1
2026-10-08 12:34:56,416 INFO  ExportHelperExtension.cs: 1136 - Found 36 in RUTX11-1
2026-10-08 12:34:56,416 INFO  ExportHelperExtension.cs: 1145 - Found 0 features of type [CoordSys] in RUTX11-1
2026-10-08 12:34:56,416 INFO  ExportHelperExtension.cs: 1125 - Retrieving features of type [CoordSys] from XB7NT845-1
2026-10-08 12:34:56,417 INFO  ExportHelperExtension.cs: 1136 - Found 36 in XB7NT845-1
2026-10-08 12:34:56,417 INFO  ExportHelperExtension.cs: 1145 - Found 0 features of type [CoordSys] in XB7NT845-1
2026-10-08 12:34:56,417 INFO  ExportHelperExtension.cs: 1125 - Retrieving features of type [CoordSys] from DIN_RAIL_240mm-1
2026-10-08 12:34:56,417 INFO  ExportHelperExtension.cs: 1136 - Found 38 in DIN_RAIL_240mm-1
2026-10-08 12:34:56,418 INFO  ExportHelperExtension.cs: 1145 - Found 0 features of type [CoordSys] in DIN_RAIL_240mm-1
2026-10-08 12:34:56,418 INFO  ExportHelperExtension.cs: 1125 - Retrieving features of type [CoordSys] from ALUMINIUM_PROFILE_20x20x10mm-1
2026-10-08 12:34:56,418 INFO  ExportHelperExtension.cs: 1136 - Found 29 in ALUMINIUM_PROFILE_20x20x10mm-1
2026-10-08 12:34:56,418 INFO  ExportHelperExtension.cs: 1145 - Found 0 features of type [CoordSys] in ALUMINIUM_PROFILE_20x20x10mm-1
2026-10-08 12:34:56,423 INFO  ExportHelperExtension.cs: 1125 - Retrieving features of type [CoordSys] from ALUMINIUM_PROFILE_20x20x450-4
2026-10-08 12:34:56,434 INFO  ExportHelperExtension.cs: 1136 - Found 27 in ALUMINIUM_PROFILE_20x20x450-4
2026-10-08 12:34:56,434 INFO  ExportHelperExtension.cs: 1145 - Found 0 features of type [CoordSys] in ALUMINIUM_PROFILE_20x20x450-4
2026-10-08 12:34:56,435 INFO  ExportHelperExtension.cs: 1125 - Retrieving features of type [CoordSys] from Hex bolt M8x40-3
2026-10-08 12:34:56,435 INFO  ExportHelperExtension.cs: 1136 - Found 44 in Hex bolt M8x40-3
2026-10-08 12:34:56,435 INFO  ExportHelperExtension.cs: 1145 - Found 0 features of type [CoordSys] in Hex bolt M8x40-3
2026-10-08 12:34:56,435 INFO  ExportHelperExtension.cs: 1125 - Retrieving features of type [CoordSys] from Hex bolt M8x40-4
2026-10-08 12:34:56,435 INFO  ExportHelperExtension.cs: 1136 - Found 44 in Hex bolt M8x40-4
2026-10-08 12:34:56,437 INFO  ExportHelperExtension.cs: 1145 - Found 0 features of type [CoordSys] in Hex bolt M8x40-4
2026-10-08 12:34:56,437 INFO  ExportHelperExtension.cs: 1125 - Retrieving features of type [CoordSys] from MAIN_SUPPORT-1
2026-10-08 12:34:56,437 INFO  ExportHelperExtension.cs: 1136 - Found 35 in MAIN_SUPPORT-1
2026-10-08 12:34:56,437 INFO  ExportHelperExtension.cs: 1145 - Found 0 features of type [CoordSys] in MAIN_SUPPORT-1
2026-10-08 12:34:56,438 INFO  ExportHelperExtension.cs: 1125 - Retrieving features of type [CoordSys] from Hex bolt M8x40-1
2026-10-08 12:34:56,438 INFO  ExportHelperExtension.cs: 1136 - Found 44 in Hex bolt M8x40-1
2026-10-08 12:34:56,438 INFO  ExportHelperExtension.cs: 1145 - Found 0 features of type [CoordSys] in Hex bolt M8x40-1
2026-10-08 12:34:56,438 INFO  ExportHelperExtension.cs: 1125 - Retrieving features of type [CoordSys] from Hex bolt M8x40-2
2026-10-08 12:34:56,438 INFO  ExportHelperExtension.cs: 1136 - Found 44 in Hex bolt M8x40-2
2026-10-08 12:34:56,439 INFO  ExportHelperExtension.cs: 1145 - Found 0 features of type [CoordSys] in Hex bolt M8x40-2
2026-10-08 12:34:56,439 INFO  ExportHelperExtension.cs: 1125 - Retrieving features of type [CoordSys] from LED_SYSTEM-1
2026-10-08 12:34:56,439 INFO  ExportHelperExtension.cs: 1136 - Found 27 in LED_SYSTEM-1
2026-10-08 12:34:56,439 INFO  ExportHelperExtension.cs: 1145 - Found 0 features of type [CoordSys] in LED_SYSTEM-1
2026-10-08 12:34:56,439 INFO  ExportHelperExtension.cs: 1125 - Retrieving features of type [CoordSys] from LED_SYSTEM-2
2026-10-08 12:34:56,440 INFO  ExportHelperExtension.cs: 1136 - Found 27 in LED_SYSTEM-2
2026-10-08 12:34:56,440 INFO  ExportHelperExtension.cs: 1145 - Found 0 features of type [CoordSys] in LED_SYSTEM-2
2026-10-08 12:34:56,440 INFO  ExportHelperExtension.cs: 1125 - Retrieving features of type [CoordSys] from COMPONENTS_SUPPORT-1
2026-10-08 12:34:56,440 INFO  ExportHelperExtension.cs: 1136 - Found 31 in COMPONENTS_SUPPORT-1
2026-10-08 12:34:56,440 INFO  ExportHelperExtension.cs: 1145 - Found 0 features of type [CoordSys] in COMPONENTS_SUPPORT-1
2026-10-08 12:34:56,441 INFO  ExportHelperExtension.cs: 1125 - Retrieving features of type [CoordSys] from COMPONENTS_SUPPORT-2
2026-10-08 12:34:56,441 INFO  ExportHelperExtension.cs: 1136 - Found 31 in COMPONENTS_SUPPORT-2
2026-10-08 12:34:56,441 INFO  ExportHelperExtension.cs: 1145 - Found 0 features of type [CoordSys] in COMPONENTS_SUPPORT-2
2026-10-08 12:34:56,441 INFO  ExportHelperExtension.cs: 1125 - Retrieving features of type [CoordSys] from TShape_2020-2
2026-10-08 12:34:56,441 INFO  ExportHelperExtension.cs: 1136 - Found 36 in TShape_2020-2
2026-10-08 12:34:56,442 INFO  ExportHelperExtension.cs: 1145 - Found 0 features of type [CoordSys] in TShape_2020-2
2026-10-08 12:34:56,442 INFO  ExportHelperExtension.cs: 1125 - Retrieving features of type [CoordSys] from TShape_2020-4
2026-10-08 12:34:56,442 INFO  ExportHelperExtension.cs: 1136 - Found 36 in TShape_2020-4
2026-10-08 12:34:56,442 INFO  ExportHelperExtension.cs: 1145 - Found 0 features of type [CoordSys] in TShape_2020-4
2026-10-08 12:34:56,442 INFO  ExportHelperExtension.cs: 1125 - Retrieving features of type [CoordSys] from TShape_2020-3
2026-10-08 12:34:56,443 INFO  ExportHelperExtension.cs: 1136 - Found 36 in TShape_2020-3
2026-10-08 12:34:56,443 INFO  ExportHelperExtension.cs: 1145 - Found 0 features of type [CoordSys] in TShape_2020-3
2026-10-08 12:34:56,443 INFO  ExportHelperExtension.cs: 1125 - Retrieving features of type [CoordSys] from ALUMINIUM_PROFILE_20x20x10mm-2
2026-10-08 12:34:56,443 INFO  ExportHelperExtension.cs: 1136 - Found 29 in ALUMINIUM_PROFILE_20x20x10mm-2
2026-10-08 12:34:56,443 INFO  ExportHelperExtension.cs: 1145 - Found 0 features of type [CoordSys] in ALUMINIUM_PROFILE_20x20x10mm-2
2026-10-08 12:34:56,443 INFO  ExportHelperExtension.cs: 1125 - Retrieving features of type [CoordSys] from TShape_2020-1
2026-10-08 12:34:56,443 INFO  ExportHelperExtension.cs: 1136 - Found 36 in TShape_2020-1
2026-10-08 12:34:56,443 INFO  ExportHelperExtension.cs: 1145 - Found 0 features of type [CoordSys] in TShape_2020-1
2026-10-08 12:34:56,444 INFO  ExportHelperExtension.cs: 1125 - Retrieving features of type [RefAxis] from ROVER_1000_WATT_VARIANT.SLDASM
2026-10-08 12:34:56,444 INFO  ExportHelperExtension.cs: 1136 - Found 309 in ROVER_1000_WATT_VARIANT.SLDASM
2026-10-08 12:34:56,444 INFO  ExportHelperExtension.cs: 1145 - Found 4 features of type [RefAxis] in ROVER_1000_WATT_VARIANT.SLDASM
2026-10-08 12:34:56,445 INFO  ExportHelperExtension.cs: 1148 - Proceeding through assembly components
2026-10-08 12:34:56,445 INFO  ExportHelperExtension.cs: 1160 - 56 components to check
2026-10-08 12:34:56,445 INFO  ExportHelperExtension.cs: 1125 - Retrieving features of type [RefAxis] from WHEEL_CHUNK_1000_WATT_VARIANT-4
2026-10-08 12:34:56,445 INFO  ExportHelperExtension.cs: 1136 - Found 31 in WHEEL_CHUNK_1000_WATT_VARIANT-4
2026-10-08 12:34:56,446 INFO  ExportHelperExtension.cs: 1145 - Found 0 features of type [RefAxis] in WHEEL_CHUNK_1000_WATT_VARIANT-4
2026-10-08 12:34:56,446 INFO  ExportHelperExtension.cs: 1125 - Retrieving features of type [RefAxis] from WHEEL_CHUNK_1000_WATT_VARIANT-6
2026-10-08 12:34:56,446 INFO  ExportHelperExtension.cs: 1136 - Found 31 in WHEEL_CHUNK_1000_WATT_VARIANT-6
2026-10-08 12:34:56,446 INFO  ExportHelperExtension.cs: 1145 - Found 0 features of type [RefAxis] in WHEEL_CHUNK_1000_WATT_VARIANT-6
2026-10-08 12:34:56,446 INFO  ExportHelperExtension.cs: 1125 - Retrieving features of type [RefAxis] from MOTOR_CHUNK-3
2026-10-08 12:34:56,446 INFO  ExportHelperExtension.cs: 1136 - Found 26 in MOTOR_CHUNK-3
2026-10-08 12:34:56,447 INFO  ExportHelperExtension.cs: 1145 - Found 0 features of type [RefAxis] in MOTOR_CHUNK-3
2026-10-08 12:34:56,447 INFO  ExportHelperExtension.cs: 1125 - Retrieving features of type [RefAxis] from MOTOR_CHUNK-6
2026-10-08 12:34:56,447 INFO  ExportHelperExtension.cs: 1136 - Found 26 in MOTOR_CHUNK-6
2026-10-08 12:34:56,447 INFO  ExportHelperExtension.cs: 1145 - Found 0 features of type [RefAxis] in MOTOR_CHUNK-6
2026-10-08 12:34:56,447 INFO  ExportHelperExtension.cs: 1125 - Retrieving features of type [RefAxis] from SUPPORT_CHUNK_1000_WATT_VARIANT_BACK-1
2026-10-08 12:34:56,448 INFO  ExportHelperExtension.cs: 1136 - Found 115 in SUPPORT_CHUNK_1000_WATT_VARIANT_BACK-1
2026-10-08 12:34:56,448 INFO  ExportHelperExtension.cs: 1145 - Found 0 features of type [RefAxis] in SUPPORT_CHUNK_1000_WATT_VARIANT_BACK-1
2026-10-08 12:34:56,448 INFO  ExportHelperExtension.cs: 1125 - Retrieving features of type [RefAxis] from ALUMINIUM_PROFILE_20x20x176mm-4
2026-10-08 12:34:56,449 INFO  ExportHelperExtension.cs: 1136 - Found 29 in ALUMINIUM_PROFILE_20x20x176mm-4
2026-10-08 12:34:56,449 INFO  ExportHelperExtension.cs: 1145 - Found 0 features of type [RefAxis] in ALUMINIUM_PROFILE_20x20x176mm-4
2026-10-08 12:34:56,449 INFO  ExportHelperExtension.cs: 1125 - Retrieving features of type [RefAxis] from MOTOR_CHUNK-5
2026-10-08 12:34:56,449 INFO  ExportHelperExtension.cs: 1136 - Found 26 in MOTOR_CHUNK-5
2026-10-08 12:34:56,449 INFO  ExportHelperExtension.cs: 1145 - Found 0 features of type [RefAxis] in MOTOR_CHUNK-5
2026-10-08 12:34:56,449 INFO  ExportHelperExtension.cs: 1125 - Retrieving features of type [RefAxis] from SUPPORT_CHUNK_1000_WATT_VARIANT_FRONT-1
2026-10-08 12:34:56,450 INFO  ExportHelperExtension.cs: 1136 - Found 80 in SUPPORT_CHUNK_1000_WATT_VARIANT_FRONT-1
2026-10-08 12:34:56,451 INFO  ExportHelperExtension.cs: 1145 - Found 0 features of type [RefAxis] in SUPPORT_CHUNK_1000_WATT_VARIANT_FRONT-1
2026-10-08 12:34:56,451 INFO  ExportHelperExtension.cs: 1125 - Retrieving features of type [RefAxis] from ALUMINIUM_PROFILE_20x20x176mm-3
2026-10-08 12:34:56,451 INFO  ExportHelperExtension.cs: 1136 - Found 29 in ALUMINIUM_PROFILE_20x20x176mm-3
2026-10-08 12:34:56,451 INFO  ExportHelperExtension.cs: 1145 - Found 0 features of type [RefAxis] in ALUMINIUM_PROFILE_20x20x176mm-3
2026-10-08 12:34:56,451 INFO  ExportHelperExtension.cs: 1125 - Retrieving features of type [RefAxis] from MOTOR_CHUNK-4
2026-10-08 12:34:56,451 INFO  ExportHelperExtension.cs: 1136 - Found 26 in MOTOR_CHUNK-4
2026-10-08 12:34:56,452 INFO  ExportHelperExtension.cs: 1145 - Found 0 features of type [RefAxis] in MOTOR_CHUNK-4
2026-10-08 12:34:56,452 INFO  ExportHelperExtension.cs: 1125 - Retrieving features of type [RefAxis] from BOTTOM_BASE_700x450x5mm_1000_WATT-1
2026-10-08 12:34:56,452 INFO  ExportHelperExtension.cs: 1136 - Found 35 in BOTTOM_BASE_700x450x5mm_1000_WATT-1
2026-10-08 12:34:56,452 INFO  ExportHelperExtension.cs: 1145 - Found 0 features of type [RefAxis] in BOTTOM_BASE_700x450x5mm_1000_WATT-1
2026-10-08 12:34:56,452 INFO  ExportHelperExtension.cs: 1125 - Retrieving features of type [RefAxis] from WHEEL_CHUNK_1000_WATT_VARIANT-3
2026-10-08 12:34:56,453 INFO  ExportHelperExtension.cs: 1136 - Found 31 in WHEEL_CHUNK_1000_WATT_VARIANT-3
2026-10-08 12:34:56,453 INFO  ExportHelperExtension.cs: 1145 - Found 0 features of type [RefAxis] in WHEEL_CHUNK_1000_WATT_VARIANT-3
2026-10-08 12:34:56,453 INFO  ExportHelperExtension.cs: 1125 - Retrieving features of type [RefAxis] from WHEEL_CHUNK_1000_WATT_VARIANT-5
2026-10-08 12:34:56,453 INFO  ExportHelperExtension.cs: 1136 - Found 31 in WHEEL_CHUNK_1000_WATT_VARIANT-5
2026-10-08 12:34:56,453 INFO  ExportHelperExtension.cs: 1145 - Found 0 features of type [RefAxis] in WHEEL_CHUNK_1000_WATT_VARIANT-5
2026-10-08 12:34:56,453 INFO  ExportHelperExtension.cs: 1125 - Retrieving features of type [RefAxis] from FRONT_3mm_AL-2
2026-10-08 12:34:56,453 INFO  ExportHelperExtension.cs: 1136 - Found 31 in FRONT_3mm_AL-2
2026-10-08 12:34:56,453 INFO  ExportHelperExtension.cs: 1145 - Found 0 features of type [RefAxis] in FRONT_3mm_AL-2
2026-10-08 12:34:56,455 INFO  ExportHelperExtension.cs: 1125 - Retrieving features of type [RefAxis] from SWITCH_RUBBER-1
2026-10-08 12:34:56,455 INFO  ExportHelperExtension.cs: 1136 - Found 28 in SWITCH_RUBBER-1
2026-10-08 12:34:56,455 INFO  ExportHelperExtension.cs: 1145 - Found 0 features of type [RefAxis] in SWITCH_RUBBER-1
2026-10-08 12:34:56,455 INFO  ExportHelperExtension.cs: 1125 - Retrieving features of type [RefAxis] from USER_SPACE_BOTTOM_2mm_AL-1
2026-10-08 12:34:56,455 INFO  ExportHelperExtension.cs: 1136 - Found 27 in USER_SPACE_BOTTOM_2mm_AL-1
2026-10-08 12:34:56,456 INFO  ExportHelperExtension.cs: 1145 - Found 0 features of type [RefAxis] in USER_SPACE_BOTTOM_2mm_AL-1
2026-10-08 12:34:56,456 INFO  ExportHelperExtension.cs: 1125 - Retrieving features of type [RefAxis] from RELAY-5
2026-10-08 12:34:56,456 INFO  ExportHelperExtension.cs: 1136 - Found 36 in RELAY-5
2026-10-08 12:34:56,456 INFO  ExportHelperExtension.cs: 1145 - Found 0 features of type [RefAxis] in RELAY-5
2026-10-08 12:34:56,456 INFO  ExportHelperExtension.cs: 1125 - Retrieving features of type [RefAxis] from BOTTOM_REAR_2mm_AL-1
2026-10-08 12:34:56,457 INFO  ExportHelperExtension.cs: 1136 - Found 29 in BOTTOM_REAR_2mm_AL-1
2026-10-08 12:34:56,457 INFO  ExportHelperExtension.cs: 1145 - Found 0 features of type [RefAxis] in BOTTOM_REAR_2mm_AL-1
2026-10-08 12:34:56,457 INFO  ExportHelperExtension.cs: 1125 - Retrieving features of type [RefAxis] from REAR_3mm_AL_BOTTOM-1
2026-10-08 12:34:56,457 INFO  ExportHelperExtension.cs: 1136 - Found 37 in REAR_3mm_AL_BOTTOM-1
2026-10-08 12:34:56,457 INFO  ExportHelperExtension.cs: 1145 - Found 0 features of type [RefAxis] in REAR_3mm_AL_BOTTOM-1
2026-10-08 12:34:56,458 INFO  ExportHelperExtension.cs: 1125 - Retrieving features of type [RefAxis] from RELAY-1
2026-10-08 12:34:56,458 INFO  ExportHelperExtension.cs: 1136 - Found 36 in RELAY-1
2026-10-08 12:34:56,458 INFO  ExportHelperExtension.cs: 1145 - Found 0 features of type [RefAxis] in RELAY-1
2026-10-08 12:34:56,458 INFO  ExportHelperExtension.cs: 1125 - Retrieving features of type [RefAxis] from LATERAL_4mm_AL-1
2026-10-08 12:34:56,458 INFO  ExportHelperExtension.cs: 1136 - Found 29 in LATERAL_4mm_AL-1
2026-10-08 12:34:56,459 INFO  ExportHelperExtension.cs: 1145 - Found 0 features of type [RefAxis] in LATERAL_4mm_AL-1
2026-10-08 12:34:56,459 INFO  ExportHelperExtension.cs: 1125 - Retrieving features of type [RefAxis] from BOTTOM_FRONT_2mm_AL-1
2026-10-08 12:34:56,459 INFO  ExportHelperExtension.cs: 1136 - Found 29 in BOTTOM_FRONT_2mm_AL-1
2026-10-08 12:34:56,459 INFO  ExportHelperExtension.cs: 1145 - Found 0 features of type [RefAxis] in BOTTOM_FRONT_2mm_AL-1
2026-10-08 12:34:56,459 INFO  ExportHelperExtension.cs: 1125 - Retrieving features of type [RefAxis] from LATERAL_4mm_AL-2
2026-10-08 12:34:56,460 INFO  ExportHelperExtension.cs: 1136 - Found 29 in LATERAL_4mm_AL-2
2026-10-08 12:34:56,460 INFO  ExportHelperExtension.cs: 1145 - Found 0 features of type [RefAxis] in LATERAL_4mm_AL-2
2026-10-08 12:34:56,460 INFO  ExportHelperExtension.cs: 1125 - Retrieving features of type [RefAxis] from REAR_3mm_AL_TOP-1
2026-10-08 12:34:56,460 INFO  ExportHelperExtension.cs: 1136 - Found 37 in REAR_3mm_AL_TOP-1
2026-10-08 12:34:56,460 INFO  ExportHelperExtension.cs: 1145 - Found 0 features of type [RefAxis] in REAR_3mm_AL_TOP-1
2026-10-08 12:34:56,460 INFO  ExportHelperExtension.cs: 1125 - Retrieving features of type [RefAxis] from USER_SPASE_REAR_60XT-F-1
2026-10-08 12:34:56,461 INFO  ExportHelperExtension.cs: 1136 - Found 54 in USER_SPASE_REAR_60XT-F-1
2026-10-08 12:34:56,461 INFO  ExportHelperExtension.cs: 1145 - Found 0 features of type [RefAxis] in USER_SPASE_REAR_60XT-F-1
2026-10-08 12:34:56,461 INFO  ExportHelperExtension.cs: 1125 - Retrieving features of type [RefAxis] from USER_SPASE_FRONT_60XT-F-1
2026-10-08 12:34:56,461 INFO  ExportHelperExtension.cs: 1136 - Found 39 in USER_SPASE_FRONT_60XT-F-1
2026-10-08 12:34:56,462 INFO  ExportHelperExtension.cs: 1145 - Found 0 features of type [RefAxis] in USER_SPASE_FRONT_60XT-F-1
2026-10-08 12:34:56,462 INFO  ExportHelperExtension.cs: 1125 - Retrieving features of type [RefAxis] from RELAY-2
2026-10-08 12:34:56,462 INFO  ExportHelperExtension.cs: 1136 - Found 36 in RELAY-2
2026-10-08 12:34:56,462 INFO  ExportHelperExtension.cs: 1145 - Found 0 features of type [RefAxis] in RELAY-2
2026-10-08 12:34:56,462 INFO  ExportHelperExtension.cs: 1125 - Retrieving features of type [RefAxis] from RELAY-4
2026-10-08 12:34:56,463 INFO  ExportHelperExtension.cs: 1136 - Found 36 in RELAY-4
2026-10-08 12:34:56,463 INFO  ExportHelperExtension.cs: 1145 - Found 0 features of type [RefAxis] in RELAY-4
2026-10-08 12:34:56,463 INFO  ExportHelperExtension.cs: 1125 - Retrieving features of type [RefAxis] from ALUMINIUM_PROFILE_20x20x450-2
2026-10-08 12:34:56,463 INFO  ExportHelperExtension.cs: 1136 - Found 27 in ALUMINIUM_PROFILE_20x20x450-2
2026-10-08 12:34:56,463 INFO  ExportHelperExtension.cs: 1145 - Found 0 features of type [RefAxis] in ALUMINIUM_PROFILE_20x20x450-2
2026-10-08 12:34:56,464 INFO  ExportHelperExtension.cs: 1125 - Retrieving features of type [RefAxis] from MOTOR_DRIVER-1
2026-10-08 12:34:56,464 INFO  ExportHelperExtension.cs: 1136 - Found 29 in MOTOR_DRIVER-1
2026-10-08 12:34:56,464 INFO  ExportHelperExtension.cs: 1145 - Found 0 features of type [RefAxis] in MOTOR_DRIVER-1
2026-10-08 12:34:56,464 INFO  ExportHelperExtension.cs: 1125 - Retrieving features of type [RefAxis] from MOTOR_DRIVER-2
2026-10-08 12:34:56,464 INFO  ExportHelperExtension.cs: 1136 - Found 29 in MOTOR_DRIVER-2
2026-10-08 12:34:56,465 INFO  ExportHelperExtension.cs: 1145 - Found 0 features of type [RefAxis] in MOTOR_DRIVER-2
2026-10-08 12:34:56,465 INFO  ExportHelperExtension.cs: 1125 - Retrieving features of type [RefAxis] from XB7NG21-1
2026-10-08 12:34:56,465 INFO  ExportHelperExtension.cs: 1136 - Found 36 in XB7NG21-1
2026-10-08 12:34:56,465 INFO  ExportHelperExtension.cs: 1145 - Found 0 features of type [RefAxis] in XB7NG21-1
2026-10-08 12:34:56,465 INFO  ExportHelperExtension.cs: 1125 - Retrieving features of type [RefAxis] from BATTERY_HOLDER_PLEXIGLASS_5mm-1
2026-10-08 12:34:56,466 INFO  ExportHelperExtension.cs: 1136 - Found 99 in BATTERY_HOLDER_PLEXIGLASS_5mm-1
2026-10-08 12:34:56,466 INFO  ExportHelperExtension.cs: 1145 - Found 0 features of type [RefAxis] in BATTERY_HOLDER_PLEXIGLASS_5mm-1
2026-10-08 12:34:56,466 INFO  ExportHelperExtension.cs: 1125 - Retrieving features of type [RefAxis] from SWITCH-1
2026-10-08 12:34:56,466 INFO  ExportHelperExtension.cs: 1136 - Found 28 in SWITCH-1
2026-10-08 12:34:56,467 INFO  ExportHelperExtension.cs: 1145 - Found 0 features of type [RefAxis] in SWITCH-1
2026-10-08 12:34:56,467 INFO  ExportHelperExtension.cs: 1125 - Retrieving features of type [RefAxis] from MOTOR_DRIVER-3
2026-10-08 12:34:56,467 INFO  ExportHelperExtension.cs: 1136 - Found 29 in MOTOR_DRIVER-3
2026-10-08 12:34:56,467 INFO  ExportHelperExtension.cs: 1145 - Found 0 features of type [RefAxis] in MOTOR_DRIVER-3
2026-10-08 12:34:56,467 INFO  ExportHelperExtension.cs: 1125 - Retrieving features of type [RefAxis] from CM5_DUAL_ETH_4G5G_BOX-1
2026-10-08 12:34:56,468 INFO  ExportHelperExtension.cs: 1136 - Found 50 in CM5_DUAL_ETH_4G5G_BOX-1
2026-10-08 12:34:56,468 INFO  ExportHelperExtension.cs: 1145 - Found 0 features of type [RefAxis] in CM5_DUAL_ETH_4G5G_BOX-1
2026-10-08 12:34:56,470 INFO  ExportHelperExtension.cs: 1125 - Retrieving features of type [RefAxis] from MOTOR_DRIVER-4
2026-10-08 12:34:56,482 INFO  ExportHelperExtension.cs: 1136 - Found 29 in MOTOR_DRIVER-4
2026-10-08 12:34:56,482 INFO  ExportHelperExtension.cs: 1145 - Found 0 features of type [RefAxis] in MOTOR_DRIVER-4
2026-10-08 12:34:56,482 INFO  ExportHelperExtension.cs: 1125 - Retrieving features of type [RefAxis] from RUTX11-1
2026-10-08 12:34:56,482 INFO  ExportHelperExtension.cs: 1136 - Found 36 in RUTX11-1
2026-10-08 12:34:56,482 INFO  ExportHelperExtension.cs: 1145 - Found 0 features of type [RefAxis] in RUTX11-1
2026-10-08 12:34:56,483 INFO  ExportHelperExtension.cs: 1125 - Retrieving features of type [RefAxis] from XB7NT845-1
2026-10-08 12:34:56,483 INFO  ExportHelperExtension.cs: 1136 - Found 36 in XB7NT845-1
2026-10-08 12:34:56,483 INFO  ExportHelperExtension.cs: 1145 - Found 0 features of type [RefAxis] in XB7NT845-1
2026-10-08 12:34:56,484 INFO  ExportHelperExtension.cs: 1125 - Retrieving features of type [RefAxis] from DIN_RAIL_240mm-1
2026-10-08 12:34:56,484 INFO  ExportHelperExtension.cs: 1136 - Found 38 in DIN_RAIL_240mm-1
2026-10-08 12:34:56,485 INFO  ExportHelperExtension.cs: 1145 - Found 0 features of type [RefAxis] in DIN_RAIL_240mm-1
2026-10-08 12:34:56,485 INFO  ExportHelperExtension.cs: 1125 - Retrieving features of type [RefAxis] from ALUMINIUM_PROFILE_20x20x10mm-1
2026-10-08 12:34:56,485 INFO  ExportHelperExtension.cs: 1136 - Found 29 in ALUMINIUM_PROFILE_20x20x10mm-1
2026-10-08 12:34:56,485 INFO  ExportHelperExtension.cs: 1145 - Found 0 features of type [RefAxis] in ALUMINIUM_PROFILE_20x20x10mm-1
2026-10-08 12:34:56,485 INFO  ExportHelperExtension.cs: 1125 - Retrieving features of type [RefAxis] from ALUMINIUM_PROFILE_20x20x450-4
2026-10-08 12:34:56,486 INFO  ExportHelperExtension.cs: 1136 - Found 27 in ALUMINIUM_PROFILE_20x20x450-4
2026-10-08 12:34:56,486 INFO  ExportHelperExtension.cs: 1145 - Found 0 features of type [RefAxis] in ALUMINIUM_PROFILE_20x20x450-4
2026-10-08 12:34:56,486 INFO  ExportHelperExtension.cs: 1125 - Retrieving features of type [RefAxis] from Hex bolt M8x40-3
2026-10-08 12:34:56,486 INFO  ExportHelperExtension.cs: 1136 - Found 44 in Hex bolt M8x40-3
2026-10-08 12:34:56,487 INFO  ExportHelperExtension.cs: 1145 - Found 3 features of type [RefAxis] in Hex bolt M8x40-3
2026-10-08 12:34:56,487 INFO  ExportHelperExtension.cs: 1125 - Retrieving features of type [RefAxis] from Hex bolt M8x40-4
2026-10-08 12:34:56,487 INFO  ExportHelperExtension.cs: 1136 - Found 44 in Hex bolt M8x40-4
2026-10-08 12:34:56,487 INFO  ExportHelperExtension.cs: 1145 - Found 3 features of type [RefAxis] in Hex bolt M8x40-4
2026-10-08 12:34:56,487 INFO  ExportHelperExtension.cs: 1125 - Retrieving features of type [RefAxis] from MAIN_SUPPORT-1
2026-10-08 12:34:56,488 INFO  ExportHelperExtension.cs: 1136 - Found 35 in MAIN_SUPPORT-1
2026-10-08 12:34:56,488 INFO  ExportHelperExtension.cs: 1145 - Found 0 features of type [RefAxis] in MAIN_SUPPORT-1
2026-10-08 12:34:56,488 INFO  ExportHelperExtension.cs: 1125 - Retrieving features of type [RefAxis] from Hex bolt M8x40-1
2026-10-08 12:34:56,488 INFO  ExportHelperExtension.cs: 1136 - Found 44 in Hex bolt M8x40-1
2026-10-08 12:34:56,489 INFO  ExportHelperExtension.cs: 1145 - Found 3 features of type [RefAxis] in Hex bolt M8x40-1
2026-10-08 12:34:56,489 INFO  ExportHelperExtension.cs: 1125 - Retrieving features of type [RefAxis] from Hex bolt M8x40-2
2026-10-08 12:34:56,489 INFO  ExportHelperExtension.cs: 1136 - Found 44 in Hex bolt M8x40-2
2026-10-08 12:34:56,489 INFO  ExportHelperExtension.cs: 1145 - Found 3 features of type [RefAxis] in Hex bolt M8x40-2
2026-10-08 12:34:56,489 INFO  ExportHelperExtension.cs: 1125 - Retrieving features of type [RefAxis] from LED_SYSTEM-1
2026-10-08 12:34:56,490 INFO  ExportHelperExtension.cs: 1136 - Found 27 in LED_SYSTEM-1
2026-10-08 12:34:56,490 INFO  ExportHelperExtension.cs: 1145 - Found 0 features of type [RefAxis] in LED_SYSTEM-1
2026-10-08 12:34:56,490 INFO  ExportHelperExtension.cs: 1125 - Retrieving features of type [RefAxis] from LED_SYSTEM-2
2026-10-08 12:34:56,490 INFO  ExportHelperExtension.cs: 1136 - Found 27 in LED_SYSTEM-2
2026-10-08 12:34:56,490 INFO  ExportHelperExtension.cs: 1145 - Found 0 features of type [RefAxis] in LED_SYSTEM-2
2026-10-08 12:34:56,491 INFO  ExportHelperExtension.cs: 1125 - Retrieving features of type [RefAxis] from COMPONENTS_SUPPORT-1
2026-10-08 12:34:56,491 INFO  ExportHelperExtension.cs: 1136 - Found 31 in COMPONENTS_SUPPORT-1
2026-10-08 12:34:56,491 INFO  ExportHelperExtension.cs: 1145 - Found 0 features of type [RefAxis] in COMPONENTS_SUPPORT-1
2026-10-08 12:34:56,491 INFO  ExportHelperExtension.cs: 1125 - Retrieving features of type [RefAxis] from COMPONENTS_SUPPORT-2
2026-10-08 12:34:56,491 INFO  ExportHelperExtension.cs: 1136 - Found 31 in COMPONENTS_SUPPORT-2
2026-10-08 12:34:56,492 INFO  ExportHelperExtension.cs: 1145 - Found 0 features of type [RefAxis] in COMPONENTS_SUPPORT-2
2026-10-08 12:34:56,492 INFO  ExportHelperExtension.cs: 1125 - Retrieving features of type [RefAxis] from TShape_2020-2
2026-10-08 12:34:56,492 INFO  ExportHelperExtension.cs: 1136 - Found 36 in TShape_2020-2
2026-10-08 12:34:56,492 INFO  ExportHelperExtension.cs: 1145 - Found 0 features of type [RefAxis] in TShape_2020-2
2026-10-08 12:34:56,492 INFO  ExportHelperExtension.cs: 1125 - Retrieving features of type [RefAxis] from TShape_2020-4
2026-10-08 12:34:56,493 INFO  ExportHelperExtension.cs: 1136 - Found 36 in TShape_2020-4
2026-10-08 12:34:56,493 INFO  ExportHelperExtension.cs: 1145 - Found 0 features of type [RefAxis] in TShape_2020-4
2026-10-08 12:34:56,493 INFO  ExportHelperExtension.cs: 1125 - Retrieving features of type [RefAxis] from TShape_2020-3
2026-10-08 12:34:56,493 INFO  ExportHelperExtension.cs: 1136 - Found 36 in TShape_2020-3
2026-10-08 12:34:56,493 INFO  ExportHelperExtension.cs: 1145 - Found 0 features of type [RefAxis] in TShape_2020-3
2026-10-08 12:34:56,493 INFO  ExportHelperExtension.cs: 1125 - Retrieving features of type [RefAxis] from ALUMINIUM_PROFILE_20x20x10mm-2
2026-10-08 12:34:56,493 INFO  ExportHelperExtension.cs: 1136 - Found 29 in ALUMINIUM_PROFILE_20x20x10mm-2
2026-10-08 12:34:56,494 INFO  ExportHelperExtension.cs: 1145 - Found 0 features of type [RefAxis] in ALUMINIUM_PROFILE_20x20x10mm-2
2026-10-08 12:34:56,494 INFO  ExportHelperExtension.cs: 1125 - Retrieving features of type [RefAxis] from TShape_2020-1
2026-10-08 12:34:56,494 INFO  ExportHelperExtension.cs: 1136 - Found 36 in TShape_2020-1
2026-10-08 12:34:56,494 INFO  ExportHelperExtension.cs: 1145 - Found 0 features of type [RefAxis] in TShape_2020-1
2026-10-08 12:34:57,907 INFO  SwAddin.cs: 339 - Loading config tree
2026-10-08 12:34:57,908 INFO  ConfigurationSerialization.cs: 276 - URDF Configuration found
<Link z:Id="i1" xmlns="http://schemas.datacontract.org/2004/07/SW2URDF" xmlns:i="http://www.w3.org/2001/XMLSchema-instance" xmlns:z="http://schemas.microsoft.com/2003/10/Serialization/"><Attributes><Attribute z:Id="i2"><AttributeType>name</AttributeType><IsRequired>true</IsRequired><Value i:type="a:string" xmlns:a="http://www.w3.org/2001/XMLSchema">base_link</Value></Attribute></Attributes><ChildElements><URDFElement z:Id="i3" i:type="Inertial"><Attributes/><ChildElements><URDFElement z:Id="i4" i:type="Origin"><Attributes><Attribute z:Id="i5"><AttributeType>xyz</AttributeType><IsRequired>true</IsRequired><Value i:type="a:ArrayOfdouble" xmlns:a="http://schemas.microsoft.com/2003/10/Serialization/Arrays"><a:double>0.016021461766449117</a:double><a:double>-0.00047043545285978321</a:double><a:double>0.10781753100320494</a:double></Value></Attribute><Attribute z:Id="i6"><AttributeType>rpy</AttributeType><IsRequired>true</IsRequired><Value i:type="a:ArrayOfdouble" xmlns:a="http://schemas.microsoft.com/2003/10/Serialization/Arrays"><a:double>0</a:double><a:double>0</a:double><a:double>0</a:double></Value></Attribute></Attributes><ChildElements/><ElementName>origin</ElementName><required>false</required><RPYAttribute z:Ref="i6"/><XYZAttribute z:Ref="i5"/><isCustomized>false</isCustomized></URDFElement><URDFElement z:Id="i7" i:type="Mass"><Attributes><Attribute z:Id="i8"><AttributeType>value</AttributeType><IsRequired>true</IsRequired><Value i:type="a:double" xmlns:a="http://www.w3.org/2001/XMLSchema">37.229769641354771</Value></Attribute></Attributes><ChildElements/><ElementName>mass</ElementName><required>false</required><ValueAttribute z:Ref="i8"/></URDFElement><URDFElement z:Id="i9" i:type="Inertia"><Attributes><Attribute z:Id="i10"><AttributeType>ixx</AttributeType><IsRequired>true</IsRequired><Value i:type="a:double" xmlns:a="http://www.w3.org/2001/XMLSchema">0.32769789733590204</Value></Attribute><Attribute z:Id="i11"><AttributeType>ixy</AttributeType><IsRequired>true</IsRequired><Value i:type="a:double" xmlns:a="http://www.w3.org/2001/XMLSchema">-0.00081538015615264939</Value></Attribute><Attribute z:Id="i12"><AttributeType>ixz</AttributeType><IsRequired>true</IsRequired><Value i:type="a:double" xmlns:a="http://www.w3.org/2001/XMLSchema">3.6964689251923844E-06</Value></Attribute><Attribute z:Id="i13"><AttributeType>iyy</AttributeType><IsRequired>true</IsRequired><Value i:type="a:double" xmlns:a="http://www.w3.org/2001/XMLSchema">0.31446229360654387</Value></Attribute><Attribute z:Id="i14"><AttributeType>iyz</AttributeType><IsRequired>true</IsRequired><Value i:type="a:double" xmlns:a="http://www.w3.org/2001/XMLSchema">-5.4580054468260356E-05</Value></Attribute><Attribute z:Id="i15"><AttributeType>izz</AttributeType><IsRequired>true</IsRequired><Value i:type="a:double" xmlns:a="http://www.w3.org/2001/XMLSchema">0.57169437099184994</Value></Attribute></Attributes><ChildElements/><ElementName>inertia</ElementName><required>false</required><IxxAttribute z:Ref="i10"/><IxyAttribute z:Ref="i11"/><IxzAttribute z:Ref="i12"/><IyyAttribute z:Ref="i13"/><IyzAttribute z:Ref="i14"/><IzzAttribute z:Ref="i15"/></URDFElement></ChildElements><ElementName>inertial</ElementName><required>false</required><Inertia z:Ref="i9"/><Mass z:Ref="i7"/><Origin z:Ref="i4"/></URDFElement><URDFElement z:Id="i16" i:type="Visual"><Attributes/><ChildElements><URDFElement z:Id="i17" i:type="Origin"><Attributes><Attribute z:Id="i18"><AttributeType>xyz</AttributeType><IsRequired>true</IsRequired><Value i:type="a:ArrayOfdouble" xmlns:a="http://schemas.microsoft.com/2003/10/Serialization/Arrays"><a:double>0</a:double><a:double>0</a:double><a:double>0</a:double></Value></Attribute><Attribute z:Id="i19"><AttributeType>rpy</AttributeType><IsRequired>true</IsRequired><Value i:type="a:ArrayOfdouble" xmlns:a="http://schemas.microsoft.com/2003/10/Serialization/Arrays"><a:double>0</a:double><a:double>0</a:double><a:double>0</a:double></Value></Attribute></Attributes><ChildElements/><ElementName>origin</ElementName><required>false</required><RPYAttribute z:Ref="i19"/><XYZAttribute z:Ref="i18"/><isCustomized>false</isCustomized></URDFElement><URDFElement z:Id="i20" i:type="Geometry"><Attributes/><ChildElements><URDFElement z:Id="i21" i:type="Mesh"><Attributes><Attribute z:Id="i22"><AttributeType>filename</AttributeType><IsRequired>true</IsRequired><Value i:nil="true"/></Attribute></Attributes><ChildElements/><ElementName>mesh</ElementName><required>false</required><FilenameAttribute z:Ref="i22"/></URDFElement></ChildElements><ElementName>geometry</ElementName><required>true</required><Mesh z:Ref="i21"/></URDFElement><URDFElement z:Id="i23" i:type="Material"><Attributes><Attribute z:Id="i24"><AttributeType>name</AttributeType><IsRequired>true</IsRequired><Value i:type="a:string" xmlns:a="http://www.w3.org/2001/XMLSchema"/></Attribute></Attributes><ChildElements><URDFElement z:Id="i25" i:type="Color"><Attributes><Attribute z:Id="i26"><AttributeType>rgba</AttributeType><IsRequired>true</IsRequired><Value i:type="a:ArrayOfdouble" xmlns:a="http://schemas.microsoft.com/2003/10/Serialization/Arrays"><a:double>0.792156862745098</a:double><a:double>0.81960784313725488</a:double><a:double>0.93333333333333335</a:double><a:double>1</a:double></Value></Attribute></Attributes><ChildElements/><ElementName>color</ElementName><required>false</required><RGBAAttribute z:Ref="i26"/></URDFElement><URDFElement z:Id="i27" i:type="Texture"><Attributes><Attribute z:Id="i28"><AttributeType>filename</AttributeType><IsRequired>true</IsRequired><Value i:nil="true"/></Attribute></Attributes><ChildElements/><ElementName>texture</ElementName><required>false</required><FilenameAttribute z:Ref="i28"/><wFilename/></URDFElement></ChildElements><ElementName>material</ElementName><required>false</required><Color z:Ref="i25"/><NameAttribute z:Ref="i24"/><Texture z:Ref="i27"/></URDFElement></ChildElements><ElementName>visual</ElementName><required>false</required><Geometry z:Ref="i20"/><Material z:Ref="i23"/><Origin z:Ref="i17"/></URDFElement><URDFElement z:Id="i29" i:type="Collision"><Attributes/><ChildElements><URDFElement z:Id="i30" i:type="Origin"><Attributes><Attribute z:Id="i31"><AttributeType>xyz</AttributeType><IsRequired>true</IsRequired><Value i:type="a:ArrayOfdouble" xmlns:a="http://schemas.microsoft.com/2003/10/Serialization/Arrays"><a:double>0</a:double><a:double>0</a:double><a:double>0</a:double></Value></Attribute><Attribute z:Id="i32"><AttributeType>rpy</AttributeType><IsRequired>true</IsRequired><Value i:type="a:ArrayOfdouble" xmlns:a="http://schemas.microsoft.com/2003/10/Serialization/Arrays"><a:double>0</a:double><a:double>0</a:double><a:double>0</a:double></Value></Attribute></Attributes><ChildElements/><ElementName>origin</ElementName><required>false</required><RPYAttribute z:Ref="i32"/><XYZAttribute z:Ref="i31"/><isCustomized>false</isCustomized></URDFElement><URDFElement z:Id="i33" i:type="Geometry"><Attributes/><ChildElements><URDFElement z:Id="i34" i:type="Mesh"><Attributes><Attribute z:Id="i35"><AttributeType>filename</AttributeType><IsRequired>true</IsRequired><Value i:nil="true"/></Attribute></Attributes><ChildElements/><ElementName>mesh</ElementName><required>false</required><FilenameAttribute z:Ref="i35"/></URDFElement></ChildElements><ElementName>geometry</ElementName><required>true</required><Mesh z:Ref="i34"/></URDFElement></ChildElements><ElementName>collision</ElementName><required>false</required><Geometry z:Ref="i33"/><Origin z:Ref="i30"/></URDFElement><URDFElement z:Id="i36" i:type="Joint"><Attributes><Attribute z:Id="i37"><AttributeType>name</AttributeType><IsRequired>true</IsRequired><Value i:type="a:string" xmlns:a="http://www.w3.org/2001/XMLSchema"/></Attribute><Attribute z:Id="i38"><AttributeType>type</AttributeType><IsRequired>true</IsRequired><Value i:type="a:string" xmlns:a="http://www.w3.org/2001/XMLSchema"/></Attribute></Attributes><ChildElements><URDFElement z:Id="i39" i:type="Origin"><Attributes><Attribute z:Id="i40"><AttributeType>xyz</AttributeType><IsRequired>true</IsRequired><Value i:type="a:ArrayOfdouble" xmlns:a="http://schemas.microsoft.com/2003/10/Serialization/Arrays"><a:double>0</a:double><a:double>0</a:double><a:double>0</a:double></Value></Attribute><Attribute z:Id="i41"><AttributeType>rpy</AttributeType><IsRequired>true</IsRequired><Value i:type="a:ArrayOfdouble" xmlns:a="http://schemas.microsoft.com/2003/10/Serialization/Arrays"><a:double>0</a:double><a:double>0</a:double><a:double>0</a:double></Value></Attribute></Attributes><ChildElements/><ElementName>origin</ElementName><required>false</required><RPYAttribute z:Ref="i41"/><XYZAttribute z:Ref="i40"/><isCustomized>false</isCustomized></URDFElement><URDFElement z:Id="i42" i:type="ParentLink"><Attributes><Attribute z:Id="i43"><AttributeType>link</AttributeType><IsRequired>true</IsRequired><Value i:type="a:string" xmlns:a="http://www.w3.org/2001/XMLSchema"/></Attribute></Attributes><ChildElements/><ElementName>parent</ElementName><required>true</required><NameAttribute z:Ref="i43"/></URDFElement><URDFElement z:Id="i44" i:type="ChildLink"><Attributes><Attribute z:Id="i45"><AttributeType>link</AttributeType><IsRequired>true</IsRequired><Value i:type="a:string" xmlns:a="http://www.w3.org/2001/XMLSchema"/></Attribute></Attributes><ChildElements/><ElementName>child</ElementName><required>true</required><NameAttribute z:Ref="i45"/></URDFElement><URDFElement z:Id="i46" i:type="Axis"><Attributes><Attribute z:Id="i47"><AttributeType>xyz</AttributeType><IsRequired>true</IsRequired><Value i:type="a:ArrayOfdouble" xmlns:a="http://schemas.microsoft.com/2003/10/Serialization/Arrays"><a:double>0</a:double><a:double>0</a:double><a:double>0</a:double></Value></Attribute></Attributes><ChildElements/><ElementName>axis</ElementName><required>false</required><XYZAttribute z:Ref="i47"/></URDFElement><URDFElement z:Id="i48" i:type="Limit"><Attributes><Attribute z:Id="i49"><AttributeType>lower</AttributeType><IsRequired>false</IsRequired><Value i:nil="true"/></Attribute><Attribute z:Id="i50"><AttributeType>upper</AttributeType><IsRequired>false</IsRequired><Value i:nil="true"/></Attribute><Attribute z:Id="i51"><AttributeType>effort</AttributeType><IsRequired>true</IsRequired><Value i:nil="true"/></Attribute><Attribute z:Id="i52"><AttributeType>velocity</AttributeType><IsRequired>true</IsRequired><Value i:nil="true"/></Attribute></Attributes><ChildElements/><ElementName>limit</ElementName><required>false</required><EffortAttribute z:Ref="i51"/><LowerAttribute z:Ref="i49"/><UpperAttribute z:Ref="i50"/><VelocityAttribute z:Ref="i52"/></URDFElement><URDFElement z:Id="i53" i:type="Calibration"><Attributes><Attribute z:Id="i54"><AttributeType>rising</AttributeType><IsRequired>false</IsRequired><Value i:nil="true"/></Attribute><Attribute z:Id="i55"><AttributeType>falling</AttributeType><IsRequired>false</IsRequired><Value i:nil="true"/></Attribute></Attributes><ChildElements/><ElementName>calibration</ElementName><required>false</required><FallingAttribute z:Ref="i55"/><RisingAttribute z:Ref="i54"/></URDFElement><URDFElement z:Id="i56" i:type="Dynamics"><Attributes><Attribute z:Id="i57"><AttributeType>damping</AttributeType><IsRequired>false</IsRequired><Value i:nil="true"/></Attribute><Attribute z:Id="i58"><AttributeType>friction</AttributeType><IsRequired>false</IsRequired><Value i:nil="true"/></Attribute></Attributes><ChildElements/><ElementName>dynamics</ElementName><required>false</required><DampingAttribute z:Ref="i57"/><FrictionAttribute z:Ref="i58"/></URDFElement><URDFElement z:Id="i59" i:type="SafetyController"><Attributes><Attribute z:Id="i60"><AttributeType>soft_upper_limit</AttributeType><IsRequired>false</IsRequired><Value i:nil="true"/></Attribute><Attribute z:Id="i61"><AttributeType>soft_lower_limit</AttributeType><IsRequired>false</IsRequired><Value i:nil="true"/></Attribute><Attribute z:Id="i62"><AttributeType>k_position</AttributeType><IsRequired>false</IsRequired><Value i:nil="true"/></Attribute><Attribute z:Id="i63"><AttributeType>k_velocity</AttributeType><IsRequired>true</IsRequired><Value i:nil="true"/></Attribute></Attributes><ChildElements/><ElementName>safety_controller</ElementName><required>false</required><KPositionAttribute z:Ref="i62"/><KVelocityAttribute z:Ref="i63"/><SoftLowerAttribute z:Ref="i61"/><SoftUpperAttribute z:Ref="i60"/></URDFElement><URDFElement z:Id="i64" i:type="Mimic"><Attributes><Attribute z:Id="i65"><AttributeType>joint</AttributeType><IsRequired>true</IsRequired><Value i:nil="true"/></Attribute><Attribute z:Id="i66"><AttributeType>multiplier</AttributeType><IsRequired>false</IsRequired><Value i:nil="true"/></Attribute><Attribute z:Id="i67"><AttributeType>offset</AttributeType><IsRequired>false</IsRequired><Value i:nil="true"/></Attribute></Attributes><ChildElements/><ElementName>mimic</ElementName><required>false</required><JointNameAttribute z:Ref="i65"/><MultiplierAttribute z:Ref="i66"/><OffsetAttribute z:Ref="i67"/></URDFElement></ChildElements><ElementName>joint</ElementName><required>false</required><Axis z:Ref="i46"/><AxisName/><Calibration z:Ref="i53"/><Child z:Ref="i44"/><CoordinateSystemName>CoordSys_Base</CoordinateSystemName><Dynamics z:Ref="i56"/><Limit z:Ref="i48"/><Mimic z:Ref="i64"/><NameAttribute z:Ref="i37"/><Origin z:Ref="i39"/><Parent z:Ref="i42"/><Safety z:Ref="i59"/><TypeAttribute z:Ref="i38"/></URDFElement></ChildElements><ElementName>link</ElementName><required>true</required><Children><Link z:Id="i68"><Attributes><Attribute z:Id="i69"><AttributeType>name</AttributeType><IsRequired>true</IsRequired><Value i:type="a:string" xmlns:a="http://www.w3.org/2001/XMLSchema">link_back_left</Value></Attribute></Attributes><ChildElements><URDFElement z:Id="i70" i:type="Inertial"><Attributes/><ChildElements><URDFElement z:Id="i71" i:type="Origin"><Attributes><Attribute z:Id="i72"><AttributeType>xyz</AttributeType><IsRequired>true</IsRequired><Value i:type="a:ArrayOfdouble" xmlns:a="http://schemas.microsoft.com/2003/10/Serialization/Arrays"><a:double>-5.0352E-06</a:double><a:double>-0.0024212</a:double><a:double>6.385E-06</a:double></Value></Attribute><Attribute z:Id="i73"><AttributeType>rpy</AttributeType><IsRequired>true</IsRequired><Value i:type="a:ArrayOfdouble" xmlns:a="http://schemas.microsoft.com/2003/10/Serialization/Arrays"><a:double>0</a:double><a:double>0</a:double><a:double>0</a:double></Value></Attribute></Attributes><ChildElements/><ElementName>origin</ElementName><required>false</required><RPYAttribute z:Ref="i73"/><XYZAttribute z:Ref="i72"/><isCustomized>false</isCustomized></URDFElement><URDFElement z:Id="i74" i:type="Mass"><Attributes><Attribute z:Id="i75"><AttributeType>value</AttributeType><IsRequired>true</IsRequired><Value i:type="a:double" xmlns:a="http://www.w3.org/2001/XMLSchema">5.0741</Value></Attribute></Attributes><ChildElements/><ElementName>mass</ElementName><required>false</required><ValueAttribute z:Ref="i75"/></URDFElement><URDFElement z:Id="i76" i:type="Inertia"><Attributes><Attribute z:Id="i77"><AttributeType>ixx</AttributeType><IsRequired>true</IsRequired><Value i:type="a:double" xmlns:a="http://www.w3.org/2001/XMLSchema">0.036669</Value></Attribute><Attribute z:Id="i78"><AttributeType>ixy</AttributeType><IsRequired>true</IsRequired><Value i:type="a:double" xmlns:a="http://www.w3.org/2001/XMLSchema">-2.5769E-07</Value></Attribute><Attribute z:Id="i79"><AttributeType>ixz</AttributeType><IsRequired>true</IsRequired><Value i:type="a:double" xmlns:a="http://www.w3.org/2001/XMLSchema">-1.9301E-07</Value></Attribute><Attribute z:Id="i80"><AttributeType>iyy</AttributeType><IsRequired>true</IsRequired><Value i:type="a:double" xmlns:a="http://www.w3.org/2001/XMLSchema">0.066215</Value></Attribute><Attribute z:Id="i81"><AttributeType>iyz</AttributeType><IsRequired>true</IsRequired><Value i:type="a:double" xmlns:a="http://www.w3.org/2001/XMLSchema">3.2639E-07</Value></Attribute><Attribute z:Id="i82"><AttributeType>izz</AttributeType><IsRequired>true</IsRequired><Value i:type="a:double" xmlns:a="http://www.w3.org/2001/XMLSchema">0.036669</Value></Attribute></Attributes><ChildElements/><ElementName>inertia</ElementName><required>false</required><IxxAttribute z:Ref="i77"/><IxyAttribute z:Ref="i78"/><IxzAttribute z:Ref="i79"/><IyyAttribute z:Ref="i80"/><IyzAttribute z:Ref="i81"/><IzzAttribute z:Ref="i82"/></URDFElement></ChildElements><ElementName>inertial</ElementName><required>false</required><Inertia z:Ref="i76"/><Mass z:Ref="i74"/><Origin z:Ref="i71"/></URDFElement><URDFElement z:Id="i83" i:type="Visual"><Attributes/><ChildElements><URDFElement z:Id="i84" i:type="Origin"><Attributes><Attribute z:Id="i85"><AttributeType>xyz</AttributeType><IsRequired>true</IsRequired><Value i:type="a:ArrayOfdouble" xmlns:a="http://schemas.microsoft.com/2003/10/Serialization/Arrays"><a:double>0</a:double><a:double>0</a:double><a:double>0</a:double></Value></Attribute><Attribute z:Id="i86"><AttributeType>rpy</AttributeType><IsRequired>true</IsRequired><Value i:type="a:ArrayOfdouble" xmlns:a="http://schemas.microsoft.com/2003/10/Serialization/Arrays"><a:double>0</a:double><a:double>0</a:double><a:double>0</a:double></Value></Attribute></Attributes><ChildElements/><ElementName>origin</ElementName><required>false</required><RPYAttribute z:Ref="i86"/><XYZAttribute z:Ref="i85"/><isCustomized>false</isCustomized></URDFElement><URDFElement z:Id="i87" i:type="Geometry"><Attributes/><ChildElements><URDFElement z:Id="i88" i:type="Mesh"><Attributes><Attribute z:Id="i89"><AttributeType>filename</AttributeType><IsRequired>true</IsRequired><Value i:nil="true"/></Attribute></Attributes><ChildElements/><ElementName>mesh</ElementName><required>false</required><FilenameAttribute z:Ref="i89"/></URDFElement></ChildElements><ElementName>geometry</ElementName><required>true</required><Mesh z:Ref="i88"/></URDFElement><URDFElement z:Id="i90" i:type="Material"><Attributes><Attribute z:Id="i91"><AttributeType>name</AttributeType><IsRequired>true</IsRequired><Value i:type="a:string" xmlns:a="http://www.w3.org/2001/XMLSchema"/></Attribute></Attributes><ChildElements><URDFElement z:Id="i92" i:type="Color"><Attributes><Attribute z:Id="i93"><AttributeType>rgba</AttributeType><IsRequired>true</IsRequired><Value i:type="a:ArrayOfdouble" xmlns:a="http://schemas.microsoft.com/2003/10/Serialization/Arrays"><a:double>0.75294</a:double><a:double>0.75294</a:double><a:double>0.75294</a:double><a:double>1</a:double></Value></Attribute></Attributes><ChildElements/><ElementName>color</ElementName><required>false</required><RGBAAttribute z:Ref="i93"/></URDFElement><URDFElement z:Id="i94" i:type="Texture"><Attributes><Attribute z:Id="i95"><AttributeType>filename</AttributeType><IsRequired>true</IsRequired><Value i:nil="true"/></Attribute></Attributes><ChildElements/><ElementName>texture</ElementName><required>false</required><FilenameAttribute z:Ref="i95"/><wFilename/></URDFElement></ChildElements><ElementName>material</ElementName><required>false</required><Color z:Ref="i92"/><NameAttribute z:Ref="i91"/><Texture z:Ref="i94"/></URDFElement></ChildElements><ElementName>visual</ElementName><required>false</required><Geometry z:Ref="i87"/><Material z:Ref="i90"/><Origin z:Ref="i84"/></URDFElement><URDFElement z:Id="i96" i:type="Collision"><Attributes/><ChildElements><URDFElement z:Id="i97" i:type="Origin"><Attributes><Attribute z:Id="i98"><AttributeType>xyz</AttributeType><IsRequired>true</IsRequired><Value i:type="a:ArrayOfdouble" xmlns:a="http://schemas.microsoft.com/2003/10/Serialization/Arrays"><a:double>0</a:double><a:double>0</a:double><a:double>0</a:double></Value></Attribute><Attribute z:Id="i99"><AttributeType>rpy</AttributeType><IsRequired>true</IsRequired><Value i:type="a:ArrayOfdouble" xmlns:a="http://schemas.microsoft.com/2003/10/Serialization/Arrays"><a:double>0</a:double><a:double>0</a:double><a:double>0</a:double></Value></Attribute></Attributes><ChildElements/><ElementName>origin</ElementName><required>false</required><RPYAttribute z:Ref="i99"/><XYZAttribute z:Ref="i98"/><isCustomized>false</isCustomized></URDFElement><URDFElement z:Id="i100" i:type="Geometry"><Attributes/><ChildElements><URDFElement z:Id="i101" i:type="Mesh"><Attributes><Attribute z:Id="i102"><AttributeType>filename</AttributeType><IsRequired>true</IsRequired><Value i:nil="true"/></Attribute></Attributes><ChildElements/><ElementName>mesh</ElementName><required>false</required><FilenameAttribute z:Ref="i102"/></URDFElement></ChildElements><ElementName>geometry</ElementName><required>true</required><Mesh z:Ref="i101"/></URDFElement></ChildElements><ElementName>collision</ElementName><required>false</required><Geometry z:Ref="i100"/><Origin z:Ref="i97"/></URDFElement><URDFElement z:Id="i103" i:type="Joint"><Attributes><Attribute z:Id="i104"><AttributeType>name</AttributeType><IsRequired>true</IsRequired><Value i:type="a:string" xmlns:a="http://www.w3.org/2001/XMLSchema">joint_back_left</Value></Attribute><Attribute z:Id="i105"><AttributeType>type</AttributeType><IsRequired>true</IsRequired><Value i:type="a:string" xmlns:a="http://www.w3.org/2001/XMLSchema">continuous</Value></Attribute></Attributes><ChildElements><URDFElement z:Id="i106" i:type="Origin"><Attributes><Attribute z:Id="i107"><AttributeType>xyz</AttributeType><IsRequired>true</IsRequired><Value i:type="a:ArrayOfdouble" xmlns:a="http://schemas.microsoft.com/2003/10/Serialization/Arrays"><a:double>-0.25156</a:double><a:double>0.30851</a:double><a:double>0.037363</a:double></Value></Attribute><Attribute z:Id="i108"><AttributeType>rpy</AttributeType><IsRequired>true</IsRequired><Value i:type="a:ArrayOfdouble" xmlns:a="http://schemas.microsoft.com/2003/10/Serialization/Arrays"><a:double>0</a:double><a:double>0</a:double><a:double>0</a:double></Value></Attribute></Attributes><ChildElements/><ElementName>origin</ElementName><required>false</required><RPYAttribute z:Ref="i108"/><XYZAttribute z:Ref="i107"/><isCustomized>false</isCustomized></URDFElement><URDFElement z:Id="i109" i:type="ParentLink"><Attributes><Attribute z:Id="i110"><AttributeType>link</AttributeType><IsRequired>true</IsRequired><Value i:type="a:string" xmlns:a="http://www.w3.org/2001/XMLSchema">base_link</Value></Attribute></Attributes><ChildElements/><ElementName>parent</ElementName><required>true</required><NameAttribute z:Ref="i110"/></URDFElement><URDFElement z:Id="i111" i:type="ChildLink"><Attributes><Attribute z:Id="i112"><AttributeType>link</AttributeType><IsRequired>true</IsRequired><Value i:type="a:string" xmlns:a="http://www.w3.org/2001/XMLSchema">link_back_left</Value></Attribute></Attributes><ChildElements/><ElementName>child</ElementName><required>true</required><NameAttribute z:Ref="i112"/></URDFElement><URDFElement z:Id="i113" i:type="Axis"><Attributes><Attribute z:Id="i114"><AttributeType>xyz</AttributeType><IsRequired>true</IsRequired><Value i:type="a:ArrayOfdouble" xmlns:a="http://schemas.microsoft.com/2003/10/Serialization/Arrays"><a:double>0</a:double><a:double>1</a:double><a:double>0</a:double></Value></Attribute></Attributes><ChildElements/><ElementName>axis</ElementName><required>false</required><XYZAttribute z:Ref="i114"/></URDFElement><URDFElement z:Id="i115" i:type="Limit"><Attributes><Attribute z:Id="i116"><AttributeType>lower</AttributeType><IsRequired>false</IsRequired><Value i:nil="true"/></Attribute><Attribute z:Id="i117"><AttributeType>upper</AttributeType><IsRequired>false</IsRequired><Value i:nil="true"/></Attribute><Attribute z:Id="i118"><AttributeType>effort</AttributeType><IsRequired>true</IsRequired><Value i:nil="true"/></Attribute><Attribute z:Id="i119"><AttributeType>velocity</AttributeType><IsRequired>true</IsRequired><Value i:nil="true"/></Attribute></Attributes><ChildElements/><ElementName>limit</ElementName><required>false</required><EffortAttribute z:Ref="i118"/><LowerAttribute z:Ref="i116"/><UpperAttribute z:Ref="i117"/><VelocityAttribute z:Ref="i119"/></URDFElement><URDFElement z:Id="i120" i:type="Calibration"><Attributes><Attribute z:Id="i121"><AttributeType>rising</AttributeType><IsRequired>false</IsRequired><Value i:nil="true"/></Attribute><Attribute z:Id="i122"><AttributeType>falling</AttributeType><IsRequired>false</IsRequired><Value i:nil="true"/></Attribute></Attributes><ChildElements/><ElementName>calibration</ElementName><required>false</required><FallingAttribute z:Ref="i122"/><RisingAttribute z:Ref="i121"/></URDFElement><URDFElement z:Id="i123" i:type="Dynamics"><Attributes><Attribute z:Id="i124"><AttributeType>damping</AttributeType><IsRequired>false</IsRequired><Value i:nil="true"/></Attribute><Attribute z:Id="i125"><AttributeType>friction</AttributeType><IsRequired>false</IsRequired><Value i:nil="true"/></Attribute></Attributes><ChildElements/><ElementName>dynamics</ElementName><required>false</required><DampingAttribute z:Ref="i124"/><FrictionAttribute z:Ref="i125"/></URDFElement><URDFElement z:Id="i126" i:type="SafetyController"><Attributes><Attribute z:Id="i127"><AttributeType>soft_upper_limit</AttributeType><IsRequired>false</IsRequired><Value i:nil="true"/></Attribute><Attribute z:Id="i128"><AttributeType>soft_lower_limit</AttributeType><IsRequired>false</IsRequired><Value i:nil="true"/></Attribute><Attribute z:Id="i129"><AttributeType>k_position</AttributeType><IsRequired>false</IsRequired><Value i:nil="true"/></Attribute><Attribute z:Id="i130"><AttributeType>k_velocity</AttributeType><IsRequired>true</IsRequired><Value i:nil="true"/></Attribute></Attributes><ChildElements/><ElementName>safety_controller</ElementName><required>false</required><KPositionAttribute z:Ref="i129"/><KVelocityAttribute z:Ref="i130"/><SoftLowerAttribute z:Ref="i128"/><SoftUpperAttribute z:Ref="i127"/></URDFElement><URDFElement z:Id="i131" i:type="Mimic"><Attributes><Attribute z:Id="i132"><AttributeType>joint</AttributeType><IsRequired>true</IsRequired><Value i:nil="true"/></Attribute><Attribute z:Id="i133"><AttributeType>multiplier</AttributeType><IsRequired>false</IsRequired><Value i:nil="true"/></Attribute><Attribute z:Id="i134"><AttributeType>offset</AttributeType><IsRequired>false</IsRequired><Value i:nil="true"/></Attribute></Attributes><ChildElements/><ElementName>mimic</ElementName><required>false</required><JointNameAttribute z:Ref="i132"/><MultiplierAttribute z:Ref="i133"/><OffsetAttribute z:Ref="i134"/></URDFElement></ChildElements><ElementName>joint</ElementName><required>false</required><Axis z:Ref="i113"/><AxisName>Axis_WheelBackLeft</AxisName><Calibration z:Ref="i120"/><Child z:Ref="i111"/><CoordinateSystemName>CoordSys_WheelBackLeft</CoordinateSystemName><Dynamics z:Ref="i123"/><Limit z:Ref="i115"/><Mimic z:Ref="i131"/><NameAttribute z:Ref="i104"/><Origin z:Ref="i106"/><Parent z:Ref="i109"/><Safety z:Ref="i126"/><TypeAttribute z:Ref="i105"/></URDFElement></ChildElements><ElementName>link</ElementName><required>true</required><Children/><Collision z:Ref="i96"/><Inertial z:Ref="i70"/><Joint z:Ref="i103"/><NameAttribute z:Ref="i69"/><Parent z:Ref="i1"/><STLQualityFine>false</STLQualityFine><SWComponentPIDs xmlns:a="http://schemas.microsoft.com/2003/10/Serialization/Arrays"><a:base64Binary>gD4AAAUAAAD//v83VwBIAEUARQBMAF8AQwBIAFUATgBLAF8AMQAwADAAMABfAFcAQQBUAFQAXwBWAEEAUgBJAEEATgBUAC0AMwBAAFIATwBWAEUAUgBfADEAMAAwADAAXwBXAEEAVABUAF8AVgBBAFIASQBBAE4AVAAEAAAAEAAAAAEAAAABAAAAyAkAAA==</a:base64Binary></SWComponentPIDs><SWMainComponentPID i:nil="true"/><Visual z:Ref="i83"/><isFixedFrame>false</isFixedFrame><isIncomplete>false</isIncomplete></Link><Link z:Id="i135"><Attributes><Attribute z:Id="i136"><AttributeType>name</AttributeType><IsRequired>true</IsRequired><Value i:type="a:string" xmlns:a="http://www.w3.org/2001/XMLSchema">link_back_right</Value></Attribute></Attributes><ChildElements><URDFElement z:Id="i137" i:type="Inertial"><Attributes/><ChildElements><URDFElement z:Id="i138" i:type="Origin"><Attributes><Attribute z:Id="i139"><AttributeType>xyz</AttributeType><IsRequired>true</IsRequired><Value i:type="a:ArrayOfdouble" xmlns:a="http://schemas.microsoft.com/2003/10/Serialization/Arrays"><a:double>8.1206E-06</a:double><a:double>0.0024212</a:double><a:double>4.2036E-07</a:double></Value></Attribute><Attribute z:Id="i140"><AttributeType>rpy</AttributeType><IsRequired>true</IsRequired><Value i:type="a:ArrayOfdouble" xmlns:a="http://schemas.microsoft.com/2003/10/Serialization/Arrays"><a:double>0</a:double><a:double>0</a:double><a:double>0</a:double></Value></Attribute></Attributes><ChildElements/><ElementName>origin</ElementName><required>false</required><RPYAttribute z:Ref="i140"/><XYZAttribute z:Ref="i139"/><isCustomized>false</isCustomized></URDFElement><URDFElement z:Id="i141" i:type="Mass"><Attributes><Attribute z:Id="i142"><AttributeType>value</AttributeType><IsRequired>true</IsRequired><Value i:type="a:double" xmlns:a="http://www.w3.org/2001/XMLSchema">5.0741</Value></Attribute></Attributes><ChildElements/><ElementName>mass</ElementName><required>false</required><ValueAttribute z:Ref="i142"/></URDFElement><URDFElement z:Id="i143" i:type="Inertia"><Attributes><Attribute z:Id="i144"><AttributeType>ixx</AttributeType><IsRequired>true</IsRequired><Value i:type="a:double" xmlns:a="http://www.w3.org/2001/XMLSchema">0.036669</Value></Attribute><Attribute z:Id="i145"><AttributeType>ixy</AttributeType><IsRequired>true</IsRequired><Value i:type="a:double" xmlns:a="http://www.w3.org/2001/XMLSchema">-4.1531E-07</Value></Attribute><Attribute z:Id="i146"><AttributeType>ixz</AttributeType><IsRequired>true</IsRequired><Value i:type="a:double" xmlns:a="http://www.w3.org/2001/XMLSchema">1.718E-08</Value></Attribute><Attribute z:Id="i147"><AttributeType>iyy</AttributeType><IsRequired>true</IsRequired><Value i:type="a:double" xmlns:a="http://www.w3.org/2001/XMLSchema">0.066215</Value></Attribute><Attribute z:Id="i148"><AttributeType>iyz</AttributeType><IsRequired>true</IsRequired><Value i:type="a:double" xmlns:a="http://www.w3.org/2001/XMLSchema">-2.1256E-08</Value></Attribute><Attribute z:Id="i149"><AttributeType>izz</AttributeType><IsRequired>true</IsRequired><Value i:type="a:double" xmlns:a="http://www.w3.org/2001/XMLSchema">0.036669</Value></Attribute></Attributes><ChildElements/><ElementName>inertia</ElementName><required>false</required><IxxAttribute z:Ref="i144"/><IxyAttribute z:Ref="i145"/><IxzAttribute z:Ref="i146"/><IyyAttribute z:Ref="i147"/><IyzAttribute z:Ref="i148"/><IzzAttribute z:Ref="i149"/></URDFElement></ChildElements><ElementName>inertial</ElementName><required>false</required><Inertia z:Ref="i143"/><Mass z:Ref="i141"/><Origin z:Ref="i138"/></URDFElement><URDFElement z:Id="i150" i:type="Visual"><Attributes/><ChildElements><URDFElement z:Id="i151" i:type="Origin"><Attributes><Attribute z:Id="i152"><AttributeType>xyz</AttributeType><IsRequired>true</IsRequired><Value i:type="a:ArrayOfdouble" xmlns:a="http://schemas.microsoft.com/2003/10/Serialization/Arrays"><a:double>0</a:double><a:double>0</a:double><a:double>0</a:double></Value></Attribute><Attribute z:Id="i153"><AttributeType>rpy</AttributeType><IsRequired>true</IsRequired><Value i:type="a:ArrayOfdouble" xmlns:a="http://schemas.microsoft.com/2003/10/Serialization/Arrays"><a:double>0</a:double><a:double>0</a:double><a:double>0</a:double></Value></Attribute></Attributes><ChildElements/><ElementName>origin</ElementName><required>false</required><RPYAttribute z:Ref="i153"/><XYZAttribute z:Ref="i152"/><isCustomized>false</isCustomized></URDFElement><URDFElement z:Id="i154" i:type="Geometry"><Attributes/><ChildElements><URDFElement z:Id="i155" i:type="Mesh"><Attributes><Attribute z:Id="i156"><AttributeType>filename</AttributeType><IsRequired>true</IsRequired><Value i:nil="true"/></Attribute></Attributes><ChildElements/><ElementName>mesh</ElementName><required>false</required><FilenameAttribute z:Ref="i156"/></URDFElement></ChildElements><ElementName>geometry</ElementName><required>true</required><Mesh z:Ref="i155"/></URDFElement><URDFElement z:Id="i157" i:type="Material"><Attributes><Attribute z:Id="i158"><AttributeType>name</AttributeType><IsRequired>true</IsRequired><Value i:type="a:string" xmlns:a="http://www.w3.org/2001/XMLSchema"/></Attribute></Attributes><ChildElements><URDFElement z:Id="i159" i:type="Color"><Attributes><Attribute z:Id="i160"><AttributeType>rgba</AttributeType><IsRequired>true</IsRequired><Value i:type="a:ArrayOfdouble" xmlns:a="http://schemas.microsoft.com/2003/10/Serialization/Arrays"><a:double>0.75294</a:double><a:double>0.75294</a:double><a:double>0.75294</a:double><a:double>1</a:double></Value></Attribute></Attributes><ChildElements/><ElementName>color</ElementName><required>false</required><RGBAAttribute z:Ref="i160"/></URDFElement><URDFElement z:Id="i161" i:type="Texture"><Attributes><Attribute z:Id="i162"><AttributeType>filename</AttributeType><IsRequired>true</IsRequired><Value i:nil="true"/></Attribute></Attributes><ChildElements/><ElementName>texture</ElementName><required>false</required><FilenameAttribute z:Ref="i162"/><wFilename/></URDFElement></ChildElements><ElementName>material</ElementName><required>false</required><Color z:Ref="i159"/><NameAttribute z:Ref="i158"/><Texture z:Ref="i161"/></URDFElement></ChildElements><ElementName>visual</ElementName><required>false</required><Geometry z:Ref="i154"/><Material z:Ref="i157"/><Origin z:Ref="i151"/></URDFElement><URDFElement z:Id="i163" i:type="Collision"><Attributes/><ChildElements><URDFElement z:Id="i164" i:type="Origin"><Attributes><Attribute z:Id="i165"><AttributeType>xyz</AttributeType><IsRequired>true</IsRequired><Value i:type="a:ArrayOfdouble" xmlns:a="http://schemas.microsoft.com/2003/10/Serialization/Arrays"><a:double>0</a:double><a:double>0</a:double><a:double>0</a:double></Value></Attribute><Attribute z:Id="i166"><AttributeType>rpy</AttributeType><IsRequired>true</IsRequired><Value i:type="a:ArrayOfdouble" xmlns:a="http://schemas.microsoft.com/2003/10/Serialization/Arrays"><a:double>0</a:double><a:double>0</a:double><a:double>0</a:double></Value></Attribute></Attributes><ChildElements/><ElementName>origin</ElementName><required>false</required><RPYAttribute z:Ref="i166"/><XYZAttribute z:Ref="i165"/><isCustomized>false</isCustomized></URDFElement><URDFElement z:Id="i167" i:type="Geometry"><Attributes/><ChildElements><URDFElement z:Id="i168" i:type="Mesh"><Attributes><Attribute z:Id="i169"><AttributeType>filename</AttributeType><IsRequired>true</IsRequired><Value i:nil="true"/></Attribute></Attributes><ChildElements/><ElementName>mesh</ElementName><required>false</required><FilenameAttribute z:Ref="i169"/></URDFElement></ChildElements><ElementName>geometry</ElementName><required>true</required><Mesh z:Ref="i168"/></URDFElement></ChildElements><ElementName>collision</ElementName><required>false</required><Geometry z:Ref="i167"/><Origin z:Ref="i164"/></URDFElement><URDFElement z:Id="i170" i:type="Joint"><Attributes><Attribute z:Id="i171"><AttributeType>name</AttributeType><IsRequired>true</IsRequired><Value i:type="a:string" xmlns:a="http://www.w3.org/2001/XMLSchema">joint_back_right</Value></Attribute><Attribute z:Id="i172"><AttributeType>type</AttributeType><IsRequired>true</IsRequired><Value i:type="a:string" xmlns:a="http://www.w3.org/2001/XMLSchema">continuous</Value></Attribute></Attributes><ChildElements><URDFElement z:Id="i173" i:type="Origin"><Attributes><Attribute z:Id="i174"><AttributeType>xyz</AttributeType><IsRequired>true</IsRequired><Value i:type="a:ArrayOfdouble" xmlns:a="http://schemas.microsoft.com/2003/10/Serialization/Arrays"><a:double>-0.25156</a:double><a:double>-0.30851</a:double><a:double>0.037363</a:double></Value></Attribute><Attribute z:Id="i175"><AttributeType>rpy</AttributeType><IsRequired>true</IsRequired><Value i:type="a:ArrayOfdouble" xmlns:a="http://schemas.microsoft.com/2003/10/Serialization/Arrays"><a:double>0</a:double><a:double>0</a:double><a:double>0</a:double></Value></Attribute></Attributes><ChildElements/><ElementName>origin</ElementName><required>false</required><RPYAttribute z:Ref="i175"/><XYZAttribute z:Ref="i174"/><isCustomized>false</isCustomized></URDFElement><URDFElement z:Id="i176" i:type="ParentLink"><Attributes><Attribute z:Id="i177"><AttributeType>link</AttributeType><IsRequired>true</IsRequired><Value i:type="a:string" xmlns:a="http://www.w3.org/2001/XMLSchema">base_link</Value></Attribute></Attributes><ChildElements/><ElementName>parent</ElementName><required>true</required><NameAttribute z:Ref="i177"/></URDFElement><URDFElement z:Id="i178" i:type="ChildLink"><Attributes><Attribute z:Id="i179"><AttributeType>link</AttributeType><IsRequired>true</IsRequired><Value i:type="a:string" xmlns:a="http://www.w3.org/2001/XMLSchema">link_back_right</Value></Attribute></Attributes><ChildElements/><ElementName>child</ElementName><required>true</required><NameAttribute z:Ref="i179"/></URDFElement><URDFElement z:Id="i180" i:type="Axis"><Attributes><Attribute z:Id="i181"><AttributeType>xyz</AttributeType><IsRequired>true</IsRequired><Value i:type="a:ArrayOfdouble" xmlns:a="http://schemas.microsoft.com/2003/10/Serialization/Arrays"><a:double>0</a:double><a:double>1</a:double><a:double>0</a:double></Value></Attribute></Attributes><ChildElements/><ElementName>axis</ElementName><required>false</required><XYZAttribute z:Ref="i181"/></URDFElement><URDFElement z:Id="i182" i:type="Limit"><Attributes><Attribute z:Id="i183"><AttributeType>lower</AttributeType><IsRequired>false</IsRequired><Value i:nil="true"/></Attribute><Attribute z:Id="i184"><AttributeType>upper</AttributeType><IsRequired>false</IsRequired><Value i:nil="true"/></Attribute><Attribute z:Id="i185"><AttributeType>effort</AttributeType><IsRequired>true</IsRequired><Value i:nil="true"/></Attribute><Attribute z:Id="i186"><AttributeType>velocity</AttributeType><IsRequired>true</IsRequired><Value i:nil="true"/></Attribute></Attributes><ChildElements/><ElementName>limit</ElementName><required>false</required><EffortAttribute z:Ref="i185"/><LowerAttribute z:Ref="i183"/><UpperAttribute z:Ref="i184"/><VelocityAttribute z:Ref="i186"/></URDFElement><URDFElement z:Id="i187" i:type="Calibration"><Attributes><Attribute z:Id="i188"><AttributeType>rising</AttributeType><IsRequired>false</IsRequired><Value i:nil="true"/></Attribute><Attribute z:Id="i189"><AttributeType>falling</AttributeType><IsRequired>false</IsRequired><Value i:nil="true"/></Attribute></Attributes><ChildElements/><ElementName>calibration</ElementName><required>false</required><FallingAttribute z:Ref="i189"/><RisingAttribute z:Ref="i188"/></URDFElement><URDFElement z:Id="i190" i:type="Dynamics"><Attributes><Attribute z:Id="i191"><AttributeType>damping</AttributeType><IsRequired>false</IsRequired><Value i:nil="true"/></Attribute><Attribute z:Id="i192"><AttributeType>friction</AttributeType><IsRequired>false</IsRequired><Value i:nil="true"/></Attribute></Attributes><ChildElements/><ElementName>dynamics</ElementName><required>false</required><DampingAttribute z:Ref="i191"/><FrictionAttribute z:Ref="i192"/></URDFElement><URDFElement z:Id="i193" i:type="SafetyController"><Attributes><Attribute z:Id="i194"><AttributeType>soft_upper_limit</AttributeType><IsRequired>false</IsRequired><Value i:nil="true"/></Attribute><Attribute z:Id="i195"><AttributeType>soft_lower_limit</AttributeType><IsRequired>false</IsRequired><Value i:nil="true"/></Attribute><Attribute z:Id="i196"><AttributeType>k_position</AttributeType><IsRequired>false</IsRequired><Value i:nil="true"/></Attribute><Attribute z:Id="i197"><AttributeType>k_velocity</AttributeType><IsRequired>true</IsRequired><Value i:nil="true"/></Attribute></Attributes><ChildElements/><ElementName>safety_controller</ElementName><required>false</required><KPositionAttribute z:Ref="i196"/><KVelocityAttribute z:Ref="i197"/><SoftLowerAttribute z:Ref="i195"/><SoftUpperAttribute z:Ref="i194"/></URDFElement><URDFElement z:Id="i198" i:type="Mimic"><Attributes><Attribute z:Id="i199"><AttributeType>joint</AttributeType><IsRequired>true</IsRequired><Value i:nil="true"/></Attribute><Attribute z:Id="i200"><AttributeType>multiplier</AttributeType><IsRequired>false</IsRequired><Value i:nil="true"/></Attribute><Attribute z:Id="i201"><AttributeType>offset</AttributeType><IsRequired>false</IsRequired><Value i:nil="true"/></Attribute></Attributes><ChildElements/><ElementName>mimic</ElementName><required>false</required><JointNameAttribute z:Ref="i199"/><MultiplierAttribute z:Ref="i200"/><OffsetAttribute z:Ref="i201"/></URDFElement></ChildElements><ElementName>joint</ElementName><required>false</required><Axis z:Ref="i180"/><AxisName>Axis_WheelBackRight</AxisName><Calibration z:Ref="i187"/><Child z:Ref="i178"/><CoordinateSystemName>CoordSys_WheelBackRight</CoordinateSystemName><Dynamics z:Ref="i190"/><Limit z:Ref="i182"/><Mimic z:Ref="i198"/><NameAttribute z:Ref="i171"/><Origin z:Ref="i173"/><Parent z:Ref="i176"/><Safety z:Ref="i193"/><TypeAttribute z:Ref="i172"/></URDFElement></ChildElements><ElementName>link</ElementName><required>true</required><Children/><Collision z:Ref="i163"/><Inertial z:Ref="i137"/><Joint z:Ref="i170"/><NameAttribute z:Ref="i136"/><Parent z:Ref="i1"/><STLQualityFine>false</STLQualityFine><SWComponentPIDs xmlns:a="http://schemas.microsoft.com/2003/10/Serialization/Arrays"><a:base64Binary>gD4AAAUAAAD//v83VwBIAEUARQBMAF8AQwBIAFUATgBLAF8AMQAwADAAMABfAFcAQQBUAFQAXwBWAEEAUgBJAEEATgBUAC0ANABAAFIATwBWAEUAUgBfADEAMAAwADAAXwBXAEEAVABUAF8AVgBBAFIASQBBAE4AVAAEAAAAEAAAAAEAAAABAAAAzAkAAA==</a:base64Binary></SWComponentPIDs><SWMainComponentPID i:nil="true"/><Visual z:Ref="i150"/><isFixedFrame>false</isFixedFrame><isIncomplete>false</isIncomplete></Link><Link z:Id="i202"><Attributes><Attribute z:Id="i203"><AttributeType>name</AttributeType><IsRequired>true</IsRequired><Value i:type="a:string" xmlns:a="http://www.w3.org/2001/XMLSchema">link_front_right</Value></Attribute></Attributes><ChildElements><URDFElement z:Id="i204" i:type="Inertial"><Attributes/><ChildElements><URDFElement z:Id="i205" i:type="Origin"><Attributes><Attribute z:Id="i206"><AttributeType>xyz</AttributeType><IsRequired>true</IsRequired><Value i:type="a:ArrayOfdouble" xmlns:a="http://schemas.microsoft.com/2003/10/Serialization/Arrays"><a:double>3.603E-06</a:double><a:double>0.0024212</a:double><a:double>7.2897E-06</a:double></Value></Attribute><Attribute z:Id="i207"><AttributeType>rpy</AttributeType><IsRequired>true</IsRequired><Value i:type="a:ArrayOfdouble" xmlns:a="http://schemas.microsoft.com/2003/10/Serialization/Arrays"><a:double>0</a:double><a:double>0</a:double><a:double>0</a:double></Value></Attribute></Attributes><ChildElements/><ElementName>origin</ElementName><required>false</required><RPYAttribute z:Ref="i207"/><XYZAttribute z:Ref="i206"/><isCustomized>false</isCustomized></URDFElement><URDFElement z:Id="i208" i:type="Mass"><Attributes><Attribute z:Id="i209"><AttributeType>value</AttributeType><IsRequired>true</IsRequired><Value i:type="a:double" xmlns:a="http://www.w3.org/2001/XMLSchema">5.0741</Value></Attribute></Attributes><ChildElements/><ElementName>mass</ElementName><required>false</required><ValueAttribute z:Ref="i209"/></URDFElement><URDFElement z:Id="i210" i:type="Inertia"><Attributes><Attribute z:Id="i211"><AttributeType>ixx</AttributeType><IsRequired>true</IsRequired><Value i:type="a:double" xmlns:a="http://www.w3.org/2001/XMLSchema">0.036669</Value></Attribute><Attribute z:Id="i212"><AttributeType>ixy</AttributeType><IsRequired>true</IsRequired><Value i:type="a:double" xmlns:a="http://www.w3.org/2001/XMLSchema">-1.8448E-07</Value></Attribute><Attribute z:Id="i213"><AttributeType>ixz</AttributeType><IsRequired>true</IsRequired><Value i:type="a:double" xmlns:a="http://www.w3.org/2001/XMLSchema">1.5903E-07</Value></Attribute><Attribute z:Id="i214"><AttributeType>iyy</AttributeType><IsRequired>true</IsRequired><Value i:type="a:double" xmlns:a="http://www.w3.org/2001/XMLSchema">0.066215</Value></Attribute><Attribute z:Id="i215"><AttributeType>iyz</AttributeType><IsRequired>true</IsRequired><Value i:type="a:double" xmlns:a="http://www.w3.org/2001/XMLSchema">-3.7269E-07</Value></Attribute><Attribute z:Id="i216"><AttributeType>izz</AttributeType><IsRequired>true</IsRequired><Value i:type="a:double" xmlns:a="http://www.w3.org/2001/XMLSchema">0.036669</Value></Attribute></Attributes><ChildElements/><ElementName>inertia</ElementName><required>false</required><IxxAttribute z:Ref="i211"/><IxyAttribute z:Ref="i212"/><IxzAttribute z:Ref="i213"/><IyyAttribute z:Ref="i214"/><IyzAttribute z:Ref="i215"/><IzzAttribute z:Ref="i216"/></URDFElement></ChildElements><ElementName>inertial</ElementName><required>false</required><Inertia z:Ref="i210"/><Mass z:Ref="i208"/><Origin z:Ref="i205"/></URDFElement><URDFElement z:Id="i217" i:type="Visual"><Attributes/><ChildElements><URDFElement z:Id="i218" i:type="Origin"><Attributes><Attribute z:Id="i219"><AttributeType>xyz</AttributeType><IsRequired>true</IsRequired><Value i:type="a:ArrayOfdouble" xmlns:a="http://schemas.microsoft.com/2003/10/Serialization/Arrays"><a:double>0</a:double><a:double>0</a:double><a:double>0</a:double></Value></Attribute><Attribute z:Id="i220"><AttributeType>rpy</AttributeType><IsRequired>true</IsRequired><Value i:type="a:ArrayOfdouble" xmlns:a="http://schemas.microsoft.com/2003/10/Serialization/Arrays"><a:double>0</a:double><a:double>0</a:double><a:double>0</a:double></Value></Attribute></Attributes><ChildElements/><ElementName>origin</ElementName><required>false</required><RPYAttribute z:Ref="i220"/><XYZAttribute z:Ref="i219"/><isCustomized>false</isCustomized></URDFElement><URDFElement z:Id="i221" i:type="Geometry"><Attributes/><ChildElements><URDFElement z:Id="i222" i:type="Mesh"><Attributes><Attribute z:Id="i223"><AttributeType>filename</AttributeType><IsRequired>true</IsRequired><Value i:nil="true"/></Attribute></Attributes><ChildElements/><ElementName>mesh</ElementName><required>false</required><FilenameAttribute z:Ref="i223"/></URDFElement></ChildElements><ElementName>geometry</ElementName><required>true</required><Mesh z:Ref="i222"/></URDFElement><URDFElement z:Id="i224" i:type="Material"><Attributes><Attribute z:Id="i225"><AttributeType>name</AttributeType><IsRequired>true</IsRequired><Value i:type="a:string" xmlns:a="http://www.w3.org/2001/XMLSchema"/></Attribute></Attributes><ChildElements><URDFElement z:Id="i226" i:type="Color"><Attributes><Attribute z:Id="i227"><AttributeType>rgba</AttributeType><IsRequired>true</IsRequired><Value i:type="a:ArrayOfdouble" xmlns:a="http://schemas.microsoft.com/2003/10/Serialization/Arrays"><a:double>0.75294</a:double><a:double>0.75294</a:double><a:double>0.75294</a:double><a:double>1</a:double></Value></Attribute></Attributes><ChildElements/><ElementName>color</ElementName><required>false</required><RGBAAttribute z:Ref="i227"/></URDFElement><URDFElement z:Id="i228" i:type="Texture"><Attributes><Attribute z:Id="i229"><AttributeType>filename</AttributeType><IsRequired>true</IsRequired><Value i:nil="true"/></Attribute></Attributes><ChildElements/><ElementName>texture</ElementName><required>false</required><FilenameAttribute z:Ref="i229"/><wFilename/></URDFElement></ChildElements><ElementName>material</ElementName><required>false</required><Color z:Ref="i226"/><NameAttribute z:Ref="i225"/><Texture z:Ref="i228"/></URDFElement></ChildElements><ElementName>visual</ElementName><required>false</required><Geometry z:Ref="i221"/><Material z:Ref="i224"/><Origin z:Ref="i218"/></URDFElement><URDFElement z:Id="i230" i:type="Collision"><Attributes/><ChildElements><URDFElement z:Id="i231" i:type="Origin"><Attributes><Attribute z:Id="i232"><AttributeType>xyz</AttributeType><IsRequired>true</IsRequired><Value i:type="a:ArrayOfdouble" xmlns:a="http://schemas.microsoft.com/2003/10/Serialization/Arrays"><a:double>0</a:double><a:double>0</a:double><a:double>0</a:double></Value></Attribute><Attribute z:Id="i233"><AttributeType>rpy</AttributeType><IsRequired>true</IsRequired><Value i:type="a:ArrayOfdouble" xmlns:a="http://schemas.microsoft.com/2003/10/Serialization/Arrays"><a:double>0</a:double><a:double>0</a:double><a:double>0</a:double></Value></Attribute></Attributes><ChildElements/><ElementName>origin</ElementName><required>false</required><RPYAttribute z:Ref="i233"/><XYZAttribute z:Ref="i232"/><isCustomized>false</isCustomized></URDFElement><URDFElement z:Id="i234" i:type="Geometry"><Attributes/><ChildElements><URDFElement z:Id="i235" i:type="Mesh"><Attributes><Attribute z:Id="i236"><AttributeType>filename</AttributeType><IsRequired>true</IsRequired><Value i:nil="true"/></Attribute></Attributes><ChildElements/><ElementName>mesh</ElementName><required>false</required><FilenameAttribute z:Ref="i236"/></URDFElement></ChildElements><ElementName>geometry</ElementName><required>true</required><Mesh z:Ref="i235"/></URDFElement></ChildElements><ElementName>collision</ElementName><required>false</required><Geometry z:Ref="i234"/><Origin z:Ref="i231"/></URDFElement><URDFElement z:Id="i237" i:type="Joint"><Attributes><Attribute z:Id="i238"><AttributeType>name</AttributeType><IsRequired>true</IsRequired><Value i:type="a:string" xmlns:a="http://www.w3.org/2001/XMLSchema">joint_front_right</Value></Attribute><Attribute z:Id="i239"><AttributeType>type</AttributeType><IsRequired>true</IsRequired><Value i:type="a:string" xmlns:a="http://www.w3.org/2001/XMLSchema">continuous</Value></Attribute></Attributes><ChildElements><URDFElement z:Id="i240" i:type="Origin"><Attributes><Attribute z:Id="i241"><AttributeType>xyz</AttributeType><IsRequired>true</IsRequired><Value i:type="a:ArrayOfdouble" xmlns:a="http://schemas.microsoft.com/2003/10/Serialization/Arrays"><a:double>0.2515</a:double><a:double>-0.30851</a:double><a:double>0.037363</a:double></Value></Attribute><Attribute z:Id="i242"><AttributeType>rpy</AttributeType><IsRequired>true</IsRequired><Value i:type="a:ArrayOfdouble" xmlns:a="http://schemas.microsoft.com/2003/10/Serialization/Arrays"><a:double>0</a:double><a:double>0</a:double><a:double>0</a:double></Value></Attribute></Attributes><ChildElements/><ElementName>origin</ElementName><required>false</required><RPYAttribute z:Ref="i242"/><XYZAttribute z:Ref="i241"/><isCustomized>false</isCustomized></URDFElement><URDFElement z:Id="i243" i:type="ParentLink"><Attributes><Attribute z:Id="i244"><AttributeType>link</AttributeType><IsRequired>true</IsRequired><Value i:type="a:string" xmlns:a="http://www.w3.org/2001/XMLSchema">base_link</Value></Attribute></Attributes><ChildElements/><ElementName>parent</ElementName><required>true</required><NameAttribute z:Ref="i244"/></URDFElement><URDFElement z:Id="i245" i:type="ChildLink"><Attributes><Attribute z:Id="i246"><AttributeType>link</AttributeType><IsRequired>true</IsRequired><Value i:type="a:string" xmlns:a="http://www.w3.org/2001/XMLSchema">link_front_right</Value></Attribute></Attributes><ChildElements/><ElementName>child</ElementName><required>true</required><NameAttribute z:Ref="i246"/></URDFElement><URDFElement z:Id="i247" i:type="Axis"><Attributes><Attribute z:Id="i248"><AttributeType>xyz</AttributeType><IsRequired>true</IsRequired><Value i:type="a:ArrayOfdouble" xmlns:a="http://schemas.microsoft.com/2003/10/Serialization/Arrays"><a:double>0</a:double><a:double>1</a:double><a:double>0</a:double></Value></Attribute></Attributes><ChildElements/><ElementName>axis</ElementName><required>false</required><XYZAttribute z:Ref="i248"/></URDFElement><URDFElement z:Id="i249" i:type="Limit"><Attributes><Attribute z:Id="i250"><AttributeType>lower</AttributeType><IsRequired>false</IsRequired><Value i:nil="true"/></Attribute><Attribute z:Id="i251"><AttributeType>upper</AttributeType><IsRequired>false</IsRequired><Value i:nil="true"/></Attribute><Attribute z:Id="i252"><AttributeType>effort</AttributeType><IsRequired>true</IsRequired><Value i:nil="true"/></Attribute><Attribute z:Id="i253"><AttributeType>velocity</AttributeType><IsRequired>true</IsRequired><Value i:nil="true"/></Attribute></Attributes><ChildElements/><ElementName>limit</ElementName><required>false</required><EffortAttribute z:Ref="i252"/><LowerAttribute z:Ref="i250"/><UpperAttribute z:Ref="i251"/><VelocityAttribute z:Ref="i253"/></URDFElement><URDFElement z:Id="i254" i:type="Calibration"><Attributes><Attribute z:Id="i255"><AttributeType>rising</AttributeType><IsRequired>false</IsRequired><Value i:nil="true"/></Attribute><Attribute z:Id="i256"><AttributeType>falling</AttributeType><IsRequired>false</IsRequired><Value i:nil="true"/></Attribute></Attributes><ChildElements/><ElementName>calibration</ElementName><required>false</required><FallingAttribute z:Ref="i256"/><RisingAttribute z:Ref="i255"/></URDFElement><URDFElement z:Id="i257" i:type="Dynamics"><Attributes><Attribute z:Id="i258"><AttributeType>damping</AttributeType><IsRequired>false</IsRequired><Value i:nil="true"/></Attribute><Attribute z:Id="i259"><AttributeType>friction</AttributeType><IsRequired>false</IsRequired><Value i:nil="true"/></Attribute></Attributes><ChildElements/><ElementName>dynamics</ElementName><required>false</required><DampingAttribute z:Ref="i258"/><FrictionAttribute z:Ref="i259"/></URDFElement><URDFElement z:Id="i260" i:type="SafetyController"><Attributes><Attribute z:Id="i261"><AttributeType>soft_upper_limit</AttributeType><IsRequired>false</IsRequired><Value i:nil="true"/></Attribute><Attribute z:Id="i262"><AttributeType>soft_lower_limit</AttributeType><IsRequired>false</IsRequired><Value i:nil="true"/></Attribute><Attribute z:Id="i263"><AttributeType>k_position</AttributeType><IsRequired>false</IsRequired><Value i:nil="true"/></Attribute><Attribute z:Id="i264"><AttributeType>k_velocity</AttributeType><IsRequired>true</IsRequired><Value i:nil="true"/></Attribute></Attributes><ChildElements/><ElementName>safety_controller</ElementName><required>false</required><KPositionAttribute z:Ref="i263"/><KVelocityAttribute z:Ref="i264"/><SoftLowerAttribute z:Ref="i262"/><SoftUpperAttribute z:Ref="i261"/></URDFElement><URDFElement z:Id="i265" i:type="Mimic"><Attributes><Attribute z:Id="i266"><AttributeType>joint</AttributeType><IsRequired>true</IsRequired><Value i:nil="true"/></Attribute><Attribute z:Id="i267"><AttributeType>multiplier</AttributeType><IsRequired>false</IsRequired><Value i:nil="true"/></Attribute><Attribute z:Id="i268"><AttributeType>offset</AttributeType><IsRequired>false</IsRequired><Value i:nil="true"/></Attribute></Attributes><ChildElements/><ElementName>mimic</ElementName><required>false</required><JointNameAttribute z:Ref="i266"/><MultiplierAttribute z:Ref="i267"/><OffsetAttribute z:Ref="i268"/></URDFElement></ChildElements><ElementName>joint</ElementName><required>false</required><Axis z:Ref="i247"/><AxisName>Axis_WheelFrontRight</AxisName><Calibration z:Ref="i254"/><Child z:Ref="i245"/><CoordinateSystemName>CoordSys_WheelFrontRight</CoordinateSystemName><Dynamics z:Ref="i257"/><Limit z:Ref="i249"/><Mimic z:Ref="i265"/><NameAttribute z:Ref="i238"/><Origin z:Ref="i240"/><Parent z:Ref="i243"/><Safety z:Ref="i260"/><TypeAttribute z:Ref="i239"/></URDFElement></ChildElements><ElementName>link</ElementName><required>true</required><Children/><Collision z:Ref="i230"/><Inertial z:Ref="i204"/><Joint z:Ref="i237"/><NameAttribute z:Ref="i203"/><Parent z:Ref="i1"/><STLQualityFine>false</STLQualityFine><SWComponentPIDs xmlns:a="http://schemas.microsoft.com/2003/10/Serialization/Arrays"><a:base64Binary>gD4AAAUAAAD//v83VwBIAEUARQBMAF8AQwBIAFUATgBLAF8AMQAwADAAMABfAFcAQQBUAFQAXwBWAEEAUgBJAEEATgBUAC0ANQBAAFIATwBWAEUAUgBfADEAMAAwADAAXwBXAEEAVABUAF8AVgBBAFIASQBBAE4AVAAEAAAAEAAAAAEAAAABAAAA0AkAAA==</a:base64Binary></SWComponentPIDs><SWMainComponentPID i:nil="true"/><Visual z:Ref="i217"/><isFixedFrame>false</isFixedFrame><isIncomplete>false</isIncomplete></Link><Link z:Id="i269"><Attributes><Attribute z:Id="i270"><AttributeType>name</AttributeType><IsRequired>true</IsRequired><Value i:type="a:string" xmlns:a="http://www.w3.org/2001/XMLSchema">link_front_left</Value></Attribute></Attributes><ChildElements><URDFElement z:Id="i271" i:type="Inertial"><Attributes/><ChildElements><URDFElement z:Id="i272" i:type="Origin"><Attributes><Attribute z:Id="i273"><AttributeType>xyz</AttributeType><IsRequired>true</IsRequired><Value i:type="a:ArrayOfdouble" xmlns:a="http://schemas.microsoft.com/2003/10/Serialization/Arrays"><a:double>-8.0762E-06</a:double><a:double>-0.0024212</a:double><a:double>9.4689E-07</a:double></Value></Attribute><Attribute z:Id="i274"><AttributeType>rpy</AttributeType><IsRequired>true</IsRequired><Value i:type="a:ArrayOfdouble" xmlns:a="http://schemas.microsoft.com/2003/10/Serialization/Arrays"><a:double>0</a:double><a:double>0</a:double><a:double>0</a:double></Value></Attribute></Attributes><ChildElements/><ElementName>origin</ElementName><required>false</required><RPYAttribute z:Ref="i274"/><XYZAttribute z:Ref="i273"/><isCustomized>false</isCustomized></URDFElement><URDFElement z:Id="i275" i:type="Mass"><Attributes><Attribute z:Id="i276"><AttributeType>value</AttributeType><IsRequired>true</IsRequired><Value i:type="a:double" xmlns:a="http://www.w3.org/2001/XMLSchema">5.0741</Value></Attribute></Attributes><ChildElements/><ElementName>mass</ElementName><required>false</required><ValueAttribute z:Ref="i276"/></URDFElement><URDFElement z:Id="i277" i:type="Inertia"><Attributes><Attribute z:Id="i278"><AttributeType>ixx</AttributeType><IsRequired>true</IsRequired><Value i:type="a:double" xmlns:a="http://www.w3.org/2001/XMLSchema">0.036669</Value></Attribute><Attribute z:Id="i279"><AttributeType>ixy</AttributeType><IsRequired>true</IsRequired><Value i:type="a:double" xmlns:a="http://www.w3.org/2001/XMLSchema">-4.1305E-07</Value></Attribute><Attribute z:Id="i280"><AttributeType>ixz</AttributeType><IsRequired>true</IsRequired><Value i:type="a:double" xmlns:a="http://www.w3.org/2001/XMLSchema">-4.2569E-08</Value></Attribute><Attribute z:Id="i281"><AttributeType>iyy</AttributeType><IsRequired>true</IsRequired><Value i:type="a:double" xmlns:a="http://www.w3.org/2001/XMLSchema">0.066215</Value></Attribute><Attribute z:Id="i282"><AttributeType>iyz</AttributeType><IsRequired>true</IsRequired><Value i:type="a:double" xmlns:a="http://www.w3.org/2001/XMLSchema">4.8185E-08</Value></Attribute><Attribute z:Id="i283"><AttributeType>izz</AttributeType><IsRequired>true</IsRequired><Value i:type="a:double" xmlns:a="http://www.w3.org/2001/XMLSchema">0.036669</Value></Attribute></Attributes><ChildElements/><ElementName>inertia</ElementName><required>false</required><IxxAttribute z:Ref="i278"/><IxyAttribute z:Ref="i279"/><IxzAttribute z:Ref="i280"/><IyyAttribute z:Ref="i281"/><IyzAttribute z:Ref="i282"/><IzzAttribute z:Ref="i283"/></URDFElement></ChildElements><ElementName>inertial</ElementName><required>false</required><Inertia z:Ref="i277"/><Mass z:Ref="i275"/><Origin z:Ref="i272"/></URDFElement><URDFElement z:Id="i284" i:type="Visual"><Attributes/><ChildElements><URDFElement z:Id="i285" i:type="Origin"><Attributes><Attribute z:Id="i286"><AttributeType>xyz</AttributeType><IsRequired>true</IsRequired><Value i:type="a:ArrayOfdouble" xmlns:a="http://schemas.microsoft.com/2003/10/Serialization/Arrays"><a:double>0</a:double><a:double>0</a:double><a:double>0</a:double></Value></Attribute><Attribute z:Id="i287"><AttributeType>rpy</AttributeType><IsRequired>true</IsRequired><Value i:type="a:ArrayOfdouble" xmlns:a="http://schemas.microsoft.com/2003/10/Serialization/Arrays"><a:double>0</a:double><a:double>0</a:double><a:double>0</a:double></Value></Attribute></Attributes><ChildElements/><ElementName>origin</ElementName><required>false</required><RPYAttribute z:Ref="i287"/><XYZAttribute z:Ref="i286"/><isCustomized>false</isCustomized></URDFElement><URDFElement z:Id="i288" i:type="Geometry"><Attributes/><ChildElements><URDFElement z:Id="i289" i:type="Mesh"><Attributes><Attribute z:Id="i290"><AttributeType>filename</AttributeType><IsRequired>true</IsRequired><Value i:nil="true"/></Attribute></Attributes><ChildElements/><ElementName>mesh</ElementName><required>false</required><FilenameAttribute z:Ref="i290"/></URDFElement></ChildElements><ElementName>geometry</ElementName><required>true</required><Mesh z:Ref="i289"/></URDFElement><URDFElement z:Id="i291" i:type="Material"><Attributes><Attribute z:Id="i292"><AttributeType>name</AttributeType><IsRequired>true</IsRequired><Value i:type="a:string" xmlns:a="http://www.w3.org/2001/XMLSchema"/></Attribute></Attributes><ChildElements><URDFElement z:Id="i293" i:type="Color"><Attributes><Attribute z:Id="i294"><AttributeType>rgba</AttributeType><IsRequired>true</IsRequired><Value i:type="a:ArrayOfdouble" xmlns:a="http://schemas.microsoft.com/2003/10/Serialization/Arrays"><a:double>0.75294</a:double><a:double>0.75294</a:double><a:double>0.75294</a:double><a:double>1</a:double></Value></Attribute></Attributes><ChildElements/><ElementName>color</ElementName><required>false</required><RGBAAttribute z:Ref="i294"/></URDFElement><URDFElement z:Id="i295" i:type="Texture"><Attributes><Attribute z:Id="i296"><AttributeType>filename</AttributeType><IsRequired>true</IsRequired><Value i:nil="true"/></Attribute></Attributes><ChildElements/><ElementName>texture</ElementName><required>false</required><FilenameAttribute z:Ref="i296"/><wFilename/></URDFElement></ChildElements><ElementName>material</ElementName><required>false</required><Color z:Ref="i293"/><NameAttribute z:Ref="i292"/><Texture z:Ref="i295"/></URDFElement></ChildElements><ElementName>visual</ElementName><required>false</required><Geometry z:Ref="i288"/><Material z:Ref="i291"/><Origin z:Ref="i285"/></URDFElement><URDFElement z:Id="i297" i:type="Collision"><Attributes/><ChildElements><URDFElement z:Id="i298" i:type="Origin"><Attributes><Attribute z:Id="i299"><AttributeType>xyz</AttributeType><IsRequired>true</IsRequired><Value i:type="a:ArrayOfdouble" xmlns:a="http://schemas.microsoft.com/2003/10/Serialization/Arrays"><a:double>0</a:double><a:double>0</a:double><a:double>0</a:double></Value></Attribute><Attribute z:Id="i300"><AttributeType>rpy</AttributeType><IsRequired>true</IsRequired><Value i:type="a:ArrayOfdouble" xmlns:a="http://schemas.microsoft.com/2003/10/Serialization/Arrays"><a:double>0</a:double><a:double>0</a:double><a:double>0</a:double></Value></Attribute></Attributes><ChildElements/><ElementName>origin</ElementName><required>false</required><RPYAttribute z:Ref="i300"/><XYZAttribute z:Ref="i299"/><isCustomized>false</isCustomized></URDFElement><URDFElement z:Id="i301" i:type="Geometry"><Attributes/><ChildElements><URDFElement z:Id="i302" i:type="Mesh"><Attributes><Attribute z:Id="i303"><AttributeType>filename</AttributeType><IsRequired>true</IsRequired><Value i:nil="true"/></Attribute></Attributes><ChildElements/><ElementName>mesh</ElementName><required>false</required><FilenameAttribute z:Ref="i303"/></URDFElement></ChildElements><ElementName>geometry</ElementName><required>true</required><Mesh z:Ref="i302"/></URDFElement></ChildElements><ElementName>collision</ElementName><required>false</required><Geometry z:Ref="i301"/><Origin z:Ref="i298"/></URDFElement><URDFElement z:Id="i304" i:type="Joint"><Attributes><Attribute z:Id="i305"><AttributeType>name</AttributeType><IsRequired>true</IsRequired><Value i:type="a:string" xmlns:a="http://www.w3.org/2001/XMLSchema">joint_front_left</Value></Attribute><Attribute z:Id="i306"><AttributeType>type</AttributeType><IsRequired>true</IsRequired><Value i:type="a:string" xmlns:a="http://www.w3.org/2001/XMLSchema">continuous</Value></Attribute></Attributes><ChildElements><URDFElement z:Id="i307" i:type="Origin"><Attributes><Attribute z:Id="i308"><AttributeType>xyz</AttributeType><IsRequired>true</IsRequired><Value i:type="a:ArrayOfdouble" xmlns:a="http://schemas.microsoft.com/2003/10/Serialization/Arrays"><a:double>0.2515</a:double><a:double>0.30851</a:double><a:double>0.037363</a:double></Value></Attribute><Attribute z:Id="i309"><AttributeType>rpy</AttributeType><IsRequired>true</IsRequired><Value i:type="a:ArrayOfdouble" xmlns:a="http://schemas.microsoft.com/2003/10/Serialization/Arrays"><a:double>0</a:double><a:double>0</a:double><a:double>0</a:double></Value></Attribute></Attributes><ChildElements/><ElementName>origin</ElementName><required>false</required><RPYAttribute z:Ref="i309"/><XYZAttribute z:Ref="i308"/><isCustomized>false</isCustomized></URDFElement><URDFElement z:Id="i310" i:type="ParentLink"><Attributes><Attribute z:Id="i311"><AttributeType>link</AttributeType><IsRequired>true</IsRequired><Value i:type="a:string" xmlns:a="http://www.w3.org/2001/XMLSchema">base_link</Value></Attribute></Attributes><ChildElements/><ElementName>parent</ElementName><required>true</required><NameAttribute z:Ref="i311"/></URDFElement><URDFElement z:Id="i312" i:type="ChildLink"><Attributes><Attribute z:Id="i313"><AttributeType>link</AttributeType><IsRequired>true</IsRequired><Value i:type="a:string" xmlns:a="http://www.w3.org/2001/XMLSchema">link_front_left</Value></Attribute></Attributes><ChildElements/><ElementName>child</ElementName><required>true</required><NameAttribute z:Ref="i313"/></URDFElement><URDFElement z:Id="i314" i:type="Axis"><Attributes><Attribute z:Id="i315"><AttributeType>xyz</AttributeType><IsRequired>true</IsRequired><Value i:type="a:ArrayOfdouble" xmlns:a="http://schemas.microsoft.com/2003/10/Serialization/Arrays"><a:double>0</a:double><a:double>1</a:double><a:double>0</a:double></Value></Attribute></Attributes><ChildElements/><ElementName>axis</ElementName><required>false</required><XYZAttribute z:Ref="i315"/></URDFElement><URDFElement z:Id="i316" i:type="Limit"><Attributes><Attribute z:Id="i317"><AttributeType>lower</AttributeType><IsRequired>false</IsRequired><Value i:nil="true"/></Attribute><Attribute z:Id="i318"><AttributeType>upper</AttributeType><IsRequired>false</IsRequired><Value i:nil="true"/></Attribute><Attribute z:Id="i319"><AttributeType>effort</AttributeType><IsRequired>true</IsRequired><Value i:nil="true"/></Attribute><Attribute z:Id="i320"><AttributeType>velocity</AttributeType><IsRequired>true</IsRequired><Value i:nil="true"/></Attribute></Attributes><ChildElements/><ElementName>limit</ElementName><required>false</required><EffortAttribute z:Ref="i319"/><LowerAttribute z:Ref="i317"/><UpperAttribute z:Ref="i318"/><VelocityAttribute z:Ref="i320"/></URDFElement><URDFElement z:Id="i321" i:type="Calibration"><Attributes><Attribute z:Id="i322"><AttributeType>rising</AttributeType><IsRequired>false</IsRequired><Value i:nil="true"/></Attribute><Attribute z:Id="i323"><AttributeType>falling</AttributeType><IsRequired>false</IsRequired><Value i:nil="true"/></Attribute></Attributes><ChildElements/><ElementName>calibration</ElementName><required>false</required><FallingAttribute z:Ref="i323"/><RisingAttribute z:Ref="i322"/></URDFElement><URDFElement z:Id="i324" i:type="Dynamics"><Attributes><Attribute z:Id="i325"><AttributeType>damping</AttributeType><IsRequired>false</IsRequired><Value i:nil="true"/></Attribute><Attribute z:Id="i326"><AttributeType>friction</AttributeType><IsRequired>false</IsRequired><Value i:nil="true"/></Attribute></Attributes><ChildElements/><ElementName>dynamics</ElementName><required>false</required><DampingAttribute z:Ref="i325"/><FrictionAttribute z:Ref="i326"/></URDFElement><URDFElement z:Id="i327" i:type="SafetyController"><Attributes><Attribute z:Id="i328"><AttributeType>soft_upper_limit</AttributeType><IsRequired>false</IsRequired><Value i:nil="true"/></Attribute><Attribute z:Id="i329"><AttributeType>soft_lower_limit</AttributeType><IsRequired>false</IsRequired><Value i:nil="true"/></Attribute><Attribute z:Id="i330"><AttributeType>k_position</AttributeType><IsRequired>false</IsRequired><Value i:nil="true"/></Attribute><Attribute z:Id="i331"><AttributeType>k_velocity</AttributeType><IsRequired>true</IsRequired><Value i:nil="true"/></Attribute></Attributes><ChildElements/><ElementName>safety_controller</ElementName><required>false</required><KPositionAttribute z:Ref="i330"/><KVelocityAttribute z:Ref="i331"/><SoftLowerAttribute z:Ref="i329"/><SoftUpperAttribute z:Ref="i328"/></URDFElement><URDFElement z:Id="i332" i:type="Mimic"><Attributes><Attribute z:Id="i333"><AttributeType>joint</AttributeType><IsRequired>true</IsRequired><Value i:nil="true"/></Attribute><Attribute z:Id="i334"><AttributeType>multiplier</AttributeType><IsRequired>false</IsRequired><Value i:nil="true"/></Attribute><Attribute z:Id="i335"><AttributeType>offset</AttributeType><IsRequired>false</IsRequired><Value i:nil="true"/></Attribute></Attributes><ChildElements/><ElementName>mimic</ElementName><required>false</required><JointNameAttribute z:Ref="i333"/><MultiplierAttribute z:Ref="i334"/><OffsetAttribute z:Ref="i335"/></URDFElement></ChildElements><ElementName>joint</ElementName><required>false</required><Axis z:Ref="i314"/><AxisName>Axis_WheelFrontLeft</AxisName><Calibration z:Ref="i321"/><Child z:Ref="i312"/><CoordinateSystemName>CoordSys_WheelFrontLeft</CoordinateSystemName><Dynamics z:Ref="i324"/><Limit z:Ref="i316"/><Mimic z:Ref="i332"/><NameAttribute z:Ref="i305"/><Origin z:Ref="i307"/><Parent z:Ref="i310"/><Safety z:Ref="i327"/><TypeAttribute z:Ref="i306"/></URDFElement></ChildElements><ElementName>link</ElementName><required>true</required><Children/><Collision z:Ref="i297"/><Inertial z:Ref="i271"/><Joint z:Ref="i304"/><NameAttribute z:Ref="i270"/><Parent z:Ref="i1"/><STLQualityFine>false</STLQualityFine><SWComponentPIDs xmlns:a="http://schemas.microsoft.com/2003/10/Serialization/Arrays"><a:base64Binary>gD4AAAUAAAD//v83VwBIAEUARQBMAF8AQwBIAFUATgBLAF8AMQAwADAAMABfAFcAQQBUAFQAXwBWAEEAUgBJAEEATgBUAC0ANgBAAFIATwBWAEUAUgBfADEAMAAwADAAXwBXAEEAVABUAF8AVgBBAFIASQBBAE4AVAAEAAAAEAAAAAEAAAABAAAAVRQAAA==</a:base64Binary></SWComponentPIDs><SWMainComponentPID i:nil="true"/><Visual z:Ref="i284"/><isFixedFrame>false</isFixedFrame><isIncomplete>false</isIncomplete></Link></Children><Collision z:Ref="i29"/><Inertial z:Ref="i3"/><Joint z:Ref="i36"/><NameAttribute z:Ref="i2"/><Parent i:nil="true"/><STLQualityFine>false</STLQualityFine><SWComponentPIDs xmlns:a="http://schemas.microsoft.com/2003/10/Serialization/Arrays"><a:base64Binary>gD4AAAUAAAD//v9eQwBPAE0AUABPAE4ARQBOAFQAUwBfAFMAVQBQAFAATwBSAFQALQAxAEAAUgBPAFYARQBSAF8AMQAwADAAMABfAFcAQQBUAFQAXwBWAEEAUgBJAEEATgBUAC8AQQBMAFUATQBJAE4ASQBVAE0AXwBQAFIATwBGAEkATABFAF8AMgAwAHgAMgAwAHgAWABYAG0AbQAtADEAQABDAE8ATQBQAE8ATgBFAE4AVABTAF8AUwBVAFAAUABPAFIAVAAEAAAAEAAAAAEAAAACAAAASRMAABgAAAA=</a:base64Binary><a:base64Binary>gD4AAAUAAAD//v9fQwBPAE0AUABPAE4ARQBOAFQAUwBfAFMAVQBQAFAATwBSAFQALQAxAEAAUgBPAFYARQBSAF8AMQAwADAAMABfAFcAQQBUAFQAXwBWAEEAUgBJAEEATgBUAC8AQQBMAFUATQBJAE4ASQBVAE0AXwBQAFIATwBGAEkATABFAF8AMgAwAHgAMgAwAHgANAA5ADYAbQBtAC0AMQBAAEMATwBNAFAATwBOAEUATgBUAFMAXwBTAFUAUABQAE8AUgBUAAQAAAAQAAAAAQAAAAIAAABJEwAAGQAAAA==</a:base64Binary><a:base64Binary>gD4AAAUAAAD//v9fQwBPAE0AUABPAE4ARQBOAFQAUwBfAFMAVQBQAFAATwBSAFQALQAyAEAAUgBPAFYARQBSAF8AMQAwADAAMABfAFcAQQBUAFQAXwBWAEEAUgBJAEEATgBUAC8AQQBMAFUATQBJAE4ASQBVAE0AXwBQAFIATwBGAEkATABFAF8AMgAwAHgAMgAwAHgANAA5ADYAbQBtAC0AMQBAAEMATwBNAFAATwBOAEUATgBUAFMAXwBTAFUAUABQAE8AUgBUAAQAAAAQAAAAAQAAAAIAAABNEwAAGQAAAA==</a:base64Binary><a:base64Binary>gD4AAAUAAAD//v9eQwBPAE0AUABPAE4ARQBOAFQAUwBfAFMAVQBQAFAATwBSAFQALQAxAEAAUgBPAFYARQBSAF8AMQAwADAAMABfAFcAQQBUAFQAXwBWAEEAUgBJAEEATgBUAC8AQQBMAFUATQBJAE4ASQBVAE0AXwBQAFIATwBGAEkATABFAF8AMgAwAHgAMgAwAHgAWABYAG0AbQAtADIAQABDAE8ATQBQAE8ATgBFAE4AVABTAF8AUwBVAFAAUABPAFIAVAAEAAAAEAAAAAEAAAACAAAASRMAAB0AAAA=</a:base64Binary><a:base64Binary>gD4AAAUAAAD//v9eQwBPAE0AUABPAE4ARQBOAFQAUwBfAFMAVQBQAFAATwBSAFQALQAyAEAAUgBPAFYARQBSAF8AMQAwADAAMABfAFcAQQBUAFQAXwBWAEEAUgBJAEEATgBUAC8AQQBMAFUATQBJAE4ASQBVAE0AXwBQAFIATwBGAEkATABFAF8AMgAwAHgAMgAwAHgAWABYAG0AbQAtADIAQABDAE8ATQBQAE8ATgBFAE4AVABTAF8AUwBVAFAAUABPAFIAVAAEAAAAEAAAAAEAAAACAAAATRMAAB0AAAA=</a:base64Binary><a:base64Binary>gD4AAAUAAAD//v9eQwBPAE0AUABPAE4ARQBOAFQAUwBfAFMAVQBQAFAATwBSAFQALQAyAEAAUgBPAFYARQBSAF8AMQAwADAAMABfAFcAQQBUAFQAXwBWAEEAUgBJAEEATgBUAC8AQQBMAFUATQBJAE4ASQBVAE0AXwBQAFIATwBGAEkATABFAF8AMgAwAHgAMgAwAHgAWABYAG0AbQAtADEAQABDAE8ATQBQAE8ATgBFAE4AVABTAF8AUwBVAFAAUABPAFIAVAAEAAAAEAAAAAEAAAACAAAATRMAABgAAAA=</a:base64Binary><a:base64Binary>gD4AAAUAAAD//v8lVABTAGgAYQBwAGUAXwAyADAAMgAwAC0AMgBAAFIATwBWAEUAUgBfADEAMAAwADAAXwBXAEEAVABUAF8AVgBBAFIASQBBAE4AVAAEAAAAEAAAAAEAAAABAAAAyhMAAA==</a:base64Binary><a:base64Binary>gD4AAAUAAAD//v8lVABTAGgAYQBwAGUAXwAyADAAMgAwAC0ANABAAFIATwBWAEUAUgBfADEAMAAwADAAXwBXAEEAVABUAF8AVgBBAFIASQBBAE4AVAAEAAAAEAAAAAEAAAABAAAA1xMAAA==</a:base64Binary><a:base64Binary>gD4AAAUAAAD//v82QQBMAFUATQBJAE4ASQBVAE0AXwBQAFIATwBGAEkATABFAF8AMgAwAHgAMgAwAHgAMQAwAG0AbQAtADEAQABSAE8AVgBFAFIAXwAxADAAMAAwAF8AVwBBAFQAVABfAFYAQQBSAEkAQQBOAFQABAAAABAAAAABAAAAAQAAAFMTAAA=</a:base64Binary><a:base64Binary>gD4AAAUAAAD//v82QQBMAFUATQBJAE4ASQBVAE0AXwBQAFIATwBGAEkATABFAF8AMgAwAHgAMgAwAHgAMQAwAG0AbQAtADIAQABSAE8AVgBFAFIAXwAxADAAMAAwAF8AVwBBAFQAVABfAFYAQQBSAEkAQQBOAFQABAAAABAAAAABAAAAAQAAAFsTAAA=</a:base64Binary><a:base64Binary>gD4AAAUAAAD//v8mTQBBAEkATgBfAFMAVQBQAFAATwBSAFQALQAxAEAAUgBPAFYARQBSAF8AMQAwADAAMABfAFcAQQBUAFQAXwBWAEEAUgBJAEEATgBUAAQAAAAQAAAAAQAAAAEAAAA7EwAA</a:base64Binary><a:base64Binary>gD4AAAUAAAD//v8lVABTAGgAYQBwAGUAXwAyADAAMgAwAC0AMQBAAFIATwBWAEUAUgBfADEAMAAwADAAXwBXAEEAVABUAF8AVgBBAFIASQBBAE4AVAAEAAAAEAAAAAEAAAABAAAAwxMAAA==</a:base64Binary><a:base64Binary>gD4AAAUAAAD//v8lVABTAGgAYQBwAGUAXwAyADAAMgAwAC0AMwBAAFIATwBWAEUAUgBfADEAMAAwADAAXwBXAEEAVABUAF8AVgBBAFIASQBBAE4AVAAEAAAAEAAAAAEAAAABAAAA0xMAAA==</a:base64Binary><a:base64Binary>gD4AAAUAAAD//v8oSABlAHgAIABiAG8AbAB0ACAATQA4AHgANAAwAC0ANABAAFIATwBWAEUAUgBfADEAMAAwADAAXwBXAEEAVABUAF8AVgBBAFIASQBBAE4AVAAEAAAAEAAAAAEAAAABAAAAqBMAAA==</a:base64Binary><a:base64Binary>gD4AAAUAAAD//v81QQBMAFUATQBJAE4ASQBVAE0AXwBQAFIATwBGAEkATABFAF8AMgAwAHgAMgAwAHgANAA1ADAALQAyAEAAUgBPAFYARQBSAF8AMQAwADAAMABfAFcAQQBUAFQAXwBWAEEAUgBJAEEATgBUAAQAAAAQAAAAAQAAAAEAAABCCwAA</a:base64Binary><a:base64Binary>gD4AAAUAAAD//v8oSABlAHgAIABiAG8AbAB0ACAATQA4AHgANAAwAC0AMQBAAFIATwBWAEUAUgBfADEAMAAwADAAXwBXAEEAVABUAF8AVgBBAFIASQBBAE4AVAAEAAAAEAAAAAEAAAABAAAAlBMAAA==</a:base64Binary><a:base64Binary>gD4AAAUAAAD//v8hWABCADcATgBHADIAMQAtADEAQABSAE8AVgBFAFIAXwAxADAAMAAwAF8AVwBBAFQAVABfAFYAQQBSAEkAQQBOAFQABAAAABAAAAABAAAAAQAAAHgUAAA=</a:base64Binary><a:base64Binary>gD4AAAUAAAD//v8oRABJAE4AXwBSAEEASQBMAF8AMgA0ADAAbQBtAC0AMQBAAFIATwBWAEUAUgBfADEAMAAwADAAXwBXAEEAVABUAF8AVgBBAFIASQBBAE4AVAAEAAAAEAAAAAEAAAABAAAAKhQAAA==</a:base64Binary><a:base64Binary>gD4AAAUAAAD//v81QQBMAFUATQBJAE4ASQBVAE0AXwBQAFIATwBGAEkATABFAF8AMgAwAHgAMgAwAHgANAA1ADAALQA0AEAAUgBPAFYARQBSAF8AMQAwADAAMABfAFcAQQBUAFQAXwBWAEEAUgBJAEEATgBUAAQAAAAQAAAAAQAAAAEAAACCEwAA</a:base64Binary><a:base64Binary>gD4AAAUAAAD//v8oSABlAHgAIABiAG8AbAB0ACAATQA4AHgANAAwAC0AMgBAAFIATwBWAEUAUgBfADEAMAAwADAAXwBXAEEAVABUAF8AVgBBAFIASQBBAE4AVAAEAAAAEAAAAAEAAAABAAAAnRMAAA==</a:base64Binary><a:base64Binary>gD4AAAUAAAD//v8gUwBXAEkAVABDAEgALQAxAEAAUgBPAFYARQBSAF8AMQAwADAAMABfAFcAQQBUAFQAXwBWAEEAUgBJAEEATgBUAAQAAAAQAAAAAQAAAAEAAAAtFAAA</a:base64Binary><a:base64Binary>gD4AAAUAAAD//v8mTQBPAFQATwBSAF8ARABSAEkAVgBFAFIALQA0AEAAUgBPAFYARQBSAF8AMQAwADAAMABfAFcAQQBUAFQAXwBWAEEAUgBJAEEATgBUAAQAAAAQAAAAAQAAAAEAAAAcEwAA</a:base64Binary><a:base64Binary>gD4AAAUAAAD//v8kTABFAEQAXwBTAFkAUwBUAEUATQAtADIAQABSAE8AVgBFAFIAXwAxADAAMAAwAF8AVwBBAFQAVABfAFYAQQBSAEkAQQBOAFQABAAAABAAAAABAAAAAQAAAPsSAAA=</a:base64Binary><a:base64Binary>gD4AAAUAAAD//v8kTABFAEQAXwBTAFkAUwBUAEUATQAtADEAQABSAE8AVgBFAFIAXwAxADAAMAAwAF8AVwBBAFQAVABfAFYAQQBSAEkAQQBOAFQABAAAABAAAAABAAAAAQAAAO4SAAA=</a:base64Binary><a:base64Binary>gD4AAAUAAAD//v8oSABlAHgAIABiAG8AbAB0ACAATQA4AHgANAAwAC0AMwBAAFIATwBWAEUAUgBfADEAMAAwADAAXwBXAEEAVABUAF8AVgBBAFIASQBBAE4AVAAEAAAAEAAAAAEAAAABAAAAoxMAAA==</a:base64Binary><a:base64Binary>gD4AAAUAAAD//v8iWABCADcATgBUADgANAA1AC0AMQBAAFIATwBWAEUAUgBfADEAMAAwADAAXwBXAEEAVABUAF8AVgBBAFIASQBBAE4AVAAEAAAAEAAAAAEAAAABAAAAbhQAAA==</a:base64Binary><a:base64Binary>gD4AAAUAAAD//v8mTQBPAFQATwBSAF8ARABSAEkAVgBFAFIALQAyAEAAUgBPAFYARQBSAF8AMQAwADAAMABfAFcAQQBUAFQAXwBWAEEAUgBJAEEATgBUAAQAAAAQAAAAAQAAAAEAAAAPEwAA</a:base64Binary><a:base64Binary>gD4AAAUAAAD//v8mTQBPAFQATwBSAF8ARABSAEkAVgBFAFIALQAxAEAAUgBPAFYARQBSAF8AMQAwADAAMABfAFcAQQBUAFQAXwBWAEEAUgBJAEEATgBUAAQAAAAQAAAAAQAAAAEAAAALEwAA</a:base64Binary><a:base64Binary>gD4AAAUAAAD//v8fUgBFAEwAQQBZAC0ANQBAAFIATwBWAEUAUgBfADEAMAAwADAAXwBXAEEAVABUAF8AVgBBAFIASQBBAE4AVAAEAAAAEAAAAAEAAAABAAAAsRIAAA==</a:base64Binary><a:base64Binary>gD4AAAUAAAD//v8fUgBFAEwAQQBZAC0ANABAAFIATwBWAEUAUgBfADEAMAAwADAAXwBXAEEAVABUAF8AVgBBAFIASQBBAE4AVAAEAAAAEAAAAAEAAAABAAAArhIAAA==</a:base64Binary><a:base64Binary>gD4AAAUAAAD//v8fUgBFAEwAQQBZAC0AMQBAAFIATwBWAEUAUgBfADEAMAAwADAAXwBXAEEAVABUAF8AVgBBAFIASQBBAE4AVAAEAAAAEAAAAAEAAAABAAAApBIAAA==</a:base64Binary><a:base64Binary>gD4AAAUAAAD//v8nUwBXAEkAVABDAEgAXwBSAFUAQgBCAEUAUgAtADEAQABSAE8AVgBFAFIAXwAxADAAMAAwAF8AVwBBAFQAVABfAFYAQQBSAEkAQQBOAFQABAAAABAAAAABAAAAAQAAABoSAAA=</a:base64Binary><a:base64Binary>gD4AAAUAAAD//v8yVQBTAEUAUgBfAFMAUABBAEMARQBfAEIATwBUAFQATwBNAF8AMgBtAG0AXwBBAEwALQAxAEAAUgBPAFYARQBSAF8AMQAwADAAMABfAFcAQQBUAFQAXwBWAEEAUgBJAEEATgBUAAQAAAAQAAAAAQAAAAEAAABEFAAA</a:base64Binary><a:base64Binary>gD4AAAUAAAD//v8fUgBFAEwAQQBZAC0AMgBAAFIATwBWAEUAUgBfADEAMAAwADAAXwBXAEEAVABUAF8AVgBBAFIASQBBAE4AVAAEAAAAEAAAAAEAAAABAAAApxIAAA==</a:base64Binary><a:base64Binary>gD4AAAUAAAD//v8mTQBPAFQATwBSAF8ARABSAEkAVgBFAFIALQAzAEAAUgBPAFYARQBSAF8AMQAwADAAMABfAFcAQQBUAFQAXwBWAEEAUgBJAEEATgBUAAQAAAAQAAAAAQAAAAEAAAAYEwAA</a:base64Binary><a:base64Binary>gD4AAAUAAAD//v8sUgBFAEEAUgBfADMAbQBtAF8AQQBMAF8AQgBPAFQAVABPAE0ALQAxAEAAUgBPAFYARQBSAF8AMQAwADAAMABfAFcAQQBUAFQAXwBWAEEAUgBJAEEATgBUAAQAAAAQAAAAAQAAAAEAAAAzEwAA</a:base64Binary><a:base64Binary>gD4AAAUAAAD//v83QgBBAFQAVABFAFIAWQBfAEgATwBMAEQARQBSAF8AUABMAEUAWABJAEcATABBAFMAUwBfADUAbQBtAC0AMQBAAFIATwBWAEUAUgBfADEAMAAwADAAXwBXAEEAVABUAF8AVgBBAFIASQBBAE4AVAAEAAAAEAAAAAEAAAABAAAA2RIAAA==</a:base64Binary><a:base64Binary>gD4AAAUAAAD//v8oTABBAFQARQBSAEEATABfADQAbQBtAF8AQQBMAC0AMgBAAFIATwBWAEUAUgBfADEAMAAwADAAXwBXAEEAVABUAF8AVgBBAFIASQBBAE4AVAAEAAAAEAAAAAEAAAABAAAA/BEAAA==</a:base64Binary><a:base64Binary>gD4AAAUAAAD//v8oTABBAFQARQBSAEEATABfADQAbQBtAF8AQQBMAC0AMQBAAFIATwBWAEUAUgBfADEAMAAwADAAXwBXAEEAVABUAF8AVgBBAFIASQBBAE4AVAAEAAAAEAAAAAEAAAABAAAA7xEAAA==</a:base64Binary><a:base64Binary>gD4AAAUAAAD//v8sQgBPAFQAVABPAE0AXwBSAEUAQQBSAF8AMgBtAG0AXwBBAEwALQAxAEAAUgBPAFYARQBSAF8AMQAwADAAMABfAFcAQQBUAFQAXwBWAEEAUgBJAEEATgBUAAQAAAAQAAAAAQAAAAEAAADYCQAA</a:base64Binary><a:base64Binary>gD4AAAUAAAD//v8/UwBVAFAAUABPAFIAVABfAEMASABVAE4ASwBfADEAMAAwADAAXwBXAEEAVABUAF8AVgBBAFIASQBBAE4AVABfAEYAUgBPAE4AVAAtADEAQABSAE8AVgBFAFIAXwAxADAAMAAwAF8AVwBBAFQAVABfAFYAQQBSAEkAQQBOAFQABAAAABAAAAABAAAAAQAAAF8JAAA=</a:base64Binary><a:base64Binary>gD4AAAUAAAD//v8lTQBPAFQATwBSAF8AQwBIAFUATgBLAC0AMwBAAFIATwBWAEUAUgBfADEAMAAwADAAXwBXAEEAVABUAF8AVgBBAFIASQBBAE4AVAAEAAAAEAAAAAEAAAABAAAAjQgAAA==</a:base64Binary><a:base64Binary>gD4AAAUAAAD//v8+UwBVAFAAUABPAFIAVABfAEMASABVAE4ASwBfADEAMAAwADAAXwBXAEEAVABUAF8AVgBBAFIASQBBAE4AVABfAEIAQQBDAEsALQAxAEAAUgBPAFYARQBSAF8AMQAwADAAMABfAFcAQQBUAFQAXwBWAEEAUgBJAEEATgBUAAQAAAAQAAAAAQAAAAEAAABjCQAA</a:base64Binary><a:base64Binary>gD4AAAUAAAD//v8lTQBPAFQATwBSAF8AQwBIAFUATgBLAC0ANABAAFIATwBWAEUAUgBfADEAMAAwADAAXwBXAEEAVABUAF8AVgBBAFIASQBBAE4AVAAEAAAAEAAAAAEAAAABAAAAmQgAAA==</a:base64Binary><a:base64Binary>gD4AAAUAAAD//v87QgBPAFQAVABPAE0AXwBCAEEAUwBFAF8ANwAwADAAeAA0ADUAMAB4ADUAbQBtAF8AMQAwADAAMABfAFcAQQBUAFQALQAxAEAAUgBPAFYARQBSAF8AMQAwADAAMABfAFcAQQBUAFQAXwBWAEEAUgBJAEEATgBUAAQAAAAQAAAAAQAAAAEAAAAYAAAA</a:base64Binary><a:base64Binary>gD4AAAUAAAD//v8lTQBPAFQATwBSAF8AQwBIAFUATgBLAC0ANgBAAFIATwBWAEUAUgBfADEAMAAwADAAXwBXAEEAVABUAF8AVgBBAFIASQBBAE4AVAAEAAAAEAAAAAEAAAABAAAAqwgAAA==</a:base64Binary><a:base64Binary>gD4AAAUAAAD//v83QQBMAFUATQBJAE4ASQBVAE0AXwBQAFIATwBGAEkATABFAF8AMgAwAHgAMgAwAHgAMQA3ADYAbQBtAC0AMwBAAFIATwBWAEUAUgBfADEAMAAwADAAXwBXAEEAVABUAF8AVgBBAFIASQBBAE4AVAAEAAAAEAAAAAEAAAABAAAAlREAAA==</a:base64Binary><a:base64Binary>gD4AAAUAAAD//v83QQBMAFUATQBJAE4ASQBVAE0AXwBQAFIATwBGAEkATABFAF8AMgAwAHgAMgAwAHgAMQA3ADYAbQBtAC0ANABAAFIATwBWAEUAUgBfADEAMAAwADAAXwBXAEEAVABUAF8AVgBBAFIASQBBAE4AVAAEAAAAEAAAAAEAAAABAAAAmxEAAA==</a:base64Binary><a:base64Binary>gD4AAAUAAAD//v8mRgBSAE8ATgBUAF8AMwBtAG0AXwBBAEwALQAyAEAAUgBPAFYARQBSAF8AMQAwADAAMABfAFcAQQBUAFQAXwBWAEEAUgBJAEEATgBUAAQAAAAQAAAAAQAAAAEAAAByCQAA</a:base64Binary><a:base64Binary>gD4AAAUAAAD//v8lTQBPAFQATwBSAF8AQwBIAFUATgBLAC0ANQBAAFIATwBWAEUAUgBfADEAMAAwADAAXwBXAEEAVABUAF8AVgBBAFIASQBBAE4AVAAEAAAAEAAAAAEAAAABAAAApQgAAA==</a:base64Binary><a:base64Binary>gD4AAAUAAAD//v9jVQBTAEUAUgBfAFMAUABBAFMARQBfAEYAUgBPAE4AVABfADYAMABYAFQALQBGAC0AMQBAAFIATwBWAEUAUgBfADEAMAAwADAAXwBXAEEAVABUAF8AVgBBAFIASQBBAE4AVAAvAFUAUwBFAFIAXwBTAFAAQQBDAEUAXwBGAFIATwBOAFQAXwAyAG0AbQBfAEEATAAtADEAQABVAFMARQBSAF8AUwBQAEEAUwBFAF8ARgBSAE8ATgBUAF8ANgAwAFgAVAAtAEYABAAAABAAAAABAAAAAgAAAJYUAAAYAAAA</a:base64Binary><a:base64Binary>gD4AAAUAAAD//v9gVQBTAEUAUgBfAFMAUABBAFMARQBfAFIARQBBAFIAXwA2ADAAWABUAC0ARgAtADEAQABSAE8AVgBFAFIAXwAxADAAMAAwAF8AVwBBAFQAVABfAFYAQQBSAEkAQQBOAFQALwBVAFMARQBSAF8AUwBQAEEAQwBFAF8AQgBBAEMASwBfADIAbQBtAF8AQQBMAC0AMQBAAFUAUwBFAFIAXwBTAFAAQQBTAEUAXwBSAEUAQQBSAF8ANgAwAFgAVAAtAEYABAAAABAAAAABAAAAAgAAAJIUAAAYAAAA</a:base64Binary><a:base64Binary>gD4AAAUAAAD//v8pUgBFAEEAUgBfADMAbQBtAF8AQQBMAF8AVABPAFAALQAxAEAAUgBPAFYARQBSAF8AMQAwADAAMABfAFcAQQBUAFQAXwBWAEEAUgBJAEEATgBUAAQAAAAQAAAAAQAAAAEAAAAnEwAA</a:base64Binary><a:base64Binary>gD4AAAUAAAD//v9QVQBTAEUAUgBfAFMAUABBAFMARQBfAFIARQBBAFIAXwA2ADAAWABUAC0ARgAtADEAQABSAE8AVgBFAFIAXwAxADAAMAAwAF8AVwBBAFQAVABfAFYAQQBSAEkAQQBOAFQALwBYAFQANgAwAC0ARgAtADMAQABVAFMARQBSAF8AUwBQAEEAUwBFAF8AUgBFAEEAUgBfADYAMABYAFQALQBGAAQAAAAQAAAAAQAAAAIAAACSFAAATgAAAA==</a:base64Binary><a:base64Binary>gD4AAAUAAAD//v9hVQBTAEUAUgBfAFMAUABBAFMARQBfAFIARQBBAFIAXwA2ADAAWABUAC0ARgAtADEAQABSAE8AVgBFAFIAXwAxADAAMAAwAF8AVwBBAFQAVABfAFYAQQBSAEkAQQBOAFQALwBUAEUAUgBNAEkATgBBAEwAXwAzAC4AOAAxAF8AMQAyAFAAXwBGAFIAQQBNAEUALQAxAEAAVQBTAEUAUgBfAFMAUABBAFMARQBfAFIARQBBAFIAXwA2ADAAWABUAC0ARgAEAAAAEAAAAAEAAAACAAAAkhQAACcAAAA=</a:base64Binary><a:base64Binary>gD4AAAUAAAD//v9iVQBTAEUAUgBfAFMAUABBAFMARQBfAFIARQBBAFIAXwA2ADAAWABUAC0ARgAtADEAQABSAE8AVgBFAFIAXwAxADAAMAAwAF8AVwBBAFQAVABfAFYAQQBSAEkAQQBOAFQALwBUAEUAUgBNAEkATgBBAEwAXwAzAC4AOAAxAF8AMQAyAFAAXwBTAE8AQwBLAEUAVAAtADEAQABVAFMARQBSAF8AUwBQAEEAUwBFAF8AUgBFAEEAUgBfADYAMABYAFQALQBGAAQAAAAQAAAAAQAAAAIAAACSFAAAKAAAAA==</a:base64Binary><a:base64Binary>gD4AAAUAAAD//v9hVQBTAEUAUgBfAFMAUABBAFMARQBfAFIARQBBAFIAXwA2ADAAWABUAC0ARgAtADEAQABSAE8AVgBFAFIAXwAxADAAMAAwAF8AVwBBAFQAVABfAFYAQQBSAEkAQQBOAFQALwBUAEUAUgBNAEkATgBBAEwAXwAzAC4AOAAxAF8AMAA2AFAAXwBGAFIAQQBNAEUALQAxAEAAVQBTAEUAUgBfAFMAUABBAFMARQBfAFIARQBBAFIAXwA2ADAAWABUAC0ARgAEAAAAEAAAAAEAAAACAAAAkhQAABkAAAA=</a:base64Binary><a:base64Binary>gD4AAAUAAAD//v9iVQBTAEUAUgBfAFMAUABBAFMARQBfAFIARQBBAFIAXwA2ADAAWABUAC0ARgAtADEAQABSAE8AVgBFAFIAXwAxADAAMAAwAF8AVwBBAFQAVABfAFYAQQBSAEkAQQBOAFQALwBUAEUAUgBNAEkATgBBAEwAXwAzAC4AOAAxAF8AMAA2AFAAXwBTAE8AQwBLAEUAVAAtADEAQABVAFMARQBSAF8AUwBQAEEAUwBFAF8AUgBFAEEAUgBfADYAMABYAFQALQBGAAQAAAAQAAAAAQAAAAIAAACSFAAAGgAAAA==</a:base64Binary><a:base64Binary>gD4AAAUAAAD//v9QVQBTAEUAUgBfAFMAUABBAFMARQBfAFIARQBBAFIAXwA2ADAAWABUAC0ARgAtADEAQABSAE8AVgBFAFIAXwAxADAAMAAwAF8AVwBBAFQAVABfAFYAQQBSAEkAQQBOAFQALwBYAFQANgAwAC0ARgAtADEAQABVAFMARQBSAF8AUwBQAEEAUwBFAF8AUgBFAEEAUgBfADYAMABYAFQALQBGAAQAAAAQAAAAAQAAAAIAAACSFAAAOwAAAA==</a:base64Binary><a:base64Binary>gD4AAAUAAAD//v9SVQBTAEUAUgBfAFMAUABBAFMARQBfAEYAUgBPAE4AVABfADYAMABYAFQALQBGAC0AMQBAAFIATwBWAEUAUgBfADEAMAAwADAAXwBXAEEAVABUAF8AVgBBAFIASQBBAE4AVAAvAFgAVAA2ADAALQBGAC0AMwBAAFUAUwBFAFIAXwBTAFAAQQBTAEUAXwBGAFIATwBOAFQAXwA2ADAAWABUAC0ARgAEAAAAEAAAAAEAAAACAAAAlhQAACIAAAA=</a:base64Binary><a:base64Binary>gD4AAAUAAAD//v9SVQBTAEUAUgBfAFMAUABBAFMARQBfAEYAUgBPAE4AVABfADYAMABYAFQALQBGAC0AMQBAAFIATwBWAEUAUgBfADEAMAAwADAAXwBXAEEAVABUAF8AVgBBAFIASQBBAE4AVAAvAFgAVAA2ADAALQBGAC0AMgBAAFUAUwBFAFIAXwBTAFAAQQBTAEUAXwBGAFIATwBOAFQAXwA2ADAAWABUAC0ARgAEAAAAEAAAAAEAAAACAAAAlhQAACAAAAA=</a:base64Binary><a:base64Binary>gD4AAAUAAAD//v9SVQBTAEUAUgBfAFMAUABBAFMARQBfAEYAUgBPAE4AVABfADYAMABYAFQALQBGAC0AMQBAAFIATwBWAEUAUgBfADEAMAAwADAAXwBXAEEAVABUAF8AVgBBAFIASQBBAE4AVAAvAFgAVAA2ADAALQBGAC0AMQBAAFUAUwBFAFIAXwBTAFAAQQBTAEUAXwBGAFIATwBOAFQAXwA2ADAAWABUAC0ARgAEAAAAEAAAAAEAAAACAAAAlhQAABwAAAA=</a:base64Binary><a:base64Binary>gD4AAAUAAAD//v9eQgBBAFQAVABFAFIAWQBfAEgATwBMAEQARQBSAF8AUABMAEUAWABJAEcATABBAFMAUwBfADUAbQBtAC0AMQBAAFIATwBWAEUAUgBfADEAMAAwADAAXwBXAEEAVABUAF8AVgBBAFIASQBBAE4AVAAvAFgAVAA2ADAALQBGAC0ANABAAEIAQQBUAFQARQBSAFkAXwBIAE8ATABEAEUAUgBfAFAATABFAFgASQBHAEwAQQBTAFMAXwA1AG0AbQAEAAAAEAAAAAEAAAACAAAA2RIAAGQAAAA=</a:base64Binary><a:base64Binary>gD4AAAUAAAD//v8tQgBPAFQAVABPAE0AXwBGAFIATwBOAFQAXwAyAG0AbQBfAEEATAAtADEAQABSAE8AVgBFAFIAXwAxADAAMAAwAF8AVwBBAFQAVABfAFYAQQBSAEkAQQBOAFQABAAAABAAAAABAAAAAQAAAOAJAAA=</a:base64Binary><a:base64Binary>gD4AAAUAAAD//v9SVQBTAEUAUgBfAFMAUABBAFMARQBfAEYAUgBPAE4AVABfADYAMABYAFQALQBGAC0AMQBAAFIATwBWAEUAUgBfADEAMAAwADAAXwBXAEEAVABUAF8AVgBBAFIASQBBAE4AVAAvAFgAVAA2ADAALQBGAC0ANABAAFUAUwBFAFIAXwBTAFAAQQBTAEUAXwBGAFIATwBOAFQAXwA2ADAAWABUAC0ARgAEAAAAEAAAAAEAAAACAAAAlhQAACsAAAA=</a:base64Binary><a:base64Binary>gD4AAAUAAAD//v8wVQBTAEUAUgBfAFMAUABBAFMARQBfAFIARQBBAFIAXwA2ADAAWABUAC0ARgAtADEAQABSAE8AVgBFAFIAXwAxADAAMAAwAF8AVwBBAFQAVABfAFYAQQBSAEkAQQBOAFQABAAAABAAAAABAAAAAQAAAJIUAAA=</a:base64Binary><a:base64Binary>gD4AAAUAAAD//v8xVQBTAEUAUgBfAFMAUABBAFMARQBfAEYAUgBPAE4AVABfADYAMABYAFQALQBGAC0AMQBAAFIATwBWAEUAUgBfADEAMAAwADAAXwBXAEEAVABUAF8AVgBBAFIASQBBAE4AVAAEAAAAEAAAAAEAAAABAAAAlhQAAA==</a:base64Binary><a:base64Binary>gD4AAAUAAAD//v8vQwBNADUAXwBEAFUAQQBMAF8ARQBUAEgAXwA0AEcANQBHAF8AQgBPAFgALQAxAEAAUgBPAFYARQBSAF8AMQAwADAAMABfAFcAQQBUAFQAXwBWAEEAUgBJAEEATgBUAAQAAAAQAAAAAQAAAAEAAACaFAAA</a:base64Binary><a:base64Binary>gD4AAAUAAAD//v8sQwBPAE0AUABPAE4ARQBOAFQAUwBfAFMAVQBQAFAATwBSAFQALQAxAEAAUgBPAFYARQBSAF8AMQAwADAAMABfAFcAQQBUAFQAXwBWAEEAUgBJAEEATgBUAAQAAAAQAAAAAQAAAAEAAABJEwAA</a:base64Binary><a:base64Binary>gD4AAAUAAAD//v8sQwBPAE0AUABPAE4ARQBOAFQAUwBfAFMAVQBQAFAATwBSAFQALQAyAEAAUgBPAFYARQBSAF8AMQAwADAAMABfAFcAQQBUAFQAXwBWAEEAUgBJAEEATgBUAAQAAAAQAAAAAQAAAAEAAABNEwAA</a:base64Binary></SWComponentPIDs><SWMainComponentPID i:nil="true"/><Visual z:Ref="i16"/><isFixedFrame>false</isFixedFrame><isIncomplete>false</isIncomplete></Link>
2026-10-08 12:34:57,910 INFO  LinkNode.cs: 35 - Building node base_link
2026-10-08 12:34:57,910 INFO  LinkNode.cs: 35 - Building node link_back_left
2026-10-08 12:34:57,910 INFO  LinkNode.cs: 35 - Building node link_back_right
2026-10-08 12:34:57,910 INFO  LinkNode.cs: 35 - Building node link_front_right
2026-10-08 12:34:57,910 INFO  LinkNode.cs: 35 - Building node link_front_left
2026-10-08 12:34:57,911 INFO  CommonSwOperations.cs: 221 - Loading SolidWorks components for base_link from D:\02 MA\01 Projects\Rover_A1\rover_a1_model\02_Impl\02_Source\Assembly\ROVER_1000_WATT_VARIANT.SLDASM
2026-10-08 12:34:57,911 INFO  CommonSwOperations.cs: 245 - Loading component with PID ?>     ???^C O M P O N E N T S _ S U P P O R T - 1 @ R O V E R _ 1 0 0 0 _ W A T T _ V A R I A N T / A L U M I N I U M _ P R O F I L E _ 2 0 x 2 0 x X X m m - 1 @ C O M P O N E N T S _ S U P P O R T             I     
2026-10-08 12:34:57,911 INFO  CommonSwOperations.cs: 254 - Successfully loaded component D:\02 MA\01 Projects\Rover_A1\rover_a1_model\02_Impl\02_Source\Components\Components_NoProd\Profiles\ALUMINIUM_PROFILE_20x20xXXmm.SLDPRT
2026-10-08 12:34:57,911 INFO  CommonSwOperations.cs: 245 - Loading component with PID ?>     ???_C O M P O N E N T S _ S U P P O R T - 1 @ R O V E R _ 1 0 0 0 _ W A T T _ V A R I A N T / A L U M I N I U M _ P R O F I L E _ 2 0 x 2 0 x 4 9 6 m m - 1 @ C O M P O N E N T S _ S U P P O R T             I     
2026-10-08 12:34:57,912 INFO  CommonSwOperations.cs: 254 - Successfully loaded component D:\02 MA\01 Projects\Rover_A1\rover_a1_model\02_Impl\02_Source\Components\Components_NoProd\Profiles\ALUMINIUM_PROFILE_20x20x496mm.SLDPRT
2026-10-08 12:34:57,912 INFO  CommonSwOperations.cs: 245 - Loading component with PID ?>     ???_C O M P O N E N T S _ S U P P O R T - 2 @ R O V E R _ 1 0 0 0 _ W A T T _ V A R I A N T / A L U M I N I U M _ P R O F I L E _ 2 0 x 2 0 x 4 9 6 m m - 1 @ C O M P O N E N T S _ S U P P O R T             M     
2026-10-08 12:34:57,912 INFO  CommonSwOperations.cs: 254 - Successfully loaded component D:\02 MA\01 Projects\Rover_A1\rover_a1_model\02_Impl\02_Source\Components\Components_NoProd\Profiles\ALUMINIUM_PROFILE_20x20x496mm.SLDPRT
2026-10-08 12:34:57,912 INFO  CommonSwOperations.cs: 245 - Loading component with PID ?>     ???^C O M P O N E N T S _ S U P P O R T - 1 @ R O V E R _ 1 0 0 0 _ W A T T _ V A R I A N T / A L U M I N I U M _ P R O F I L E _ 2 0 x 2 0 x X X m m - 2 @ C O M P O N E N T S _ S U P P O R T             I     
2026-10-08 12:34:57,912 INFO  CommonSwOperations.cs: 254 - Successfully loaded component D:\02 MA\01 Projects\Rover_A1\rover_a1_model\02_Impl\02_Source\Components\Components_NoProd\Profiles\ALUMINIUM_PROFILE_20x20xXXmm.SLDPRT
2026-10-08 12:34:57,912 INFO  CommonSwOperations.cs: 245 - Loading component with PID ?>     ???^C O M P O N E N T S _ S U P P O R T - 2 @ R O V E R _ 1 0 0 0 _ W A T T _ V A R I A N T / A L U M I N I U M _ P R O F I L E _ 2 0 x 2 0 x X X m m - 2 @ C O M P O N E N T S _ S U P P O R T             M     
2026-10-08 12:34:57,913 INFO  CommonSwOperations.cs: 254 - Successfully loaded component D:\02 MA\01 Projects\Rover_A1\rover_a1_model\02_Impl\02_Source\Components\Components_NoProd\Profiles\ALUMINIUM_PROFILE_20x20xXXmm.SLDPRT
2026-10-08 12:34:57,913 INFO  CommonSwOperations.cs: 245 - Loading component with PID ?>     ???^C O M P O N E N T S _ S U P P O R T - 2 @ R O V E R _ 1 0 0 0 _ W A T T _ V A R I A N T / A L U M I N I U M _ P R O F I L E _ 2 0 x 2 0 x X X m m - 1 @ C O M P O N E N T S _ S U P P O R T             M     
2026-10-08 12:34:57,913 INFO  CommonSwOperations.cs: 254 - Successfully loaded component D:\02 MA\01 Projects\Rover_A1\rover_a1_model\02_Impl\02_Source\Components\Components_NoProd\Profiles\ALUMINIUM_PROFILE_20x20xXXmm.SLDPRT
2026-10-08 12:34:57,913 INFO  CommonSwOperations.cs: 245 - Loading component with PID ?>     ???%T S h a p e _ 2 0 2 0 - 2 @ R O V E R _ 1 0 0 0 _ W A T T _ V A R I A N T             ?  
2026-10-08 12:34:57,913 INFO  CommonSwOperations.cs: 254 - Successfully loaded component D:\02 MA\01 Projects\Rover_A1\rover_a1_model\02_Impl\02_Source\Components\Components_NoProd\TShapes\TShape_2020.SLDPRT
2026-10-08 12:34:57,913 INFO  CommonSwOperations.cs: 245 - Loading component with PID ?>     ???%T S h a p e _ 2 0 2 0 - 4 @ R O V E R _ 1 0 0 0 _ W A T T _ V A R I A N T             ?  
2026-10-08 12:34:57,913 INFO  CommonSwOperations.cs: 254 - Successfully loaded component D:\02 MA\01 Projects\Rover_A1\rover_a1_model\02_Impl\02_Source\Components\Components_NoProd\TShapes\TShape_2020.SLDPRT
2026-10-08 12:34:57,913 INFO  CommonSwOperations.cs: 245 - Loading component with PID ?>     ???6A L U M I N I U M _ P R O F I L E _ 2 0 x 2 0 x 1 0 m m - 1 @ R O V E R _ 1 0 0 0 _ W A T T _ V A R I A N T             S  
2026-10-08 12:34:57,913 INFO  CommonSwOperations.cs: 254 - Successfully loaded component D:\02 MA\01 Projects\Rover_A1\rover_a1_model\02_Impl\02_Source\Components\Components_NoProd\Profiles\ALUMINIUM_PROFILE_20x20x10mm.SLDPRT
2026-10-08 12:34:57,915 INFO  CommonSwOperations.cs: 245 - Loading component with PID ?>     ???6A L U M I N I U M _ P R O F I L E _ 2 0 x 2 0 x 1 0 m m - 2 @ R O V E R _ 1 0 0 0 _ W A T T _ V A R I A N T             [  
2026-10-08 12:34:57,915 INFO  CommonSwOperations.cs: 254 - Successfully loaded component D:\02 MA\01 Projects\Rover_A1\rover_a1_model\02_Impl\02_Source\Components\Components_NoProd\Profiles\ALUMINIUM_PROFILE_20x20x10mm.SLDPRT
2026-10-08 12:34:57,915 INFO  CommonSwOperations.cs: 245 - Loading component with PID ?>     ???&M A I N _ S U P P O R T - 1 @ R O V E R _ 1 0 0 0 _ W A T T _ V A R I A N T             ;  
2026-10-08 12:34:57,915 INFO  CommonSwOperations.cs: 254 - Successfully loaded component D:\02 MA\01 Projects\Rover_A1\rover_a1_model\02_Impl\02_Source\Assembly\MAIN_SUPPORT.SLDASM
2026-10-08 12:34:57,915 INFO  CommonSwOperations.cs: 245 - Loading component with PID ?>     ???%T S h a p e _ 2 0 2 0 - 1 @ R O V E R _ 1 0 0 0 _ W A T T _ V A R I A N T             ?  
2026-10-08 12:34:57,916 INFO  CommonSwOperations.cs: 254 - Successfully loaded component D:\02 MA\01 Projects\Rover_A1\rover_a1_model\02_Impl\02_Source\Components\Components_NoProd\TShapes\TShape_2020.SLDPRT
2026-10-08 12:34:57,916 INFO  CommonSwOperations.cs: 245 - Loading component with PID ?>     ???%T S h a p e _ 2 0 2 0 - 3 @ R O V E R _ 1 0 0 0 _ W A T T _ V A R I A N T             ?  
2026-10-08 12:34:57,916 INFO  CommonSwOperations.cs: 254 - Successfully loaded component D:\02 MA\01 Projects\Rover_A1\rover_a1_model\02_Impl\02_Source\Components\Components_NoProd\TShapes\TShape_2020.SLDPRT
2026-10-08 12:34:57,916 INFO  CommonSwOperations.cs: 245 - Loading component with PID ?>     ???(H e x   b o l t   M 8 x 4 0 - 4 @ R O V E R _ 1 0 0 0 _ W A T T _ V A R I A N T             ?  
2026-10-08 12:34:57,916 INFO  CommonSwOperations.cs: 254 - Successfully loaded component D:\02 MA\01 Projects\Rover_A1\rover_a1_model\02_Impl\02_Source\Components\Components_NoProd\Bolt\Hex bolt M8x40.SLDPRT
2026-10-08 12:34:57,916 INFO  CommonSwOperations.cs: 245 - Loading component with PID ?>     ???5A L U M I N I U M _ P R O F I L E _ 2 0 x 2 0 x 4 5 0 - 2 @ R O V E R _ 1 0 0 0 _ W A T T _ V A R I A N T             B  
2026-10-08 12:34:57,917 INFO  CommonSwOperations.cs: 254 - Successfully loaded component D:\02 MA\01 Projects\Rover_A1\rover_a1_model\02_Impl\02_Source\Components\Components_NoProd\Profiles\ALUMINIUM_PROFILE_20x20x450.SLDPRT
2026-10-08 12:34:57,917 INFO  CommonSwOperations.cs: 245 - Loading component with PID ?>     ???(H e x   b o l t   M 8 x 4 0 - 1 @ R O V E R _ 1 0 0 0 _ W A T T _ V A R I A N T             ?  
2026-10-08 12:34:57,917 INFO  CommonSwOperations.cs: 254 - Successfully loaded component D:\02 MA\01 Projects\Rover_A1\rover_a1_model\02_Impl\02_Source\Components\Components_NoProd\Bolt\Hex bolt M8x40.SLDPRT
2026-10-08 12:34:57,917 INFO  CommonSwOperations.cs: 245 - Loading component with PID ?>     ???!X B 7 N G 2 1 - 1 @ R O V E R _ 1 0 0 0 _ W A T T _ V A R I A N T             x  
2026-10-08 12:34:57,917 INFO  CommonSwOperations.cs: 254 - Successfully loaded component D:\02 MA\01 Projects\Rover_A1\rover_a1_model\02_Impl\02_Source\Components\Components_NoProd\SwitchWithKey\XB7NG21.SLDPRT
2026-10-08 12:34:57,918 INFO  CommonSwOperations.cs: 245 - Loading component with PID ?>     ???(D I N _ R A I L _ 2 4 0 m m - 1 @ R O V E R _ 1 0 0 0 _ W A T T _ V A R I A N T             *  
2026-10-08 12:34:57,918 INFO  CommonSwOperations.cs: 254 - Successfully loaded component D:\02 MA\01 Projects\Rover_A1\rover_a1_model\02_Impl\02_Source\Components\Components_NoProd\Dinrails\DIN_RAIL_240mm.SLDPRT
2026-10-08 12:34:57,918 INFO  CommonSwOperations.cs: 245 - Loading component with PID ?>     ???5A L U M I N I U M _ P R O F I L E _ 2 0 x 2 0 x 4 5 0 - 4 @ R O V E R _ 1 0 0 0 _ W A T T _ V A R I A N T             ?  
2026-10-08 12:34:57,918 INFO  CommonSwOperations.cs: 254 - Successfully loaded component D:\02 MA\01 Projects\Rover_A1\rover_a1_model\02_Impl\02_Source\Components\Components_NoProd\Profiles\ALUMINIUM_PROFILE_20x20x450.SLDPRT
2026-10-08 12:34:57,918 INFO  CommonSwOperations.cs: 245 - Loading component with PID ?>     ???(H e x   b o l t   M 8 x 4 0 - 2 @ R O V E R _ 1 0 0 0 _ W A T T _ V A R I A N T             ?  
2026-10-08 12:34:57,919 INFO  CommonSwOperations.cs: 254 - Successfully loaded component D:\02 MA\01 Projects\Rover_A1\rover_a1_model\02_Impl\02_Source\Components\Components_NoProd\Bolt\Hex bolt M8x40.SLDPRT
2026-10-08 12:34:57,919 INFO  CommonSwOperations.cs: 245 - Loading component with PID ?>     ??? S W I T C H - 1 @ R O V E R _ 1 0 0 0 _ W A T T _ V A R I A N T             -  
2026-10-08 12:34:57,919 INFO  CommonSwOperations.cs: 254 - Successfully loaded component D:\02 MA\01 Projects\Rover_A1\rover_a1_model\02_Impl\02_Source\Components\Components_NoProd\Switch\SWITCH.SLDPRT
2026-10-08 12:34:57,919 INFO  CommonSwOperations.cs: 245 - Loading component with PID ?>     ???&M O T O R _ D R I V E R - 4 @ R O V E R _ 1 0 0 0 _ W A T T _ V A R I A N T               
2026-10-08 12:34:57,919 INFO  CommonSwOperations.cs: 254 - Successfully loaded component D:\02 MA\01 Projects\Rover_A1\rover_a1_model\02_Impl\02_Source\Assembly\MOTOR_DRIVER.SLDASM
2026-10-08 12:34:57,919 INFO  CommonSwOperations.cs: 245 - Loading component with PID ?>     ???$L E D _ S Y S T E M - 2 @ R O V E R _ 1 0 0 0 _ W A T T _ V A R I A N T             ?  
2026-10-08 12:34:57,920 INFO  CommonSwOperations.cs: 254 - Successfully loaded component D:\02 MA\01 Projects\Rover_A1\rover_a1_model\02_Impl\02_Source\Assembly\LED_SYSTEM.SLDASM
2026-10-08 12:34:57,920 INFO  CommonSwOperations.cs: 245 - Loading component with PID ?>     ???$L E D _ S Y S T E M - 1 @ R O V E R _ 1 0 0 0 _ W A T T _ V A R I A N T             ?  
2026-10-08 12:34:57,920 INFO  CommonSwOperations.cs: 254 - Successfully loaded component D:\02 MA\01 Projects\Rover_A1\rover_a1_model\02_Impl\02_Source\Assembly\LED_SYSTEM.SLDASM
2026-10-08 12:34:57,920 INFO  CommonSwOperations.cs: 245 - Loading component with PID ?>     ???(H e x   b o l t   M 8 x 4 0 - 3 @ R O V E R _ 1 0 0 0 _ W A T T _ V A R I A N T             ?  
2026-10-08 12:34:57,920 INFO  CommonSwOperations.cs: 254 - Successfully loaded component D:\02 MA\01 Projects\Rover_A1\rover_a1_model\02_Impl\02_Source\Components\Components_NoProd\Bolt\Hex bolt M8x40.SLDPRT
2026-10-08 12:34:57,920 INFO  CommonSwOperations.cs: 245 - Loading component with PID ?>     ???"X B 7 N T 8 4 5 - 1 @ R O V E R _ 1 0 0 0 _ W A T T _ V A R I A N T             n  
2026-10-08 12:34:57,920 INFO  CommonSwOperations.cs: 254 - Successfully loaded component D:\02 MA\01 Projects\Rover_A1\rover_a1_model\02_Impl\02_Source\Components\Components_NoProd\EmrgencyStop\XB7NT845.SLDPRT
2026-10-08 12:34:57,921 INFO  CommonSwOperations.cs: 245 - Loading component with PID ?>     ???&M O T O R _ D R I V E R - 2 @ R O V E R _ 1 0 0 0 _ W A T T _ V A R I A N T               
2026-10-08 12:34:57,921 INFO  CommonSwOperations.cs: 254 - Successfully loaded component D:\02 MA\01 Projects\Rover_A1\rover_a1_model\02_Impl\02_Source\Assembly\MOTOR_DRIVER.SLDASM
2026-10-08 12:34:57,921 INFO  CommonSwOperations.cs: 245 - Loading component with PID ?>     ???&M O T O R _ D R I V E R - 1 @ R O V E R _ 1 0 0 0 _ W A T T _ V A R I A N T               
2026-10-08 12:34:57,921 INFO  CommonSwOperations.cs: 254 - Successfully loaded component D:\02 MA\01 Projects\Rover_A1\rover_a1_model\02_Impl\02_Source\Assembly\MOTOR_DRIVER.SLDASM
2026-10-08 12:34:57,921 INFO  CommonSwOperations.cs: 245 - Loading component with PID ?>     ???R E L A Y - 5 @ R O V E R _ 1 0 0 0 _ W A T T _ V A R I A N T             ?  
2026-10-08 12:34:57,922 INFO  CommonSwOperations.cs: 254 - Successfully loaded component D:\02 MA\01 Projects\Rover_A1\rover_a1_model\02_Impl\02_Source\Components\Components_NoProd\Driver_Relays\RELAY.SLDPRT
2026-10-08 12:34:57,922 INFO  CommonSwOperations.cs: 245 - Loading component with PID ?>     ???R E L A Y - 4 @ R O V E R _ 1 0 0 0 _ W A T T _ V A R I A N T             ?  
2026-10-08 12:34:57,922 INFO  CommonSwOperations.cs: 254 - Successfully loaded component D:\02 MA\01 Projects\Rover_A1\rover_a1_model\02_Impl\02_Source\Components\Components_NoProd\Driver_Relays\RELAY.SLDPRT
2026-10-08 12:34:57,922 INFO  CommonSwOperations.cs: 245 - Loading component with PID ?>     ???R E L A Y - 1 @ R O V E R _ 1 0 0 0 _ W A T T _ V A R I A N T             ?  
2026-10-08 12:34:57,922 INFO  CommonSwOperations.cs: 254 - Successfully loaded component D:\02 MA\01 Projects\Rover_A1\rover_a1_model\02_Impl\02_Source\Components\Components_NoProd\Driver_Relays\RELAY.SLDPRT
2026-10-08 12:34:57,922 INFO  CommonSwOperations.cs: 245 - Loading component with PID ?>     ???'S W I T C H _ R U B B E R - 1 @ R O V E R _ 1 0 0 0 _ W A T T _ V A R I A N T               
2026-10-08 12:34:57,923 INFO  CommonSwOperations.cs: 254 - Successfully loaded component D:\02 MA\01 Projects\Rover_A1\rover_a1_model\02_Impl\02_Source\Components\Components_NoProd\Switch\SWITCH_RUBBER.SLDPRT
2026-10-08 12:34:57,923 INFO  CommonSwOperations.cs: 245 - Loading component with PID ?>     ???2U S E R _ S P A C E _ B O T T O M _ 2 m m _ A L - 1 @ R O V E R _ 1 0 0 0 _ W A T T _ V A R I A N T             D  
2026-10-08 12:34:57,923 INFO  CommonSwOperations.cs: 254 - Successfully loaded component D:\02 MA\01 Projects\Rover_A1\rover_a1_model\02_Impl\02_Source\Components\Components_Prod\Case\USER_SPACE_BOTTOM_2mm_AL.SLDPRT
2026-10-08 12:34:57,923 INFO  CommonSwOperations.cs: 245 - Loading component with PID ?>     ???R E L A Y - 2 @ R O V E R _ 1 0 0 0 _ W A T T _ V A R I A N T             ?  
2026-10-08 12:34:57,923 INFO  CommonSwOperations.cs: 254 - Successfully loaded component D:\02 MA\01 Projects\Rover_A1\rover_a1_model\02_Impl\02_Source\Components\Components_NoProd\Driver_Relays\RELAY.SLDPRT
2026-10-08 12:34:57,923 INFO  CommonSwOperations.cs: 245 - Loading component with PID ?>     ???&M O T O R _ D R I V E R - 3 @ R O V E R _ 1 0 0 0 _ W A T T _ V A R I A N T               
2026-10-08 12:34:57,923 INFO  CommonSwOperations.cs: 254 - Successfully loaded component D:\02 MA\01 Projects\Rover_A1\rover_a1_model\02_Impl\02_Source\Assembly\MOTOR_DRIVER.SLDASM
2026-10-08 12:34:57,924 INFO  CommonSwOperations.cs: 245 - Loading component with PID ?>     ???,R E A R _ 3 m m _ A L _ B O T T O M - 1 @ R O V E R _ 1 0 0 0 _ W A T T _ V A R I A N T             3  
2026-10-08 12:34:57,924 INFO  CommonSwOperations.cs: 254 - Successfully loaded component D:\02 MA\01 Projects\Rover_A1\rover_a1_model\02_Impl\02_Source\Components\Components_Prod\Case\REAR_3mm_AL_BOTTOM.SLDPRT
2026-10-08 12:34:57,924 INFO  CommonSwOperations.cs: 245 - Loading component with PID ?>     ???7B A T T E R Y _ H O L D E R _ P L E X I G L A S S _ 5 m m - 1 @ R O V E R _ 1 0 0 0 _ W A T T _ V A R I A N T             ?  
2026-10-08 12:34:57,924 INFO  CommonSwOperations.cs: 254 - Successfully loaded component D:\02 MA\01 Projects\Rover_A1\rover_a1_model\02_Impl\02_Source\Assembly\BATTERY_HOLDER_PLEXIGLASS_5mm.SLDASM
2026-10-08 12:34:57,925 INFO  CommonSwOperations.cs: 245 - Loading component with PID ?>     ???(L A T E R A L _ 4 m m _ A L - 2 @ R O V E R _ 1 0 0 0 _ W A T T _ V A R I A N T             ?  
2026-10-08 12:34:57,925 INFO  CommonSwOperations.cs: 254 - Successfully loaded component D:\02 MA\01 Projects\Rover_A1\rover_a1_model\02_Impl\02_Source\Components\Components_Prod\Case\LATERAL_4mm_AL.SLDPRT
2026-10-08 12:34:57,925 INFO  CommonSwOperations.cs: 245 - Loading component with PID ?>     ???(L A T E R A L _ 4 m m _ A L - 1 @ R O V E R _ 1 0 0 0 _ W A T T _ V A R I A N T             ?  
2026-10-08 12:34:57,925 INFO  CommonSwOperations.cs: 254 - Successfully loaded component D:\02 MA\01 Projects\Rover_A1\rover_a1_model\02_Impl\02_Source\Components\Components_Prod\Case\LATERAL_4mm_AL.SLDPRT
2026-10-08 12:34:57,925 INFO  CommonSwOperations.cs: 245 - Loading component with PID ?>     ???,B O T T O M _ R E A R _ 2 m m _ A L - 1 @ R O V E R _ 1 0 0 0 _ W A T T _ V A R I A N T             ?	  
2026-10-08 12:34:57,926 INFO  CommonSwOperations.cs: 254 - Successfully loaded component D:\02 MA\01 Projects\Rover_A1\rover_a1_model\02_Impl\02_Source\Components\Components_Prod\Case\BOTTOM_REAR_2mm_AL.SLDPRT
2026-10-08 12:34:57,926 INFO  CommonSwOperations.cs: 245 - Loading component with PID ?>     ????S U P P O R T _ C H U N K _ 1 0 0 0 _ W A T T _ V A R I A N T _ F R O N T - 1 @ R O V E R _ 1 0 0 0 _ W A T T _ V A R I A N T             _	  
2026-10-08 12:34:57,926 INFO  CommonSwOperations.cs: 254 - Successfully loaded component D:\02 MA\01 Projects\Rover_A1\rover_a1_model\02_Impl\02_Source\Assembly\SUPPORT_CHUNK_1000_WATT_VARIANT_FRONT.SLDASM
2026-10-08 12:34:57,926 INFO  CommonSwOperations.cs: 245 - Loading component with PID ?>     ???%M O T O R _ C H U N K - 3 @ R O V E R _ 1 0 0 0 _ W A T T _ V A R I A N T             ?  
2026-10-08 12:34:57,926 INFO  CommonSwOperations.cs: 254 - Successfully loaded component D:\02 MA\01 Projects\Rover_A1\rover_a1_model\02_Impl\02_Source\Assembly\MOTOR_CHUNK.SLDASM
2026-10-08 12:34:57,926 INFO  CommonSwOperations.cs: 245 - Loading component with PID ?>     ???>S U P P O R T _ C H U N K _ 1 0 0 0 _ W A T T _ V A R I A N T _ B A C K - 1 @ R O V E R _ 1 0 0 0 _ W A T T _ V A R I A N T             c	  
2026-10-08 12:34:57,927 INFO  CommonSwOperations.cs: 254 - Successfully loaded component D:\02 MA\01 Projects\Rover_A1\rover_a1_model\02_Impl\02_Source\Assembly\SUPPORT_CHUNK_1000_WATT_VARIANT_BACK.SLDASM
2026-10-08 12:34:57,927 INFO  CommonSwOperations.cs: 245 - Loading component with PID ?>     ???%M O T O R _ C H U N K - 4 @ R O V E R _ 1 0 0 0 _ W A T T _ V A R I A N T             ?  
2026-10-08 12:34:57,927 INFO  CommonSwOperations.cs: 254 - Successfully loaded component D:\02 MA\01 Projects\Rover_A1\rover_a1_model\02_Impl\02_Source\Assembly\MOTOR_CHUNK.SLDASM
2026-10-08 12:34:57,927 INFO  CommonSwOperations.cs: 245 - Loading component with PID ?>     ???;B O T T O M _ B A S E _ 7 0 0 x 4 5 0 x 5 m m _ 1 0 0 0 _ W A T T - 1 @ R O V E R _ 1 0 0 0 _ W A T T _ V A R I A N T                
2026-10-08 12:34:57,927 INFO  CommonSwOperations.cs: 254 - Successfully loaded component D:\02 MA\01 Projects\Rover_A1\rover_a1_model\02_Impl\02_Source\Components\Components_Prod\BOTTOM_BASE_700x450x5mm_1000_WATT.SLDPRT
2026-10-08 12:34:57,928 INFO  CommonSwOperations.cs: 245 - Loading component with PID ?>     ???%M O T O R _ C H U N K - 6 @ R O V E R _ 1 0 0 0 _ W A T T _ V A R I A N T             ?  
2026-10-08 12:34:57,928 INFO  CommonSwOperations.cs: 254 - Successfully loaded component D:\02 MA\01 Projects\Rover_A1\rover_a1_model\02_Impl\02_Source\Assembly\MOTOR_CHUNK.SLDASM
2026-10-08 12:34:57,928 INFO  CommonSwOperations.cs: 245 - Loading component with PID ?>     ???7A L U M I N I U M _ P R O F I L E _ 2 0 x 2 0 x 1 7 6 m m - 3 @ R O V E R _ 1 0 0 0 _ W A T T _ V A R I A N T             ?  
2026-10-08 12:34:57,928 INFO  CommonSwOperations.cs: 254 - Successfully loaded component D:\02 MA\01 Projects\Rover_A1\rover_a1_model\02_Impl\02_Source\Components\Components_NoProd\Profiles\ALUMINIUM_PROFILE_20x20x176mm.SLDPRT
2026-10-08 12:34:57,928 INFO  CommonSwOperations.cs: 245 - Loading component with PID ?>     ???7A L U M I N I U M _ P R O F I L E _ 2 0 x 2 0 x 1 7 6 m m - 4 @ R O V E R _ 1 0 0 0 _ W A T T _ V A R I A N T             ?  
2026-10-08 12:34:57,930 INFO  CommonSwOperations.cs: 254 - Successfully loaded component D:\02 MA\01 Projects\Rover_A1\rover_a1_model\02_Impl\02_Source\Components\Components_NoProd\Profiles\ALUMINIUM_PROFILE_20x20x176mm.SLDPRT
2026-10-08 12:34:57,931 INFO  CommonSwOperations.cs: 245 - Loading component with PID ?>     ???&F R O N T _ 3 m m _ A L - 2 @ R O V E R _ 1 0 0 0 _ W A T T _ V A R I A N T             r	  
2026-10-08 12:34:57,931 INFO  CommonSwOperations.cs: 254 - Successfully loaded component D:\02 MA\01 Projects\Rover_A1\rover_a1_model\02_Impl\02_Source\Components\Components_Prod\Case\FRONT_3mm_AL.SLDPRT
2026-10-08 12:34:57,931 INFO  CommonSwOperations.cs: 245 - Loading component with PID ?>     ???%M O T O R _ C H U N K - 5 @ R O V E R _ 1 0 0 0 _ W A T T _ V A R I A N T             ?  
2026-10-08 12:34:57,931 INFO  CommonSwOperations.cs: 254 - Successfully loaded component D:\02 MA\01 Projects\Rover_A1\rover_a1_model\02_Impl\02_Source\Assembly\MOTOR_CHUNK.SLDASM
2026-10-08 12:34:57,931 INFO  CommonSwOperations.cs: 245 - Loading component with PID ?>     ???cU S E R _ S P A S E _ F R O N T _ 6 0 X T - F - 1 @ R O V E R _ 1 0 0 0 _ W A T T _ V A R I A N T / U S E R _ S P A C E _ F R O N T _ 2 m m _ A L - 1 @ U S E R _ S P A S E _ F R O N T _ 6 0 X T - F             ?     
2026-10-08 12:34:57,931 INFO  CommonSwOperations.cs: 254 - Successfully loaded component D:\02 MA\01 Projects\Rover_A1\rover_a1_model\02_Impl\02_Source\Components\Components_Prod\Case\USER_SPACE_FRONT_2mm_AL.SLDPRT
2026-10-08 12:34:57,932 INFO  CommonSwOperations.cs: 245 - Loading component with PID ?>     ???`U S E R _ S P A S E _ R E A R _ 6 0 X T - F - 1 @ R O V E R _ 1 0 0 0 _ W A T T _ V A R I A N T / U S E R _ S P A C E _ B A C K _ 2 m m _ A L - 1 @ U S E R _ S P A S E _ R E A R _ 6 0 X T - F             ?     
2026-10-08 12:34:57,932 INFO  CommonSwOperations.cs: 254 - Successfully loaded component D:\02 MA\01 Projects\Rover_A1\rover_a1_model\02_Impl\02_Source\Components\Components_Prod\Case\USER_SPACE_BACK_2mm_AL.SLDPRT
2026-10-08 12:34:57,932 INFO  CommonSwOperations.cs: 245 - Loading component with PID ?>     ???)R E A R _ 3 m m _ A L _ T O P - 1 @ R O V E R _ 1 0 0 0 _ W A T T _ V A R I A N T             '  
2026-10-08 12:34:57,932 INFO  CommonSwOperations.cs: 254 - Successfully loaded component D:\02 MA\01 Projects\Rover_A1\rover_a1_model\02_Impl\02_Source\Components\Components_Prod\Case\REAR_3mm_AL_TOP.SLDPRT
2026-10-08 12:34:57,932 INFO  CommonSwOperations.cs: 245 - Loading component with PID ?>     ???PU S E R _ S P A S E _ R E A R _ 6 0 X T - F - 1 @ R O V E R _ 1 0 0 0 _ W A T T _ V A R I A N T / X T 6 0 - F - 3 @ U S E R _ S P A S E _ R E A R _ 6 0 X T - F             ?  N   
2026-10-08 12:34:57,933 INFO  CommonSwOperations.cs: 254 - Successfully loaded component D:\02 MA\01 Projects\Rover_A1\rover_a1_model\02_Impl\02_Source\Components\Components_NoProd\Connectors\XT60-F.SLDPRT
2026-10-08 12:34:57,933 INFO  CommonSwOperations.cs: 245 - Loading component with PID ?>     ???aU S E R _ S P A S E _ R E A R _ 6 0 X T - F - 1 @ R O V E R _ 1 0 0 0 _ W A T T _ V A R I A N T / T E R M I N A L _ 3 . 8 1 _ 1 2 P _ F R A M E - 1 @ U S E R _ S P A S E _ R E A R _ 6 0 X T - F             ?  '   
2026-10-08 12:34:57,933 INFO  CommonSwOperations.cs: 254 - Successfully loaded component D:\02 MA\01 Projects\Rover_A1\rover_a1_model\02_Impl\02_Source\Components\Components_NoProd\Connectors\TERMINAL_3.81_12P_FRAME.SLDPRT
2026-10-08 12:34:57,933 INFO  CommonSwOperations.cs: 245 - Loading component with PID ?>     ???bU S E R _ S P A S E _ R E A R _ 6 0 X T - F - 1 @ R O V E R _ 1 0 0 0 _ W A T T _ V A R I A N T / T E R M I N A L _ 3 . 8 1 _ 1 2 P _ S O C K E T - 1 @ U S E R _ S P A S E _ R E A R _ 6 0 X T - F             ?  (   
2026-10-08 12:34:57,933 INFO  CommonSwOperations.cs: 254 - Successfully loaded component D:\02 MA\01 Projects\Rover_A1\rover_a1_model\02_Impl\02_Source\Components\Components_NoProd\Connectors\TERMINAL_3.81_12P_SOCKET.SLDPRT
2026-10-08 12:34:57,933 INFO  CommonSwOperations.cs: 245 - Loading component with PID ?>     ???aU S E R _ S P A S E _ R E A R _ 6 0 X T - F - 1 @ R O V E R _ 1 0 0 0 _ W A T T _ V A R I A N T / T E R M I N A L _ 3 . 8 1 _ 0 6 P _ F R A M E - 1 @ U S E R _ S P A S E _ R E A R _ 6 0 X T - F             ?     
2026-10-08 12:34:57,933 INFO  CommonSwOperations.cs: 254 - Successfully loaded component D:\02 MA\01 Projects\Rover_A1\rover_a1_model\02_Impl\02_Source\Components\Components_NoProd\Connectors\TERMINAL_3.81_06P_FRAME.SLDPRT
2026-10-08 12:34:57,933 INFO  CommonSwOperations.cs: 245 - Loading component with PID ?>     ???bU S E R _ S P A S E _ R E A R _ 6 0 X T - F - 1 @ R O V E R _ 1 0 0 0 _ W A T T _ V A R I A N T / T E R M I N A L _ 3 . 8 1 _ 0 6 P _ S O C K E T - 1 @ U S E R _ S P A S E _ R E A R _ 6 0 X T - F             ?     
2026-10-08 12:34:57,933 INFO  CommonSwOperations.cs: 254 - Successfully loaded component D:\02 MA\01 Projects\Rover_A1\rover_a1_model\02_Impl\02_Source\Components\Components_NoProd\Connectors\TERMINAL_3.81_06P_SOCKET.SLDPRT
2026-10-08 12:34:57,935 INFO  CommonSwOperations.cs: 245 - Loading component with PID ?>     ???PU S E R _ S P A S E _ R E A R _ 6 0 X T - F - 1 @ R O V E R _ 1 0 0 0 _ W A T T _ V A R I A N T / X T 6 0 - F - 1 @ U S E R _ S P A S E _ R E A R _ 6 0 X T - F             ?  ;   
2026-10-08 12:34:57,935 INFO  CommonSwOperations.cs: 254 - Successfully loaded component D:\02 MA\01 Projects\Rover_A1\rover_a1_model\02_Impl\02_Source\Components\Components_NoProd\Connectors\XT60-F.SLDPRT
2026-10-08 12:34:57,935 INFO  CommonSwOperations.cs: 245 - Loading component with PID ?>     ???RU S E R _ S P A S E _ F R O N T _ 6 0 X T - F - 1 @ R O V E R _ 1 0 0 0 _ W A T T _ V A R I A N T / X T 6 0 - F - 3 @ U S E R _ S P A S E _ F R O N T _ 6 0 X T - F             ?  "   
2026-10-08 12:34:57,935 INFO  CommonSwOperations.cs: 254 - Successfully loaded component D:\02 MA\01 Projects\Rover_A1\rover_a1_model\02_Impl\02_Source\Components\Components_NoProd\Connectors\XT60-F.SLDPRT
2026-10-08 12:34:57,935 INFO  CommonSwOperations.cs: 245 - Loading component with PID ?>     ???RU S E R _ S P A S E _ F R O N T _ 6 0 X T - F - 1 @ R O V E R _ 1 0 0 0 _ W A T T _ V A R I A N T / X T 6 0 - F - 2 @ U S E R _ S P A S E _ F R O N T _ 6 0 X T - F             ?      
2026-10-08 12:34:57,936 INFO  CommonSwOperations.cs: 254 - Successfully loaded component D:\02 MA\01 Projects\Rover_A1\rover_a1_model\02_Impl\02_Source\Components\Components_NoProd\Connectors\XT60-F.SLDPRT
2026-10-08 12:34:57,936 INFO  CommonSwOperations.cs: 245 - Loading component with PID ?>     ???RU S E R _ S P A S E _ F R O N T _ 6 0 X T - F - 1 @ R O V E R _ 1 0 0 0 _ W A T T _ V A R I A N T / X T 6 0 - F - 1 @ U S E R _ S P A S E _ F R O N T _ 6 0 X T - F             ?     
2026-10-08 12:34:57,936 INFO  CommonSwOperations.cs: 254 - Successfully loaded component D:\02 MA\01 Projects\Rover_A1\rover_a1_model\02_Impl\02_Source\Components\Components_NoProd\Connectors\XT60-F.SLDPRT
2026-10-08 12:34:57,936 INFO  CommonSwOperations.cs: 245 - Loading component with PID ?>     ???^B A T T E R Y _ H O L D E R _ P L E X I G L A S S _ 5 m m - 1 @ R O V E R _ 1 0 0 0 _ W A T T _ V A R I A N T / X T 6 0 - F - 4 @ B A T T E R Y _ H O L D E R _ P L E X I G L A S S _ 5 m m             ?  d   
2026-10-08 12:34:57,936 INFO  CommonSwOperations.cs: 254 - Successfully loaded component D:\02 MA\01 Projects\Rover_A1\rover_a1_model\02_Impl\02_Source\Components\Components_NoProd\Connectors\XT60-F.SLDPRT
2026-10-08 12:34:57,937 INFO  CommonSwOperations.cs: 245 - Loading component with PID ?>     ???-B O T T O M _ F R O N T _ 2 m m _ A L - 1 @ R O V E R _ 1 0 0 0 _ W A T T _ V A R I A N T             ?	  
2026-10-08 12:34:57,937 INFO  CommonSwOperations.cs: 254 - Successfully loaded component D:\02 MA\01 Projects\Rover_A1\rover_a1_model\02_Impl\02_Source\Components\Components_Prod\Case\BOTTOM_FRONT_2mm_AL.SLDPRT
2026-10-08 12:34:57,937 INFO  CommonSwOperations.cs: 245 - Loading component with PID ?>     ???RU S E R _ S P A S E _ F R O N T _ 6 0 X T - F - 1 @ R O V E R _ 1 0 0 0 _ W A T T _ V A R I A N T / X T 6 0 - F - 4 @ U S E R _ S P A S E _ F R O N T _ 6 0 X T - F             ?  +   
2026-10-08 12:34:57,937 INFO  CommonSwOperations.cs: 254 - Successfully loaded component D:\02 MA\01 Projects\Rover_A1\rover_a1_model\02_Impl\02_Source\Components\Components_NoProd\Connectors\XT60-F.SLDPRT
2026-10-08 12:34:57,937 INFO  CommonSwOperations.cs: 245 - Loading component with PID ?>     ???0U S E R _ S P A S E _ R E A R _ 6 0 X T - F - 1 @ R O V E R _ 1 0 0 0 _ W A T T _ V A R I A N T             ?  
2026-10-08 12:34:57,938 INFO  CommonSwOperations.cs: 254 - Successfully loaded component D:\02 MA\01 Projects\Rover_A1\rover_a1_model\02_Impl\02_Source\Assembly\USER_SPASE_REAR_60XT-F.SLDASM
2026-10-08 12:34:57,938 INFO  CommonSwOperations.cs: 245 - Loading component with PID ?>     ???1U S E R _ S P A S E _ F R O N T _ 6 0 X T - F - 1 @ R O V E R _ 1 0 0 0 _ W A T T _ V A R I A N T             ?  
2026-10-08 12:34:57,938 INFO  CommonSwOperations.cs: 254 - Successfully loaded component D:\02 MA\01 Projects\Rover_A1\rover_a1_model\02_Impl\02_Source\Assembly\USER_SPASE_FRONT_60XT-F.SLDASM
2026-10-08 12:34:57,938 INFO  CommonSwOperations.cs: 245 - Loading component with PID ?>     ???/C M 5 _ D U A L _ E T H _ 4 G 5 G _ B O X - 1 @ R O V E R _ 1 0 0 0 _ W A T T _ V A R I A N T             ?  
2026-10-08 12:34:57,938 INFO  CommonSwOperations.cs: 254 - Successfully loaded component D:\02 MA\01 Projects\Rover_A1\rover_a1_model\02_Impl\02_Source\Components\Components_NoProd\ComputeUnit\CM5_DUAL_ETH_4G5G_BOX.SLDPRT
2026-10-08 12:34:57,938 INFO  CommonSwOperations.cs: 245 - Loading component with PID ?>     ???,C O M P O N E N T S _ S U P P O R T - 1 @ R O V E R _ 1 0 0 0 _ W A T T _ V A R I A N T             I  
2026-10-08 12:34:57,939 INFO  CommonSwOperations.cs: 254 - Successfully loaded component D:\02 MA\01 Projects\Rover_A1\rover_a1_model\02_Impl\02_Source\Assembly\COMPONENTS_SUPPORT.SLDASM
2026-10-08 12:34:57,939 INFO  CommonSwOperations.cs: 245 - Loading component with PID ?>     ???,C O M P O N E N T S _ S U P P O R T - 2 @ R O V E R _ 1 0 0 0 _ W A T T _ V A R I A N T             M  
2026-10-08 12:34:57,939 INFO  CommonSwOperations.cs: 254 - Successfully loaded component D:\02 MA\01 Projects\Rover_A1\rover_a1_model\02_Impl\02_Source\Assembly\COMPONENTS_SUPPORT.SLDASM
2026-10-08 12:34:57,939 INFO  CommonSwOperations.cs: 230 - Loaded 70 components for link base_link
2026-10-08 12:34:57,939 INFO  CommonSwOperations.cs: 221 - Loading SolidWorks components for link_back_left from D:\02 MA\01 Projects\Rover_A1\rover_a1_model\02_Impl\02_Source\Assembly\ROVER_1000_WATT_VARIANT.SLDASM
2026-10-08 12:34:57,939 INFO  CommonSwOperations.cs: 245 - Loading component with PID ?>     ???7W H E E L _ C H U N K _ 1 0 0 0 _ W A T T _ V A R I A N T - 3 @ R O V E R _ 1 0 0 0 _ W A T T _ V A R I A N T             ?	  
2026-10-08 12:34:57,940 INFO  CommonSwOperations.cs: 254 - Successfully loaded component D:\02 MA\01 Projects\Rover_A1\rover_a1_model\02_Impl\02_Source\Assembly\WHEEL_CHUNK_1000_WATT_VARIANT.SLDASM
2026-10-08 12:34:57,940 INFO  CommonSwOperations.cs: 230 - Loaded 1 components for link link_back_left
2026-10-08 12:34:57,940 INFO  CommonSwOperations.cs: 221 - Loading SolidWorks components for link_back_right from D:\02 MA\01 Projects\Rover_A1\rover_a1_model\02_Impl\02_Source\Assembly\ROVER_1000_WATT_VARIANT.SLDASM
2026-10-08 12:34:57,940 INFO  CommonSwOperations.cs: 245 - Loading component with PID ?>     ???7W H E E L _ C H U N K _ 1 0 0 0 _ W A T T _ V A R I A N T - 4 @ R O V E R _ 1 0 0 0 _ W A T T _ V A R I A N T             ?	  
2026-10-08 12:34:57,940 INFO  CommonSwOperations.cs: 254 - Successfully loaded component D:\02 MA\01 Projects\Rover_A1\rover_a1_model\02_Impl\02_Source\Assembly\WHEEL_CHUNK_1000_WATT_VARIANT.SLDASM
2026-10-08 12:34:57,940 INFO  CommonSwOperations.cs: 230 - Loaded 1 components for link link_back_right
2026-10-08 12:34:57,941 INFO  CommonSwOperations.cs: 221 - Loading SolidWorks components for link_front_right from D:\02 MA\01 Projects\Rover_A1\rover_a1_model\02_Impl\02_Source\Assembly\ROVER_1000_WATT_VARIANT.SLDASM
2026-10-08 12:34:57,941 INFO  CommonSwOperations.cs: 245 - Loading component with PID ?>     ???7W H E E L _ C H U N K _ 1 0 0 0 _ W A T T _ V A R I A N T - 5 @ R O V E R _ 1 0 0 0 _ W A T T _ V A R I A N T             ?	  
2026-10-08 12:34:57,941 INFO  CommonSwOperations.cs: 254 - Successfully loaded component D:\02 MA\01 Projects\Rover_A1\rover_a1_model\02_Impl\02_Source\Assembly\WHEEL_CHUNK_1000_WATT_VARIANT.SLDASM
2026-10-08 12:34:57,941 INFO  CommonSwOperations.cs: 230 - Loaded 1 components for link link_front_right
2026-10-08 12:34:57,941 INFO  CommonSwOperations.cs: 221 - Loading SolidWorks components for link_front_left from D:\02 MA\01 Projects\Rover_A1\rover_a1_model\02_Impl\02_Source\Assembly\ROVER_1000_WATT_VARIANT.SLDASM
2026-10-08 12:34:57,941 INFO  CommonSwOperations.cs: 245 - Loading component with PID ?>     ???7W H E E L _ C H U N K _ 1 0 0 0 _ W A T T _ V A R I A N T - 6 @ R O V E R _ 1 0 0 0 _ W A T T _ V A R I A N T             U  
2026-10-08 12:34:57,942 INFO  CommonSwOperations.cs: 254 - Successfully loaded component D:\02 MA\01 Projects\Rover_A1\rover_a1_model\02_Impl\02_Source\Assembly\WHEEL_CHUNK_1000_WATT_VARIANT.SLDASM
2026-10-08 12:34:57,942 INFO  CommonSwOperations.cs: 230 - Loaded 1 components for link link_front_left
2026-10-08 12:34:58,739 INFO  SwAddin.cs: 344 - Showing property manager
2026-10-08 12:35:34,361 INFO  ExportPropertyManager.cs: 422 - Configuration saved
2026-10-08 12:35:34,365 INFO  ConfigurationSerialization.cs: 276 - URDF Configuration found
<Link z:Id="i1" xmlns="http://schemas.datacontract.org/2004/07/SW2URDF" xmlns:i="http://www.w3.org/2001/XMLSchema-instance" xmlns:z="http://schemas.microsoft.com/2003/10/Serialization/"><Attributes><Attribute z:Id="i2"><AttributeType>name</AttributeType><IsRequired>true</IsRequired><Value i:type="a:string" xmlns:a="http://www.w3.org/2001/XMLSchema">base_link</Value></Attribute></Attributes><ChildElements><URDFElement z:Id="i3" i:type="Inertial"><Attributes/><ChildElements><URDFElement z:Id="i4" i:type="Origin"><Attributes><Attribute z:Id="i5"><AttributeType>xyz</AttributeType><IsRequired>true</IsRequired><Value i:type="a:ArrayOfdouble" xmlns:a="http://schemas.microsoft.com/2003/10/Serialization/Arrays"><a:double>0.016021461766449117</a:double><a:double>-0.00047043545285978321</a:double><a:double>0.10781753100320494</a:double></Value></Attribute><Attribute z:Id="i6"><AttributeType>rpy</AttributeType><IsRequired>true</IsRequired><Value i:type="a:ArrayOfdouble" xmlns:a="http://schemas.microsoft.com/2003/10/Serialization/Arrays"><a:double>0</a:double><a:double>0</a:double><a:double>0</a:double></Value></Attribute></Attributes><ChildElements/><ElementName>origin</ElementName><required>false</required><RPYAttribute z:Ref="i6"/><XYZAttribute z:Ref="i5"/><isCustomized>false</isCustomized></URDFElement><URDFElement z:Id="i7" i:type="Mass"><Attributes><Attribute z:Id="i8"><AttributeType>value</AttributeType><IsRequired>true</IsRequired><Value i:type="a:double" xmlns:a="http://www.w3.org/2001/XMLSchema">37.229769641354771</Value></Attribute></Attributes><ChildElements/><ElementName>mass</ElementName><required>false</required><ValueAttribute z:Ref="i8"/></URDFElement><URDFElement z:Id="i9" i:type="Inertia"><Attributes><Attribute z:Id="i10"><AttributeType>ixx</AttributeType><IsRequired>true</IsRequired><Value i:type="a:double" xmlns:a="http://www.w3.org/2001/XMLSchema">0.32769789733590204</Value></Attribute><Attribute z:Id="i11"><AttributeType>ixy</AttributeType><IsRequired>true</IsRequired><Value i:type="a:double" xmlns:a="http://www.w3.org/2001/XMLSchema">-0.00081538015615264939</Value></Attribute><Attribute z:Id="i12"><AttributeType>ixz</AttributeType><IsRequired>true</IsRequired><Value i:type="a:double" xmlns:a="http://www.w3.org/2001/XMLSchema">3.6964689251923844E-06</Value></Attribute><Attribute z:Id="i13"><AttributeType>iyy</AttributeType><IsRequired>true</IsRequired><Value i:type="a:double" xmlns:a="http://www.w3.org/2001/XMLSchema">0.31446229360654387</Value></Attribute><Attribute z:Id="i14"><AttributeType>iyz</AttributeType><IsRequired>true</IsRequired><Value i:type="a:double" xmlns:a="http://www.w3.org/2001/XMLSchema">-5.4580054468260356E-05</Value></Attribute><Attribute z:Id="i15"><AttributeType>izz</AttributeType><IsRequired>true</IsRequired><Value i:type="a:double" xmlns:a="http://www.w3.org/2001/XMLSchema">0.57169437099184994</Value></Attribute></Attributes><ChildElements/><ElementName>inertia</ElementName><required>false</required><IxxAttribute z:Ref="i10"/><IxyAttribute z:Ref="i11"/><IxzAttribute z:Ref="i12"/><IyyAttribute z:Ref="i13"/><IyzAttribute z:Ref="i14"/><IzzAttribute z:Ref="i15"/></URDFElement></ChildElements><ElementName>inertial</ElementName><required>false</required><Inertia z:Ref="i9"/><Mass z:Ref="i7"/><Origin z:Ref="i4"/></URDFElement><URDFElement z:Id="i16" i:type="Visual"><Attributes/><ChildElements><URDFElement z:Id="i17" i:type="Origin"><Attributes><Attribute z:Id="i18"><AttributeType>xyz</AttributeType><IsRequired>true</IsRequired><Value i:type="a:ArrayOfdouble" xmlns:a="http://schemas.microsoft.com/2003/10/Serialization/Arrays"><a:double>0</a:double><a:double>0</a:double><a:double>0</a:double></Value></Attribute><Attribute z:Id="i19"><AttributeType>rpy</AttributeType><IsRequired>true</IsRequired><Value i:type="a:ArrayOfdouble" xmlns:a="http://schemas.microsoft.com/2003/10/Serialization/Arrays"><a:double>0</a:double><a:double>0</a:double><a:double>0</a:double></Value></Attribute></Attributes><ChildElements/><ElementName>origin</ElementName><required>false</required><RPYAttribute z:Ref="i19"/><XYZAttribute z:Ref="i18"/><isCustomized>false</isCustomized></URDFElement><URDFElement z:Id="i20" i:type="Geometry"><Attributes/><ChildElements><URDFElement z:Id="i21" i:type="Mesh"><Attributes><Attribute z:Id="i22"><AttributeType>filename</AttributeType><IsRequired>true</IsRequired><Value i:nil="true"/></Attribute></Attributes><ChildElements/><ElementName>mesh</ElementName><required>false</required><FilenameAttribute z:Ref="i22"/></URDFElement></ChildElements><ElementName>geometry</ElementName><required>true</required><Mesh z:Ref="i21"/></URDFElement><URDFElement z:Id="i23" i:type="Material"><Attributes><Attribute z:Id="i24"><AttributeType>name</AttributeType><IsRequired>true</IsRequired><Value i:type="a:string" xmlns:a="http://www.w3.org/2001/XMLSchema"/></Attribute></Attributes><ChildElements><URDFElement z:Id="i25" i:type="Color"><Attributes><Attribute z:Id="i26"><AttributeType>rgba</AttributeType><IsRequired>true</IsRequired><Value i:type="a:ArrayOfdouble" xmlns:a="http://schemas.microsoft.com/2003/10/Serialization/Arrays"><a:double>0.792156862745098</a:double><a:double>0.81960784313725488</a:double><a:double>0.93333333333333335</a:double><a:double>1</a:double></Value></Attribute></Attributes><ChildElements/><ElementName>color</ElementName><required>false</required><RGBAAttribute z:Ref="i26"/></URDFElement><URDFElement z:Id="i27" i:type="Texture"><Attributes><Attribute z:Id="i28"><AttributeType>filename</AttributeType><IsRequired>true</IsRequired><Value i:nil="true"/></Attribute></Attributes><ChildElements/><ElementName>texture</ElementName><required>false</required><FilenameAttribute z:Ref="i28"/><wFilename/></URDFElement></ChildElements><ElementName>material</ElementName><required>false</required><Color z:Ref="i25"/><NameAttribute z:Ref="i24"/><Texture z:Ref="i27"/></URDFElement></ChildElements><ElementName>visual</ElementName><required>false</required><Geometry z:Ref="i20"/><Material z:Ref="i23"/><Origin z:Ref="i17"/></URDFElement><URDFElement z:Id="i29" i:type="Collision"><Attributes/><ChildElements><URDFElement z:Id="i30" i:type="Origin"><Attributes><Attribute z:Id="i31"><AttributeType>xyz</AttributeType><IsRequired>true</IsRequired><Value i:type="a:ArrayOfdouble" xmlns:a="http://schemas.microsoft.com/2003/10/Serialization/Arrays"><a:double>0</a:double><a:double>0</a:double><a:double>0</a:double></Value></Attribute><Attribute z:Id="i32"><AttributeType>rpy</AttributeType><IsRequired>true</IsRequired><Value i:type="a:ArrayOfdouble" xmlns:a="http://schemas.microsoft.com/2003/10/Serialization/Arrays"><a:double>0</a:double><a:double>0</a:double><a:double>0</a:double></Value></Attribute></Attributes><ChildElements/><ElementName>origin</ElementName><required>false</required><RPYAttribute z:Ref="i32"/><XYZAttribute z:Ref="i31"/><isCustomized>false</isCustomized></URDFElement><URDFElement z:Id="i33" i:type="Geometry"><Attributes/><ChildElements><URDFElement z:Id="i34" i:type="Mesh"><Attributes><Attribute z:Id="i35"><AttributeType>filename</AttributeType><IsRequired>true</IsRequired><Value i:nil="true"/></Attribute></Attributes><ChildElements/><ElementName>mesh</ElementName><required>false</required><FilenameAttribute z:Ref="i35"/></URDFElement></ChildElements><ElementName>geometry</ElementName><required>true</required><Mesh z:Ref="i34"/></URDFElement></ChildElements><ElementName>collision</ElementName><required>false</required><Geometry z:Ref="i33"/><Origin z:Ref="i30"/></URDFElement><URDFElement z:Id="i36" i:type="Joint"><Attributes><Attribute z:Id="i37"><AttributeType>name</AttributeType><IsRequired>true</IsRequired><Value i:type="a:string" xmlns:a="http://www.w3.org/2001/XMLSchema"/></Attribute><Attribute z:Id="i38"><AttributeType>type</AttributeType><IsRequired>true</IsRequired><Value i:type="a:string" xmlns:a="http://www.w3.org/2001/XMLSchema"/></Attribute></Attributes><ChildElements><URDFElement z:Id="i39" i:type="Origin"><Attributes><Attribute z:Id="i40"><AttributeType>xyz</AttributeType><IsRequired>true</IsRequired><Value i:type="a:ArrayOfdouble" xmlns:a="http://schemas.microsoft.com/2003/10/Serialization/Arrays"><a:double>0</a:double><a:double>0</a:double><a:double>0</a:double></Value></Attribute><Attribute z:Id="i41"><AttributeType>rpy</AttributeType><IsRequired>true</IsRequired><Value i:type="a:ArrayOfdouble" xmlns:a="http://schemas.microsoft.com/2003/10/Serialization/Arrays"><a:double>0</a:double><a:double>0</a:double><a:double>0</a:double></Value></Attribute></Attributes><ChildElements/><ElementName>origin</ElementName><required>false</required><RPYAttribute z:Ref="i41"/><XYZAttribute z:Ref="i40"/><isCustomized>false</isCustomized></URDFElement><URDFElement z:Id="i42" i:type="ParentLink"><Attributes><Attribute z:Id="i43"><AttributeType>link</AttributeType><IsRequired>true</IsRequired><Value i:type="a:string" xmlns:a="http://www.w3.org/2001/XMLSchema"/></Attribute></Attributes><ChildElements/><ElementName>parent</ElementName><required>true</required><NameAttribute z:Ref="i43"/></URDFElement><URDFElement z:Id="i44" i:type="ChildLink"><Attributes><Attribute z:Id="i45"><AttributeType>link</AttributeType><IsRequired>true</IsRequired><Value i:type="a:string" xmlns:a="http://www.w3.org/2001/XMLSchema"/></Attribute></Attributes><ChildElements/><ElementName>child</ElementName><required>true</required><NameAttribute z:Ref="i45"/></URDFElement><URDFElement z:Id="i46" i:type="Axis"><Attributes><Attribute z:Id="i47"><AttributeType>xyz</AttributeType><IsRequired>true</IsRequired><Value i:type="a:ArrayOfdouble" xmlns:a="http://schemas.microsoft.com/2003/10/Serialization/Arrays"><a:double>0</a:double><a:double>0</a:double><a:double>0</a:double></Value></Attribute></Attributes><ChildElements/><ElementName>axis</ElementName><required>false</required><XYZAttribute z:Ref="i47"/></URDFElement><URDFElement z:Id="i48" i:type="Limit"><Attributes><Attribute z:Id="i49"><AttributeType>lower</AttributeType><IsRequired>false</IsRequired><Value i:nil="true"/></Attribute><Attribute z:Id="i50"><AttributeType>upper</AttributeType><IsRequired>false</IsRequired><Value i:nil="true"/></Attribute><Attribute z:Id="i51"><AttributeType>effort</AttributeType><IsRequired>true</IsRequired><Value i:nil="true"/></Attribute><Attribute z:Id="i52"><AttributeType>velocity</AttributeType><IsRequired>true</IsRequired><Value i:nil="true"/></Attribute></Attributes><ChildElements/><ElementName>limit</ElementName><required>false</required><EffortAttribute z:Ref="i51"/><LowerAttribute z:Ref="i49"/><UpperAttribute z:Ref="i50"/><VelocityAttribute z:Ref="i52"/></URDFElement><URDFElement z:Id="i53" i:type="Calibration"><Attributes><Attribute z:Id="i54"><AttributeType>rising</AttributeType><IsRequired>false</IsRequired><Value i:nil="true"/></Attribute><Attribute z:Id="i55"><AttributeType>falling</AttributeType><IsRequired>false</IsRequired><Value i:nil="true"/></Attribute></Attributes><ChildElements/><ElementName>calibration</ElementName><required>false</required><FallingAttribute z:Ref="i55"/><RisingAttribute z:Ref="i54"/></URDFElement><URDFElement z:Id="i56" i:type="Dynamics"><Attributes><Attribute z:Id="i57"><AttributeType>damping</AttributeType><IsRequired>false</IsRequired><Value i:nil="true"/></Attribute><Attribute z:Id="i58"><AttributeType>friction</AttributeType><IsRequired>false</IsRequired><Value i:nil="true"/></Attribute></Attributes><ChildElements/><ElementName>dynamics</ElementName><required>false</required><DampingAttribute z:Ref="i57"/><FrictionAttribute z:Ref="i58"/></URDFElement><URDFElement z:Id="i59" i:type="SafetyController"><Attributes><Attribute z:Id="i60"><AttributeType>soft_upper_limit</AttributeType><IsRequired>false</IsRequired><Value i:nil="true"/></Attribute><Attribute z:Id="i61"><AttributeType>soft_lower_limit</AttributeType><IsRequired>false</IsRequired><Value i:nil="true"/></Attribute><Attribute z:Id="i62"><AttributeType>k_position</AttributeType><IsRequired>false</IsRequired><Value i:nil="true"/></Attribute><Attribute z:Id="i63"><AttributeType>k_velocity</AttributeType><IsRequired>true</IsRequired><Value i:nil="true"/></Attribute></Attributes><ChildElements/><ElementName>safety_controller</ElementName><required>false</required><KPositionAttribute z:Ref="i62"/><KVelocityAttribute z:Ref="i63"/><SoftLowerAttribute z:Ref="i61"/><SoftUpperAttribute z:Ref="i60"/></URDFElement><URDFElement z:Id="i64" i:type="Mimic"><Attributes><Attribute z:Id="i65"><AttributeType>joint</AttributeType><IsRequired>true</IsRequired><Value i:nil="true"/></Attribute><Attribute z:Id="i66"><AttributeType>multiplier</AttributeType><IsRequired>false</IsRequired><Value i:nil="true"/></Attribute><Attribute z:Id="i67"><AttributeType>offset</AttributeType><IsRequired>false</IsRequired><Value i:nil="true"/></Attribute></Attributes><ChildElements/><ElementName>mimic</ElementName><required>false</required><JointNameAttribute z:Ref="i65"/><MultiplierAttribute z:Ref="i66"/><OffsetAttribute z:Ref="i67"/></URDFElement></ChildElements><ElementName>joint</ElementName><required>false</required><Axis z:Ref="i46"/><AxisName/><Calibration z:Ref="i53"/><Child z:Ref="i44"/><CoordinateSystemName>CoordSys_Base</CoordinateSystemName><Dynamics z:Ref="i56"/><Limit z:Ref="i48"/><Mimic z:Ref="i64"/><NameAttribute z:Ref="i37"/><Origin z:Ref="i39"/><Parent z:Ref="i42"/><Safety z:Ref="i59"/><TypeAttribute z:Ref="i38"/></URDFElement></ChildElements><ElementName>link</ElementName><required>true</required><Children><Link z:Id="i68"><Attributes><Attribute z:Id="i69"><AttributeType>name</AttributeType><IsRequired>true</IsRequired><Value i:type="a:string" xmlns:a="http://www.w3.org/2001/XMLSchema">link_back_left</Value></Attribute></Attributes><ChildElements><URDFElement z:Id="i70" i:type="Inertial"><Attributes/><ChildElements><URDFElement z:Id="i71" i:type="Origin"><Attributes><Attribute z:Id="i72"><AttributeType>xyz</AttributeType><IsRequired>true</IsRequired><Value i:type="a:ArrayOfdouble" xmlns:a="http://schemas.microsoft.com/2003/10/Serialization/Arrays"><a:double>-5.0352E-06</a:double><a:double>-0.0024212</a:double><a:double>6.385E-06</a:double></Value></Attribute><Attribute z:Id="i73"><AttributeType>rpy</AttributeType><IsRequired>true</IsRequired><Value i:type="a:ArrayOfdouble" xmlns:a="http://schemas.microsoft.com/2003/10/Serialization/Arrays"><a:double>0</a:double><a:double>0</a:double><a:double>0</a:double></Value></Attribute></Attributes><ChildElements/><ElementName>origin</ElementName><required>false</required><RPYAttribute z:Ref="i73"/><XYZAttribute z:Ref="i72"/><isCustomized>false</isCustomized></URDFElement><URDFElement z:Id="i74" i:type="Mass"><Attributes><Attribute z:Id="i75"><AttributeType>value</AttributeType><IsRequired>true</IsRequired><Value i:type="a:double" xmlns:a="http://www.w3.org/2001/XMLSchema">5.0741</Value></Attribute></Attributes><ChildElements/><ElementName>mass</ElementName><required>false</required><ValueAttribute z:Ref="i75"/></URDFElement><URDFElement z:Id="i76" i:type="Inertia"><Attributes><Attribute z:Id="i77"><AttributeType>ixx</AttributeType><IsRequired>true</IsRequired><Value i:type="a:double" xmlns:a="http://www.w3.org/2001/XMLSchema">0.036669</Value></Attribute><Attribute z:Id="i78"><AttributeType>ixy</AttributeType><IsRequired>true</IsRequired><Value i:type="a:double" xmlns:a="http://www.w3.org/2001/XMLSchema">-2.5769E-07</Value></Attribute><Attribute z:Id="i79"><AttributeType>ixz</AttributeType><IsRequired>true</IsRequired><Value i:type="a:double" xmlns:a="http://www.w3.org/2001/XMLSchema">-1.9301E-07</Value></Attribute><Attribute z:Id="i80"><AttributeType>iyy</AttributeType><IsRequired>true</IsRequired><Value i:type="a:double" xmlns:a="http://www.w3.org/2001/XMLSchema">0.066215</Value></Attribute><Attribute z:Id="i81"><AttributeType>iyz</AttributeType><IsRequired>true</IsRequired><Value i:type="a:double" xmlns:a="http://www.w3.org/2001/XMLSchema">3.2639E-07</Value></Attribute><Attribute z:Id="i82"><AttributeType>izz</AttributeType><IsRequired>true</IsRequired><Value i:type="a:double" xmlns:a="http://www.w3.org/2001/XMLSchema">0.036669</Value></Attribute></Attributes><ChildElements/><ElementName>inertia</ElementName><required>false</required><IxxAttribute z:Ref="i77"/><IxyAttribute z:Ref="i78"/><IxzAttribute z:Ref="i79"/><IyyAttribute z:Ref="i80"/><IyzAttribute z:Ref="i81"/><IzzAttribute z:Ref="i82"/></URDFElement></ChildElements><ElementName>inertial</ElementName><required>false</required><Inertia z:Ref="i76"/><Mass z:Ref="i74"/><Origin z:Ref="i71"/></URDFElement><URDFElement z:Id="i83" i:type="Visual"><Attributes/><ChildElements><URDFElement z:Id="i84" i:type="Origin"><Attributes><Attribute z:Id="i85"><AttributeType>xyz</AttributeType><IsRequired>true</IsRequired><Value i:type="a:ArrayOfdouble" xmlns:a="http://schemas.microsoft.com/2003/10/Serialization/Arrays"><a:double>0</a:double><a:double>0</a:double><a:double>0</a:double></Value></Attribute><Attribute z:Id="i86"><AttributeType>rpy</AttributeType><IsRequired>true</IsRequired><Value i:type="a:ArrayOfdouble" xmlns:a="http://schemas.microsoft.com/2003/10/Serialization/Arrays"><a:double>0</a:double><a:double>0</a:double><a:double>0</a:double></Value></Attribute></Attributes><ChildElements/><ElementName>origin</ElementName><required>false</required><RPYAttribute z:Ref="i86"/><XYZAttribute z:Ref="i85"/><isCustomized>false</isCustomized></URDFElement><URDFElement z:Id="i87" i:type="Geometry"><Attributes/><ChildElements><URDFElement z:Id="i88" i:type="Mesh"><Attributes><Attribute z:Id="i89"><AttributeType>filename</AttributeType><IsRequired>true</IsRequired><Value i:nil="true"/></Attribute></Attributes><ChildElements/><ElementName>mesh</ElementName><required>false</required><FilenameAttribute z:Ref="i89"/></URDFElement></ChildElements><ElementName>geometry</ElementName><required>true</required><Mesh z:Ref="i88"/></URDFElement><URDFElement z:Id="i90" i:type="Material"><Attributes><Attribute z:Id="i91"><AttributeType>name</AttributeType><IsRequired>true</IsRequired><Value i:type="a:string" xmlns:a="http://www.w3.org/2001/XMLSchema"/></Attribute></Attributes><ChildElements><URDFElement z:Id="i92" i:type="Color"><Attributes><Attribute z:Id="i93"><AttributeType>rgba</AttributeType><IsRequired>true</IsRequired><Value i:type="a:ArrayOfdouble" xmlns:a="http://schemas.microsoft.com/2003/10/Serialization/Arrays"><a:double>0.75294</a:double><a:double>0.75294</a:double><a:double>0.75294</a:double><a:double>1</a:double></Value></Attribute></Attributes><ChildElements/><ElementName>color</ElementName><required>false</required><RGBAAttribute z:Ref="i93"/></URDFElement><URDFElement z:Id="i94" i:type="Texture"><Attributes><Attribute z:Id="i95"><AttributeType>filename</AttributeType><IsRequired>true</IsRequired><Value i:nil="true"/></Attribute></Attributes><ChildElements/><ElementName>texture</ElementName><required>false</required><FilenameAttribute z:Ref="i95"/><wFilename/></URDFElement></ChildElements><ElementName>material</ElementName><required>false</required><Color z:Ref="i92"/><NameAttribute z:Ref="i91"/><Texture z:Ref="i94"/></URDFElement></ChildElements><ElementName>visual</ElementName><required>false</required><Geometry z:Ref="i87"/><Material z:Ref="i90"/><Origin z:Ref="i84"/></URDFElement><URDFElement z:Id="i96" i:type="Collision"><Attributes/><ChildElements><URDFElement z:Id="i97" i:type="Origin"><Attributes><Attribute z:Id="i98"><AttributeType>xyz</AttributeType><IsRequired>true</IsRequired><Value i:type="a:ArrayOfdouble" xmlns:a="http://schemas.microsoft.com/2003/10/Serialization/Arrays"><a:double>0</a:double><a:double>0</a:double><a:double>0</a:double></Value></Attribute><Attribute z:Id="i99"><AttributeType>rpy</AttributeType><IsRequired>true</IsRequired><Value i:type="a:ArrayOfdouble" xmlns:a="http://schemas.microsoft.com/2003/10/Serialization/Arrays"><a:double>0</a:double><a:double>0</a:double><a:double>0</a:double></Value></Attribute></Attributes><ChildElements/><ElementName>origin</ElementName><required>false</required><RPYAttribute z:Ref="i99"/><XYZAttribute z:Ref="i98"/><isCustomized>false</isCustomized></URDFElement><URDFElement z:Id="i100" i:type="Geometry"><Attributes/><ChildElements><URDFElement z:Id="i101" i:type="Mesh"><Attributes><Attribute z:Id="i102"><AttributeType>filename</AttributeType><IsRequired>true</IsRequired><Value i:nil="true"/></Attribute></Attributes><ChildElements/><ElementName>mesh</ElementName><required>false</required><FilenameAttribute z:Ref="i102"/></URDFElement></ChildElements><ElementName>geometry</ElementName><required>true</required><Mesh z:Ref="i101"/></URDFElement></ChildElements><ElementName>collision</ElementName><required>false</required><Geometry z:Ref="i100"/><Origin z:Ref="i97"/></URDFElement><URDFElement z:Id="i103" i:type="Joint"><Attributes><Attribute z:Id="i104"><AttributeType>name</AttributeType><IsRequired>true</IsRequired><Value i:type="a:string" xmlns:a="http://www.w3.org/2001/XMLSchema">joint_back_left</Value></Attribute><Attribute z:Id="i105"><AttributeType>type</AttributeType><IsRequired>true</IsRequired><Value i:type="a:string" xmlns:a="http://www.w3.org/2001/XMLSchema">continuous</Value></Attribute></Attributes><ChildElements><URDFElement z:Id="i106" i:type="Origin"><Attributes><Attribute z:Id="i107"><AttributeType>xyz</AttributeType><IsRequired>true</IsRequired><Value i:type="a:ArrayOfdouble" xmlns:a="http://schemas.microsoft.com/2003/10/Serialization/Arrays"><a:double>-0.25156</a:double><a:double>0.30851</a:double><a:double>0.037363</a:double></Value></Attribute><Attribute z:Id="i108"><AttributeType>rpy</AttributeType><IsRequired>true</IsRequired><Value i:type="a:ArrayOfdouble" xmlns:a="http://schemas.microsoft.com/2003/10/Serialization/Arrays"><a:double>0</a:double><a:double>0</a:double><a:double>0</a:double></Value></Attribute></Attributes><ChildElements/><ElementName>origin</ElementName><required>false</required><RPYAttribute z:Ref="i108"/><XYZAttribute z:Ref="i107"/><isCustomized>false</isCustomized></URDFElement><URDFElement z:Id="i109" i:type="ParentLink"><Attributes><Attribute z:Id="i110"><AttributeType>link</AttributeType><IsRequired>true</IsRequired><Value i:type="a:string" xmlns:a="http://www.w3.org/2001/XMLSchema">base_link</Value></Attribute></Attributes><ChildElements/><ElementName>parent</ElementName><required>true</required><NameAttribute z:Ref="i110"/></URDFElement><URDFElement z:Id="i111" i:type="ChildLink"><Attributes><Attribute z:Id="i112"><AttributeType>link</AttributeType><IsRequired>true</IsRequired><Value i:type="a:string" xmlns:a="http://www.w3.org/2001/XMLSchema">link_back_left</Value></Attribute></Attributes><ChildElements/><ElementName>child</ElementName><required>true</required><NameAttribute z:Ref="i112"/></URDFElement><URDFElement z:Id="i113" i:type="Axis"><Attributes><Attribute z:Id="i114"><AttributeType>xyz</AttributeType><IsRequired>true</IsRequired><Value i:type="a:ArrayOfdouble" xmlns:a="http://schemas.microsoft.com/2003/10/Serialization/Arrays"><a:double>0</a:double><a:double>1</a:double><a:double>0</a:double></Value></Attribute></Attributes><ChildElements/><ElementName>axis</ElementName><required>false</required><XYZAttribute z:Ref="i114"/></URDFElement><URDFElement z:Id="i115" i:type="Limit"><Attributes><Attribute z:Id="i116"><AttributeType>lower</AttributeType><IsRequired>false</IsRequired><Value i:nil="true"/></Attribute><Attribute z:Id="i117"><AttributeType>upper</AttributeType><IsRequired>false</IsRequired><Value i:nil="true"/></Attribute><Attribute z:Id="i118"><AttributeType>effort</AttributeType><IsRequired>true</IsRequired><Value i:nil="true"/></Attribute><Attribute z:Id="i119"><AttributeType>velocity</AttributeType><IsRequired>true</IsRequired><Value i:nil="true"/></Attribute></Attributes><ChildElements/><ElementName>limit</ElementName><required>false</required><EffortAttribute z:Ref="i118"/><LowerAttribute z:Ref="i116"/><UpperAttribute z:Ref="i117"/><VelocityAttribute z:Ref="i119"/></URDFElement><URDFElement z:Id="i120" i:type="Calibration"><Attributes><Attribute z:Id="i121"><AttributeType>rising</AttributeType><IsRequired>false</IsRequired><Value i:nil="true"/></Attribute><Attribute z:Id="i122"><AttributeType>falling</AttributeType><IsRequired>false</IsRequired><Value i:nil="true"/></Attribute></Attributes><ChildElements/><ElementName>calibration</ElementName><required>false</required><FallingAttribute z:Ref="i122"/><RisingAttribute z:Ref="i121"/></URDFElement><URDFElement z:Id="i123" i:type="Dynamics"><Attributes><Attribute z:Id="i124"><AttributeType>damping</AttributeType><IsRequired>false</IsRequired><Value i:nil="true"/></Attribute><Attribute z:Id="i125"><AttributeType>friction</AttributeType><IsRequired>false</IsRequired><Value i:nil="true"/></Attribute></Attributes><ChildElements/><ElementName>dynamics</ElementName><required>false</required><DampingAttribute z:Ref="i124"/><FrictionAttribute z:Ref="i125"/></URDFElement><URDFElement z:Id="i126" i:type="SafetyController"><Attributes><Attribute z:Id="i127"><AttributeType>soft_upper_limit</AttributeType><IsRequired>false</IsRequired><Value i:nil="true"/></Attribute><Attribute z:Id="i128"><AttributeType>soft_lower_limit</AttributeType><IsRequired>false</IsRequired><Value i:nil="true"/></Attribute><Attribute z:Id="i129"><AttributeType>k_position</AttributeType><IsRequired>false</IsRequired><Value i:nil="true"/></Attribute><Attribute z:Id="i130"><AttributeType>k_velocity</AttributeType><IsRequired>true</IsRequired><Value i:nil="true"/></Attribute></Attributes><ChildElements/><ElementName>safety_controller</ElementName><required>false</required><KPositionAttribute z:Ref="i129"/><KVelocityAttribute z:Ref="i130"/><SoftLowerAttribute z:Ref="i128"/><SoftUpperAttribute z:Ref="i127"/></URDFElement><URDFElement z:Id="i131" i:type="Mimic"><Attributes><Attribute z:Id="i132"><AttributeType>joint</AttributeType><IsRequired>true</IsRequired><Value i:nil="true"/></Attribute><Attribute z:Id="i133"><AttributeType>multiplier</AttributeType><IsRequired>false</IsRequired><Value i:nil="true"/></Attribute><Attribute z:Id="i134"><AttributeType>offset</AttributeType><IsRequired>false</IsRequired><Value i:nil="true"/></Attribute></Attributes><ChildElements/><ElementName>mimic</ElementName><required>false</required><JointNameAttribute z:Ref="i132"/><MultiplierAttribute z:Ref="i133"/><OffsetAttribute z:Ref="i134"/></URDFElement></ChildElements><ElementName>joint</ElementName><required>false</required><Axis z:Ref="i113"/><AxisName>Axis_WheelBackLeft</AxisName><Calibration z:Ref="i120"/><Child z:Ref="i111"/><CoordinateSystemName>CoordSys_WheelBackLeft</CoordinateSystemName><Dynamics z:Ref="i123"/><Limit z:Ref="i115"/><Mimic z:Ref="i131"/><NameAttribute z:Ref="i104"/><Origin z:Ref="i106"/><Parent z:Ref="i109"/><Safety z:Ref="i126"/><TypeAttribute z:Ref="i105"/></URDFElement></ChildElements><ElementName>link</ElementName><required>true</required><Children/><Collision z:Ref="i96"/><Inertial z:Ref="i70"/><Joint z:Ref="i103"/><NameAttribute z:Ref="i69"/><Parent z:Ref="i1"/><STLQualityFine>false</STLQualityFine><SWComponentPIDs xmlns:a="http://schemas.microsoft.com/2003/10/Serialization/Arrays"><a:base64Binary>gD4AAAUAAAD//v83VwBIAEUARQBMAF8AQwBIAFUATgBLAF8AMQAwADAAMABfAFcAQQBUAFQAXwBWAEEAUgBJAEEATgBUAC0AMwBAAFIATwBWAEUAUgBfADEAMAAwADAAXwBXAEEAVABUAF8AVgBBAFIASQBBAE4AVAAEAAAAEAAAAAEAAAABAAAAyAkAAA==</a:base64Binary></SWComponentPIDs><SWMainComponentPID i:nil="true"/><Visual z:Ref="i83"/><isFixedFrame>false</isFixedFrame><isIncomplete>false</isIncomplete></Link><Link z:Id="i135"><Attributes><Attribute z:Id="i136"><AttributeType>name</AttributeType><IsRequired>true</IsRequired><Value i:type="a:string" xmlns:a="http://www.w3.org/2001/XMLSchema">link_back_right</Value></Attribute></Attributes><ChildElements><URDFElement z:Id="i137" i:type="Inertial"><Attributes/><ChildElements><URDFElement z:Id="i138" i:type="Origin"><Attributes><Attribute z:Id="i139"><AttributeType>xyz</AttributeType><IsRequired>true</IsRequired><Value i:type="a:ArrayOfdouble" xmlns:a="http://schemas.microsoft.com/2003/10/Serialization/Arrays"><a:double>8.1206E-06</a:double><a:double>0.0024212</a:double><a:double>4.2036E-07</a:double></Value></Attribute><Attribute z:Id="i140"><AttributeType>rpy</AttributeType><IsRequired>true</IsRequired><Value i:type="a:ArrayOfdouble" xmlns:a="http://schemas.microsoft.com/2003/10/Serialization/Arrays"><a:double>0</a:double><a:double>0</a:double><a:double>0</a:double></Value></Attribute></Attributes><ChildElements/><ElementName>origin</ElementName><required>false</required><RPYAttribute z:Ref="i140"/><XYZAttribute z:Ref="i139"/><isCustomized>false</isCustomized></URDFElement><URDFElement z:Id="i141" i:type="Mass"><Attributes><Attribute z:Id="i142"><AttributeType>value</AttributeType><IsRequired>true</IsRequired><Value i:type="a:double" xmlns:a="http://www.w3.org/2001/XMLSchema">5.0741</Value></Attribute></Attributes><ChildElements/><ElementName>mass</ElementName><required>false</required><ValueAttribute z:Ref="i142"/></URDFElement><URDFElement z:Id="i143" i:type="Inertia"><Attributes><Attribute z:Id="i144"><AttributeType>ixx</AttributeType><IsRequired>true</IsRequired><Value i:type="a:double" xmlns:a="http://www.w3.org/2001/XMLSchema">0.036669</Value></Attribute><Attribute z:Id="i145"><AttributeType>ixy</AttributeType><IsRequired>true</IsRequired><Value i:type="a:double" xmlns:a="http://www.w3.org/2001/XMLSchema">-4.1531E-07</Value></Attribute><Attribute z:Id="i146"><AttributeType>ixz</AttributeType><IsRequired>true</IsRequired><Value i:type="a:double" xmlns:a="http://www.w3.org/2001/XMLSchema">1.718E-08</Value></Attribute><Attribute z:Id="i147"><AttributeType>iyy</AttributeType><IsRequired>true</IsRequired><Value i:type="a:double" xmlns:a="http://www.w3.org/2001/XMLSchema">0.066215</Value></Attribute><Attribute z:Id="i148"><AttributeType>iyz</AttributeType><IsRequired>true</IsRequired><Value i:type="a:double" xmlns:a="http://www.w3.org/2001/XMLSchema">-2.1256E-08</Value></Attribute><Attribute z:Id="i149"><AttributeType>izz</AttributeType><IsRequired>true</IsRequired><Value i:type="a:double" xmlns:a="http://www.w3.org/2001/XMLSchema">0.036669</Value></Attribute></Attributes><ChildElements/><ElementName>inertia</ElementName><required>false</required><IxxAttribute z:Ref="i144"/><IxyAttribute z:Ref="i145"/><IxzAttribute z:Ref="i146"/><IyyAttribute z:Ref="i147"/><IyzAttribute z:Ref="i148"/><IzzAttribute z:Ref="i149"/></URDFElement></ChildElements><ElementName>inertial</ElementName><required>false</required><Inertia z:Ref="i143"/><Mass z:Ref="i141"/><Origin z:Ref="i138"/></URDFElement><URDFElement z:Id="i150" i:type="Visual"><Attributes/><ChildElements><URDFElement z:Id="i151" i:type="Origin"><Attributes><Attribute z:Id="i152"><AttributeType>xyz</AttributeType><IsRequired>true</IsRequired><Value i:type="a:ArrayOfdouble" xmlns:a="http://schemas.microsoft.com/2003/10/Serialization/Arrays"><a:double>0</a:double><a:double>0</a:double><a:double>0</a:double></Value></Attribute><Attribute z:Id="i153"><AttributeType>rpy</AttributeType><IsRequired>true</IsRequired><Value i:type="a:ArrayOfdouble" xmlns:a="http://schemas.microsoft.com/2003/10/Serialization/Arrays"><a:double>0</a:double><a:double>0</a:double><a:double>0</a:double></Value></Attribute></Attributes><ChildElements/><ElementName>origin</ElementName><required>false</required><RPYAttribute z:Ref="i153"/><XYZAttribute z:Ref="i152"/><isCustomized>false</isCustomized></URDFElement><URDFElement z:Id="i154" i:type="Geometry"><Attributes/><ChildElements><URDFElement z:Id="i155" i:type="Mesh"><Attributes><Attribute z:Id="i156"><AttributeType>filename</AttributeType><IsRequired>true</IsRequired><Value i:nil="true"/></Attribute></Attributes><ChildElements/><ElementName>mesh</ElementName><required>false</required><FilenameAttribute z:Ref="i156"/></URDFElement></ChildElements><ElementName>geometry</ElementName><required>true</required><Mesh z:Ref="i155"/></URDFElement><URDFElement z:Id="i157" i:type="Material"><Attributes><Attribute z:Id="i158"><AttributeType>name</AttributeType><IsRequired>true</IsRequired><Value i:type="a:string" xmlns:a="http://www.w3.org/2001/XMLSchema"/></Attribute></Attributes><ChildElements><URDFElement z:Id="i159" i:type="Color"><Attributes><Attribute z:Id="i160"><AttributeType>rgba</AttributeType><IsRequired>true</IsRequired><Value i:type="a:ArrayOfdouble" xmlns:a="http://schemas.microsoft.com/2003/10/Serialization/Arrays"><a:double>0.75294</a:double><a:double>0.75294</a:double><a:double>0.75294</a:double><a:double>1</a:double></Value></Attribute></Attributes><ChildElements/><ElementName>color</ElementName><required>false</required><RGBAAttribute z:Ref="i160"/></URDFElement><URDFElement z:Id="i161" i:type="Texture"><Attributes><Attribute z:Id="i162"><AttributeType>filename</AttributeType><IsRequired>true</IsRequired><Value i:nil="true"/></Attribute></Attributes><ChildElements/><ElementName>texture</ElementName><required>false</required><FilenameAttribute z:Ref="i162"/><wFilename/></URDFElement></ChildElements><ElementName>material</ElementName><required>false</required><Color z:Ref="i159"/><NameAttribute z:Ref="i158"/><Texture z:Ref="i161"/></URDFElement></ChildElements><ElementName>visual</ElementName><required>false</required><Geometry z:Ref="i154"/><Material z:Ref="i157"/><Origin z:Ref="i151"/></URDFElement><URDFElement z:Id="i163" i:type="Collision"><Attributes/><ChildElements><URDFElement z:Id="i164" i:type="Origin"><Attributes><Attribute z:Id="i165"><AttributeType>xyz</AttributeType><IsRequired>true</IsRequired><Value i:type="a:ArrayOfdouble" xmlns:a="http://schemas.microsoft.com/2003/10/Serialization/Arrays"><a:double>0</a:double><a:double>0</a:double><a:double>0</a:double></Value></Attribute><Attribute z:Id="i166"><AttributeType>rpy</AttributeType><IsRequired>true</IsRequired><Value i:type="a:ArrayOfdouble" xmlns:a="http://schemas.microsoft.com/2003/10/Serialization/Arrays"><a:double>0</a:double><a:double>0</a:double><a:double>0</a:double></Value></Attribute></Attributes><ChildElements/><ElementName>origin</ElementName><required>false</required><RPYAttribute z:Ref="i166"/><XYZAttribute z:Ref="i165"/><isCustomized>false</isCustomized></URDFElement><URDFElement z:Id="i167" i:type="Geometry"><Attributes/><ChildElements><URDFElement z:Id="i168" i:type="Mesh"><Attributes><Attribute z:Id="i169"><AttributeType>filename</AttributeType><IsRequired>true</IsRequired><Value i:nil="true"/></Attribute></Attributes><ChildElements/><ElementName>mesh</ElementName><required>false</required><FilenameAttribute z:Ref="i169"/></URDFElement></ChildElements><ElementName>geometry</ElementName><required>true</required><Mesh z:Ref="i168"/></URDFElement></ChildElements><ElementName>collision</ElementName><required>false</required><Geometry z:Ref="i167"/><Origin z:Ref="i164"/></URDFElement><URDFElement z:Id="i170" i:type="Joint"><Attributes><Attribute z:Id="i171"><AttributeType>name</AttributeType><IsRequired>true</IsRequired><Value i:type="a:string" xmlns:a="http://www.w3.org/2001/XMLSchema">joint_back_right</Value></Attribute><Attribute z:Id="i172"><AttributeType>type</AttributeType><IsRequired>true</IsRequired><Value i:type="a:string" xmlns:a="http://www.w3.org/2001/XMLSchema">continuous</Value></Attribute></Attributes><ChildElements><URDFElement z:Id="i173" i:type="Origin"><Attributes><Attribute z:Id="i174"><AttributeType>xyz</AttributeType><IsRequired>true</IsRequired><Value i:type="a:ArrayOfdouble" xmlns:a="http://schemas.microsoft.com/2003/10/Serialization/Arrays"><a:double>-0.25156</a:double><a:double>-0.30851</a:double><a:double>0.037363</a:double></Value></Attribute><Attribute z:Id="i175"><AttributeType>rpy</AttributeType><IsRequired>true</IsRequired><Value i:type="a:ArrayOfdouble" xmlns:a="http://schemas.microsoft.com/2003/10/Serialization/Arrays"><a:double>0</a:double><a:double>0</a:double><a:double>0</a:double></Value></Attribute></Attributes><ChildElements/><ElementName>origin</ElementName><required>false</required><RPYAttribute z:Ref="i175"/><XYZAttribute z:Ref="i174"/><isCustomized>false</isCustomized></URDFElement><URDFElement z:Id="i176" i:type="ParentLink"><Attributes><Attribute z:Id="i177"><AttributeType>link</AttributeType><IsRequired>true</IsRequired><Value i:type="a:string" xmlns:a="http://www.w3.org/2001/XMLSchema">base_link</Value></Attribute></Attributes><ChildElements/><ElementName>parent</ElementName><required>true</required><NameAttribute z:Ref="i177"/></URDFElement><URDFElement z:Id="i178" i:type="ChildLink"><Attributes><Attribute z:Id="i179"><AttributeType>link</AttributeType><IsRequired>true</IsRequired><Value i:type="a:string" xmlns:a="http://www.w3.org/2001/XMLSchema">link_back_right</Value></Attribute></Attributes><ChildElements/><ElementName>child</ElementName><required>true</required><NameAttribute z:Ref="i179"/></URDFElement><URDFElement z:Id="i180" i:type="Axis"><Attributes><Attribute z:Id="i181"><AttributeType>xyz</AttributeType><IsRequired>true</IsRequired><Value i:type="a:ArrayOfdouble" xmlns:a="http://schemas.microsoft.com/2003/10/Serialization/Arrays"><a:double>0</a:double><a:double>1</a:double><a:double>0</a:double></Value></Attribute></Attributes><ChildElements/><ElementName>axis</ElementName><required>false</required><XYZAttribute z:Ref="i181"/></URDFElement><URDFElement z:Id="i182" i:type="Limit"><Attributes><Attribute z:Id="i183"><AttributeType>lower</AttributeType><IsRequired>false</IsRequired><Value i:nil="true"/></Attribute><Attribute z:Id="i184"><AttributeType>upper</AttributeType><IsRequired>false</IsRequired><Value i:nil="true"/></Attribute><Attribute z:Id="i185"><AttributeType>effort</AttributeType><IsRequired>true</IsRequired><Value i:nil="true"/></Attribute><Attribute z:Id="i186"><AttributeType>velocity</AttributeType><IsRequired>true</IsRequired><Value i:nil="true"/></Attribute></Attributes><ChildElements/><ElementName>limit</ElementName><required>false</required><EffortAttribute z:Ref="i185"/><LowerAttribute z:Ref="i183"/><UpperAttribute z:Ref="i184"/><VelocityAttribute z:Ref="i186"/></URDFElement><URDFElement z:Id="i187" i:type="Calibration"><Attributes><Attribute z:Id="i188"><AttributeType>rising</AttributeType><IsRequired>false</IsRequired><Value i:nil="true"/></Attribute><Attribute z:Id="i189"><AttributeType>falling</AttributeType><IsRequired>false</IsRequired><Value i:nil="true"/></Attribute></Attributes><ChildElements/><ElementName>calibration</ElementName><required>false</required><FallingAttribute z:Ref="i189"/><RisingAttribute z:Ref="i188"/></URDFElement><URDFElement z:Id="i190" i:type="Dynamics"><Attributes><Attribute z:Id="i191"><AttributeType>damping</AttributeType><IsRequired>false</IsRequired><Value i:nil="true"/></Attribute><Attribute z:Id="i192"><AttributeType>friction</AttributeType><IsRequired>false</IsRequired><Value i:nil="true"/></Attribute></Attributes><ChildElements/><ElementName>dynamics</ElementName><required>false</required><DampingAttribute z:Ref="i191"/><FrictionAttribute z:Ref="i192"/></URDFElement><URDFElement z:Id="i193" i:type="SafetyController"><Attributes><Attribute z:Id="i194"><AttributeType>soft_upper_limit</AttributeType><IsRequired>false</IsRequired><Value i:nil="true"/></Attribute><Attribute z:Id="i195"><AttributeType>soft_lower_limit</AttributeType><IsRequired>false</IsRequired><Value i:nil="true"/></Attribute><Attribute z:Id="i196"><AttributeType>k_position</AttributeType><IsRequired>false</IsRequired><Value i:nil="true"/></Attribute><Attribute z:Id="i197"><AttributeType>k_velocity</AttributeType><IsRequired>true</IsRequired><Value i:nil="true"/></Attribute></Attributes><ChildElements/><ElementName>safety_controller</ElementName><required>false</required><KPositionAttribute z:Ref="i196"/><KVelocityAttribute z:Ref="i197"/><SoftLowerAttribute z:Ref="i195"/><SoftUpperAttribute z:Ref="i194"/></URDFElement><URDFElement z:Id="i198" i:type="Mimic"><Attributes><Attribute z:Id="i199"><AttributeType>joint</AttributeType><IsRequired>true</IsRequired><Value i:nil="true"/></Attribute><Attribute z:Id="i200"><AttributeType>multiplier</AttributeType><IsRequired>false</IsRequired><Value i:nil="true"/></Attribute><Attribute z:Id="i201"><AttributeType>offset</AttributeType><IsRequired>false</IsRequired><Value i:nil="true"/></Attribute></Attributes><ChildElements/><ElementName>mimic</ElementName><required>false</required><JointNameAttribute z:Ref="i199"/><MultiplierAttribute z:Ref="i200"/><OffsetAttribute z:Ref="i201"/></URDFElement></ChildElements><ElementName>joint</ElementName><required>false</required><Axis z:Ref="i180"/><AxisName>Axis_WheelBackRight</AxisName><Calibration z:Ref="i187"/><Child z:Ref="i178"/><CoordinateSystemName>CoordSys_WheelBackRight</CoordinateSystemName><Dynamics z:Ref="i190"/><Limit z:Ref="i182"/><Mimic z:Ref="i198"/><NameAttribute z:Ref="i171"/><Origin z:Ref="i173"/><Parent z:Ref="i176"/><Safety z:Ref="i193"/><TypeAttribute z:Ref="i172"/></URDFElement></ChildElements><ElementName>link</ElementName><required>true</required><Children/><Collision z:Ref="i163"/><Inertial z:Ref="i137"/><Joint z:Ref="i170"/><NameAttribute z:Ref="i136"/><Parent z:Ref="i1"/><STLQualityFine>false</STLQualityFine><SWComponentPIDs xmlns:a="http://schemas.microsoft.com/2003/10/Serialization/Arrays"><a:base64Binary>gD4AAAUAAAD//v83VwBIAEUARQBMAF8AQwBIAFUATgBLAF8AMQAwADAAMABfAFcAQQBUAFQAXwBWAEEAUgBJAEEATgBUAC0ANABAAFIATwBWAEUAUgBfADEAMAAwADAAXwBXAEEAVABUAF8AVgBBAFIASQBBAE4AVAAEAAAAEAAAAAEAAAABAAAAzAkAAA==</a:base64Binary></SWComponentPIDs><SWMainComponentPID i:nil="true"/><Visual z:Ref="i150"/><isFixedFrame>false</isFixedFrame><isIncomplete>false</isIncomplete></Link><Link z:Id="i202"><Attributes><Attribute z:Id="i203"><AttributeType>name</AttributeType><IsRequired>true</IsRequired><Value i:type="a:string" xmlns:a="http://www.w3.org/2001/XMLSchema">link_front_right</Value></Attribute></Attributes><ChildElements><URDFElement z:Id="i204" i:type="Inertial"><Attributes/><ChildElements><URDFElement z:Id="i205" i:type="Origin"><Attributes><Attribute z:Id="i206"><AttributeType>xyz</AttributeType><IsRequired>true</IsRequired><Value i:type="a:ArrayOfdouble" xmlns:a="http://schemas.microsoft.com/2003/10/Serialization/Arrays"><a:double>3.603E-06</a:double><a:double>0.0024212</a:double><a:double>7.2897E-06</a:double></Value></Attribute><Attribute z:Id="i207"><AttributeType>rpy</AttributeType><IsRequired>true</IsRequired><Value i:type="a:ArrayOfdouble" xmlns:a="http://schemas.microsoft.com/2003/10/Serialization/Arrays"><a:double>0</a:double><a:double>0</a:double><a:double>0</a:double></Value></Attribute></Attributes><ChildElements/><ElementName>origin</ElementName><required>false</required><RPYAttribute z:Ref="i207"/><XYZAttribute z:Ref="i206"/><isCustomized>false</isCustomized></URDFElement><URDFElement z:Id="i208" i:type="Mass"><Attributes><Attribute z:Id="i209"><AttributeType>value</AttributeType><IsRequired>true</IsRequired><Value i:type="a:double" xmlns:a="http://www.w3.org/2001/XMLSchema">5.0741</Value></Attribute></Attributes><ChildElements/><ElementName>mass</ElementName><required>false</required><ValueAttribute z:Ref="i209"/></URDFElement><URDFElement z:Id="i210" i:type="Inertia"><Attributes><Attribute z:Id="i211"><AttributeType>ixx</AttributeType><IsRequired>true</IsRequired><Value i:type="a:double" xmlns:a="http://www.w3.org/2001/XMLSchema">0.036669</Value></Attribute><Attribute z:Id="i212"><AttributeType>ixy</AttributeType><IsRequired>true</IsRequired><Value i:type="a:double" xmlns:a="http://www.w3.org/2001/XMLSchema">-1.8448E-07</Value></Attribute><Attribute z:Id="i213"><AttributeType>ixz</AttributeType><IsRequired>true</IsRequired><Value i:type="a:double" xmlns:a="http://www.w3.org/2001/XMLSchema">1.5903E-07</Value></Attribute><Attribute z:Id="i214"><AttributeType>iyy</AttributeType><IsRequired>true</IsRequired><Value i:type="a:double" xmlns:a="http://www.w3.org/2001/XMLSchema">0.066215</Value></Attribute><Attribute z:Id="i215"><AttributeType>iyz</AttributeType><IsRequired>true</IsRequired><Value i:type="a:double" xmlns:a="http://www.w3.org/2001/XMLSchema">-3.7269E-07</Value></Attribute><Attribute z:Id="i216"><AttributeType>izz</AttributeType><IsRequired>true</IsRequired><Value i:type="a:double" xmlns:a="http://www.w3.org/2001/XMLSchema">0.036669</Value></Attribute></Attributes><ChildElements/><ElementName>inertia</ElementName><required>false</required><IxxAttribute z:Ref="i211"/><IxyAttribute z:Ref="i212"/><IxzAttribute z:Ref="i213"/><IyyAttribute z:Ref="i214"/><IyzAttribute z:Ref="i215"/><IzzAttribute z:Ref="i216"/></URDFElement></ChildElements><ElementName>inertial</ElementName><required>false</required><Inertia z:Ref="i210"/><Mass z:Ref="i208"/><Origin z:Ref="i205"/></URDFElement><URDFElement z:Id="i217" i:type="Visual"><Attributes/><ChildElements><URDFElement z:Id="i218" i:type="Origin"><Attributes><Attribute z:Id="i219"><AttributeType>xyz</AttributeType><IsRequired>true</IsRequired><Value i:type="a:ArrayOfdouble" xmlns:a="http://schemas.microsoft.com/2003/10/Serialization/Arrays"><a:double>0</a:double><a:double>0</a:double><a:double>0</a:double></Value></Attribute><Attribute z:Id="i220"><AttributeType>rpy</AttributeType><IsRequired>true</IsRequired><Value i:type="a:ArrayOfdouble" xmlns:a="http://schemas.microsoft.com/2003/10/Serialization/Arrays"><a:double>0</a:double><a:double>0</a:double><a:double>0</a:double></Value></Attribute></Attributes><ChildElements/><ElementName>origin</ElementName><required>false</required><RPYAttribute z:Ref="i220"/><XYZAttribute z:Ref="i219"/><isCustomized>false</isCustomized></URDFElement><URDFElement z:Id="i221" i:type="Geometry"><Attributes/><ChildElements><URDFElement z:Id="i222" i:type="Mesh"><Attributes><Attribute z:Id="i223"><AttributeType>filename</AttributeType><IsRequired>true</IsRequired><Value i:nil="true"/></Attribute></Attributes><ChildElements/><ElementName>mesh</ElementName><required>false</required><FilenameAttribute z:Ref="i223"/></URDFElement></ChildElements><ElementName>geometry</ElementName><required>true</required><Mesh z:Ref="i222"/></URDFElement><URDFElement z:Id="i224" i:type="Material"><Attributes><Attribute z:Id="i225"><AttributeType>name</AttributeType><IsRequired>true</IsRequired><Value i:type="a:string" xmlns:a="http://www.w3.org/2001/XMLSchema"/></Attribute></Attributes><ChildElements><URDFElement z:Id="i226" i:type="Color"><Attributes><Attribute z:Id="i227"><AttributeType>rgba</AttributeType><IsRequired>true</IsRequired><Value i:type="a:ArrayOfdouble" xmlns:a="http://schemas.microsoft.com/2003/10/Serialization/Arrays"><a:double>0.75294</a:double><a:double>0.75294</a:double><a:double>0.75294</a:double><a:double>1</a:double></Value></Attribute></Attributes><ChildElements/><ElementName>color</ElementName><required>false</required><RGBAAttribute z:Ref="i227"/></URDFElement><URDFElement z:Id="i228" i:type="Texture"><Attributes><Attribute z:Id="i229"><AttributeType>filename</AttributeType><IsRequired>true</IsRequired><Value i:nil="true"/></Attribute></Attributes><ChildElements/><ElementName>texture</ElementName><required>false</required><FilenameAttribute z:Ref="i229"/><wFilename/></URDFElement></ChildElements><ElementName>material</ElementName><required>false</required><Color z:Ref="i226"/><NameAttribute z:Ref="i225"/><Texture z:Ref="i228"/></URDFElement></ChildElements><ElementName>visual</ElementName><required>false</required><Geometry z:Ref="i221"/><Material z:Ref="i224"/><Origin z:Ref="i218"/></URDFElement><URDFElement z:Id="i230" i:type="Collision"><Attributes/><ChildElements><URDFElement z:Id="i231" i:type="Origin"><Attributes><Attribute z:Id="i232"><AttributeType>xyz</AttributeType><IsRequired>true</IsRequired><Value i:type="a:ArrayOfdouble" xmlns:a="http://schemas.microsoft.com/2003/10/Serialization/Arrays"><a:double>0</a:double><a:double>0</a:double><a:double>0</a:double></Value></Attribute><Attribute z:Id="i233"><AttributeType>rpy</AttributeType><IsRequired>true</IsRequired><Value i:type="a:ArrayOfdouble" xmlns:a="http://schemas.microsoft.com/2003/10/Serialization/Arrays"><a:double>0</a:double><a:double>0</a:double><a:double>0</a:double></Value></Attribute></Attributes><ChildElements/><ElementName>origin</ElementName><required>false</required><RPYAttribute z:Ref="i233"/><XYZAttribute z:Ref="i232"/><isCustomized>false</isCustomized></URDFElement><URDFElement z:Id="i234" i:type="Geometry"><Attributes/><ChildElements><URDFElement z:Id="i235" i:type="Mesh"><Attributes><Attribute z:Id="i236"><AttributeType>filename</AttributeType><IsRequired>true</IsRequired><Value i:nil="true"/></Attribute></Attributes><ChildElements/><ElementName>mesh</ElementName><required>false</required><FilenameAttribute z:Ref="i236"/></URDFElement></ChildElements><ElementName>geometry</ElementName><required>true</required><Mesh z:Ref="i235"/></URDFElement></ChildElements><ElementName>collision</ElementName><required>false</required><Geometry z:Ref="i234"/><Origin z:Ref="i231"/></URDFElement><URDFElement z:Id="i237" i:type="Joint"><Attributes><Attribute z:Id="i238"><AttributeType>name</AttributeType><IsRequired>true</IsRequired><Value i:type="a:string" xmlns:a="http://www.w3.org/2001/XMLSchema">joint_front_right</Value></Attribute><Attribute z:Id="i239"><AttributeType>type</AttributeType><IsRequired>true</IsRequired><Value i:type="a:string" xmlns:a="http://www.w3.org/2001/XMLSchema">continuous</Value></Attribute></Attributes><ChildElements><URDFElement z:Id="i240" i:type="Origin"><Attributes><Attribute z:Id="i241"><AttributeType>xyz</AttributeType><IsRequired>true</IsRequired><Value i:type="a:ArrayOfdouble" xmlns:a="http://schemas.microsoft.com/2003/10/Serialization/Arrays"><a:double>0.2515</a:double><a:double>-0.30851</a:double><a:double>0.037363</a:double></Value></Attribute><Attribute z:Id="i242"><AttributeType>rpy</AttributeType><IsRequired>true</IsRequired><Value i:type="a:ArrayOfdouble" xmlns:a="http://schemas.microsoft.com/2003/10/Serialization/Arrays"><a:double>0</a:double><a:double>0</a:double><a:double>0</a:double></Value></Attribute></Attributes><ChildElements/><ElementName>origin</ElementName><required>false</required><RPYAttribute z:Ref="i242"/><XYZAttribute z:Ref="i241"/><isCustomized>false</isCustomized></URDFElement><URDFElement z:Id="i243" i:type="ParentLink"><Attributes><Attribute z:Id="i244"><AttributeType>link</AttributeType><IsRequired>true</IsRequired><Value i:type="a:string" xmlns:a="http://www.w3.org/2001/XMLSchema">base_link</Value></Attribute></Attributes><ChildElements/><ElementName>parent</ElementName><required>true</required><NameAttribute z:Ref="i244"/></URDFElement><URDFElement z:Id="i245" i:type="ChildLink"><Attributes><Attribute z:Id="i246"><AttributeType>link</AttributeType><IsRequired>true</IsRequired><Value i:type="a:string" xmlns:a="http://www.w3.org/2001/XMLSchema">link_front_right</Value></Attribute></Attributes><ChildElements/><ElementName>child</ElementName><required>true</required><NameAttribute z:Ref="i246"/></URDFElement><URDFElement z:Id="i247" i:type="Axis"><Attributes><Attribute z:Id="i248"><AttributeType>xyz</AttributeType><IsRequired>true</IsRequired><Value i:type="a:ArrayOfdouble" xmlns:a="http://schemas.microsoft.com/2003/10/Serialization/Arrays"><a:double>0</a:double><a:double>1</a:double><a:double>0</a:double></Value></Attribute></Attributes><ChildElements/><ElementName>axis</ElementName><required>false</required><XYZAttribute z:Ref="i248"/></URDFElement><URDFElement z:Id="i249" i:type="Limit"><Attributes><Attribute z:Id="i250"><AttributeType>lower</AttributeType><IsRequired>false</IsRequired><Value i:nil="true"/></Attribute><Attribute z:Id="i251"><AttributeType>upper</AttributeType><IsRequired>false</IsRequired><Value i:nil="true"/></Attribute><Attribute z:Id="i252"><AttributeType>effort</AttributeType><IsRequired>true</IsRequired><Value i:nil="true"/></Attribute><Attribute z:Id="i253"><AttributeType>velocity</AttributeType><IsRequired>true</IsRequired><Value i:nil="true"/></Attribute></Attributes><ChildElements/><ElementName>limit</ElementName><required>false</required><EffortAttribute z:Ref="i252"/><LowerAttribute z:Ref="i250"/><UpperAttribute z:Ref="i251"/><VelocityAttribute z:Ref="i253"/></URDFElement><URDFElement z:Id="i254" i:type="Calibration"><Attributes><Attribute z:Id="i255"><AttributeType>rising</AttributeType><IsRequired>false</IsRequired><Value i:nil="true"/></Attribute><Attribute z:Id="i256"><AttributeType>falling</AttributeType><IsRequired>false</IsRequired><Value i:nil="true"/></Attribute></Attributes><ChildElements/><ElementName>calibration</ElementName><required>false</required><FallingAttribute z:Ref="i256"/><RisingAttribute z:Ref="i255"/></URDFElement><URDFElement z:Id="i257" i:type="Dynamics"><Attributes><Attribute z:Id="i258"><AttributeType>damping</AttributeType><IsRequired>false</IsRequired><Value i:nil="true"/></Attribute><Attribute z:Id="i259"><AttributeType>friction</AttributeType><IsRequired>false</IsRequired><Value i:nil="true"/></Attribute></Attributes><ChildElements/><ElementName>dynamics</ElementName><required>false</required><DampingAttribute z:Ref="i258"/><FrictionAttribute z:Ref="i259"/></URDFElement><URDFElement z:Id="i260" i:type="SafetyController"><Attributes><Attribute z:Id="i261"><AttributeType>soft_upper_limit</AttributeType><IsRequired>false</IsRequired><Value i:nil="true"/></Attribute><Attribute z:Id="i262"><AttributeType>soft_lower_limit</AttributeType><IsRequired>false</IsRequired><Value i:nil="true"/></Attribute><Attribute z:Id="i263"><AttributeType>k_position</AttributeType><IsRequired>false</IsRequired><Value i:nil="true"/></Attribute><Attribute z:Id="i264"><AttributeType>k_velocity</AttributeType><IsRequired>true</IsRequired><Value i:nil="true"/></Attribute></Attributes><ChildElements/><ElementName>safety_controller</ElementName><required>false</required><KPositionAttribute z:Ref="i263"/><KVelocityAttribute z:Ref="i264"/><SoftLowerAttribute z:Ref="i262"/><SoftUpperAttribute z:Ref="i261"/></URDFElement><URDFElement z:Id="i265" i:type="Mimic"><Attributes><Attribute z:Id="i266"><AttributeType>joint</AttributeType><IsRequired>true</IsRequired><Value i:nil="true"/></Attribute><Attribute z:Id="i267"><AttributeType>multiplier</AttributeType><IsRequired>false</IsRequired><Value i:nil="true"/></Attribute><Attribute z:Id="i268"><AttributeType>offset</AttributeType><IsRequired>false</IsRequired><Value i:nil="true"/></Attribute></Attributes><ChildElements/><ElementName>mimic</ElementName><required>false</required><JointNameAttribute z:Ref="i266"/><MultiplierAttribute z:Ref="i267"/><OffsetAttribute z:Ref="i268"/></URDFElement></ChildElements><ElementName>joint</ElementName><required>false</required><Axis z:Ref="i247"/><AxisName>Axis_WheelFrontRight</AxisName><Calibration z:Ref="i254"/><Child z:Ref="i245"/><CoordinateSystemName>CoordSys_WheelFrontRight</CoordinateSystemName><Dynamics z:Ref="i257"/><Limit z:Ref="i249"/><Mimic z:Ref="i265"/><NameAttribute z:Ref="i238"/><Origin z:Ref="i240"/><Parent z:Ref="i243"/><Safety z:Ref="i260"/><TypeAttribute z:Ref="i239"/></URDFElement></ChildElements><ElementName>link</ElementName><required>true</required><Children/><Collision z:Ref="i230"/><Inertial z:Ref="i204"/><Joint z:Ref="i237"/><NameAttribute z:Ref="i203"/><Parent z:Ref="i1"/><STLQualityFine>false</STLQualityFine><SWComponentPIDs xmlns:a="http://schemas.microsoft.com/2003/10/Serialization/Arrays"><a:base64Binary>gD4AAAUAAAD//v83VwBIAEUARQBMAF8AQwBIAFUATgBLAF8AMQAwADAAMABfAFcAQQBUAFQAXwBWAEEAUgBJAEEATgBUAC0ANQBAAFIATwBWAEUAUgBfADEAMAAwADAAXwBXAEEAVABUAF8AVgBBAFIASQBBAE4AVAAEAAAAEAAAAAEAAAABAAAA0AkAAA==</a:base64Binary></SWComponentPIDs><SWMainComponentPID i:nil="true"/><Visual z:Ref="i217"/><isFixedFrame>false</isFixedFrame><isIncomplete>false</isIncomplete></Link><Link z:Id="i269"><Attributes><Attribute z:Id="i270"><AttributeType>name</AttributeType><IsRequired>true</IsRequired><Value i:type="a:string" xmlns:a="http://www.w3.org/2001/XMLSchema">link_front_left</Value></Attribute></Attributes><ChildElements><URDFElement z:Id="i271" i:type="Inertial"><Attributes/><ChildElements><URDFElement z:Id="i272" i:type="Origin"><Attributes><Attribute z:Id="i273"><AttributeType>xyz</AttributeType><IsRequired>true</IsRequired><Value i:type="a:ArrayOfdouble" xmlns:a="http://schemas.microsoft.com/2003/10/Serialization/Arrays"><a:double>-8.0762E-06</a:double><a:double>-0.0024212</a:double><a:double>9.4689E-07</a:double></Value></Attribute><Attribute z:Id="i274"><AttributeType>rpy</AttributeType><IsRequired>true</IsRequired><Value i:type="a:ArrayOfdouble" xmlns:a="http://schemas.microsoft.com/2003/10/Serialization/Arrays"><a:double>0</a:double><a:double>0</a:double><a:double>0</a:double></Value></Attribute></Attributes><ChildElements/><ElementName>origin</ElementName><required>false</required><RPYAttribute z:Ref="i274"/><XYZAttribute z:Ref="i273"/><isCustomized>false</isCustomized></URDFElement><URDFElement z:Id="i275" i:type="Mass"><Attributes><Attribute z:Id="i276"><AttributeType>value</AttributeType><IsRequired>true</IsRequired><Value i:type="a:double" xmlns:a="http://www.w3.org/2001/XMLSchema">5.0741</Value></Attribute></Attributes><ChildElements/><ElementName>mass</ElementName><required>false</required><ValueAttribute z:Ref="i276"/></URDFElement><URDFElement z:Id="i277" i:type="Inertia"><Attributes><Attribute z:Id="i278"><AttributeType>ixx</AttributeType><IsRequired>true</IsRequired><Value i:type="a:double" xmlns:a="http://www.w3.org/2001/XMLSchema">0.036669</Value></Attribute><Attribute z:Id="i279"><AttributeType>ixy</AttributeType><IsRequired>true</IsRequired><Value i:type="a:double" xmlns:a="http://www.w3.org/2001/XMLSchema">-4.1305E-07</Value></Attribute><Attribute z:Id="i280"><AttributeType>ixz</AttributeType><IsRequired>true</IsRequired><Value i:type="a:double" xmlns:a="http://www.w3.org/2001/XMLSchema">-4.2569E-08</Value></Attribute><Attribute z:Id="i281"><AttributeType>iyy</AttributeType><IsRequired>true</IsRequired><Value i:type="a:double" xmlns:a="http://www.w3.org/2001/XMLSchema">0.066215</Value></Attribute><Attribute z:Id="i282"><AttributeType>iyz</AttributeType><IsRequired>true</IsRequired><Value i:type="a:double" xmlns:a="http://www.w3.org/2001/XMLSchema">4.8185E-08</Value></Attribute><Attribute z:Id="i283"><AttributeType>izz</AttributeType><IsRequired>true</IsRequired><Value i:type="a:double" xmlns:a="http://www.w3.org/2001/XMLSchema">0.036669</Value></Attribute></Attributes><ChildElements/><ElementName>inertia</ElementName><required>false</required><IxxAttribute z:Ref="i278"/><IxyAttribute z:Ref="i279"/><IxzAttribute z:Ref="i280"/><IyyAttribute z:Ref="i281"/><IyzAttribute z:Ref="i282"/><IzzAttribute z:Ref="i283"/></URDFElement></ChildElements><ElementName>inertial</ElementName><required>false</required><Inertia z:Ref="i277"/><Mass z:Ref="i275"/><Origin z:Ref="i272"/></URDFElement><URDFElement z:Id="i284" i:type="Visual"><Attributes/><ChildElements><URDFElement z:Id="i285" i:type="Origin"><Attributes><Attribute z:Id="i286"><AttributeType>xyz</AttributeType><IsRequired>true</IsRequired><Value i:type="a:ArrayOfdouble" xmlns:a="http://schemas.microsoft.com/2003/10/Serialization/Arrays"><a:double>0</a:double><a:double>0</a:double><a:double>0</a:double></Value></Attribute><Attribute z:Id="i287"><AttributeType>rpy</AttributeType><IsRequired>true</IsRequired><Value i:type="a:ArrayOfdouble" xmlns:a="http://schemas.microsoft.com/2003/10/Serialization/Arrays"><a:double>0</a:double><a:double>0</a:double><a:double>0</a:double></Value></Attribute></Attributes><ChildElements/><ElementName>origin</ElementName><required>false</required><RPYAttribute z:Ref="i287"/><XYZAttribute z:Ref="i286"/><isCustomized>false</isCustomized></URDFElement><URDFElement z:Id="i288" i:type="Geometry"><Attributes/><ChildElements><URDFElement z:Id="i289" i:type="Mesh"><Attributes><Attribute z:Id="i290"><AttributeType>filename</AttributeType><IsRequired>true</IsRequired><Value i:nil="true"/></Attribute></Attributes><ChildElements/><ElementName>mesh</ElementName><required>false</required><FilenameAttribute z:Ref="i290"/></URDFElement></ChildElements><ElementName>geometry</ElementName><required>true</required><Mesh z:Ref="i289"/></URDFElement><URDFElement z:Id="i291" i:type="Material"><Attributes><Attribute z:Id="i292"><AttributeType>name</AttributeType><IsRequired>true</IsRequired><Value i:type="a:string" xmlns:a="http://www.w3.org/2001/XMLSchema"/></Attribute></Attributes><ChildElements><URDFElement z:Id="i293" i:type="Color"><Attributes><Attribute z:Id="i294"><AttributeType>rgba</AttributeType><IsRequired>true</IsRequired><Value i:type="a:ArrayOfdouble" xmlns:a="http://schemas.microsoft.com/2003/10/Serialization/Arrays"><a:double>0.75294</a:double><a:double>0.75294</a:double><a:double>0.75294</a:double><a:double>1</a:double></Value></Attribute></Attributes><ChildElements/><ElementName>color</ElementName><required>false</required><RGBAAttribute z:Ref="i294"/></URDFElement><URDFElement z:Id="i295" i:type="Texture"><Attributes><Attribute z:Id="i296"><AttributeType>filename</AttributeType><IsRequired>true</IsRequired><Value i:nil="true"/></Attribute></Attributes><ChildElements/><ElementName>texture</ElementName><required>false</required><FilenameAttribute z:Ref="i296"/><wFilename/></URDFElement></ChildElements><ElementName>material</ElementName><required>false</required><Color z:Ref="i293"/><NameAttribute z:Ref="i292"/><Texture z:Ref="i295"/></URDFElement></ChildElements><ElementName>visual</ElementName><required>false</required><Geometry z:Ref="i288"/><Material z:Ref="i291"/><Origin z:Ref="i285"/></URDFElement><URDFElement z:Id="i297" i:type="Collision"><Attributes/><ChildElements><URDFElement z:Id="i298" i:type="Origin"><Attributes><Attribute z:Id="i299"><AttributeType>xyz</AttributeType><IsRequired>true</IsRequired><Value i:type="a:ArrayOfdouble" xmlns:a="http://schemas.microsoft.com/2003/10/Serialization/Arrays"><a:double>0</a:double><a:double>0</a:double><a:double>0</a:double></Value></Attribute><Attribute z:Id="i300"><AttributeType>rpy</AttributeType><IsRequired>true</IsRequired><Value i:type="a:ArrayOfdouble" xmlns:a="http://schemas.microsoft.com/2003/10/Serialization/Arrays"><a:double>0</a:double><a:double>0</a:double><a:double>0</a:double></Value></Attribute></Attributes><ChildElements/><ElementName>origin</ElementName><required>false</required><RPYAttribute z:Ref="i300"/><XYZAttribute z:Ref="i299"/><isCustomized>false</isCustomized></URDFElement><URDFElement z:Id="i301" i:type="Geometry"><Attributes/><ChildElements><URDFElement z:Id="i302" i:type="Mesh"><Attributes><Attribute z:Id="i303"><AttributeType>filename</AttributeType><IsRequired>true</IsRequired><Value i:nil="true"/></Attribute></Attributes><ChildElements/><ElementName>mesh</ElementName><required>false</required><FilenameAttribute z:Ref="i303"/></URDFElement></ChildElements><ElementName>geometry</ElementName><required>true</required><Mesh z:Ref="i302"/></URDFElement></ChildElements><ElementName>collision</ElementName><required>false</required><Geometry z:Ref="i301"/><Origin z:Ref="i298"/></URDFElement><URDFElement z:Id="i304" i:type="Joint"><Attributes><Attribute z:Id="i305"><AttributeType>name</AttributeType><IsRequired>true</IsRequired><Value i:type="a:string" xmlns:a="http://www.w3.org/2001/XMLSchema">joint_front_left</Value></Attribute><Attribute z:Id="i306"><AttributeType>type</AttributeType><IsRequired>true</IsRequired><Value i:type="a:string" xmlns:a="http://www.w3.org/2001/XMLSchema">continuous</Value></Attribute></Attributes><ChildElements><URDFElement z:Id="i307" i:type="Origin"><Attributes><Attribute z:Id="i308"><AttributeType>xyz</AttributeType><IsRequired>true</IsRequired><Value i:type="a:ArrayOfdouble" xmlns:a="http://schemas.microsoft.com/2003/10/Serialization/Arrays"><a:double>0.2515</a:double><a:double>0.30851</a:double><a:double>0.037363</a:double></Value></Attribute><Attribute z:Id="i309"><AttributeType>rpy</AttributeType><IsRequired>true</IsRequired><Value i:type="a:ArrayOfdouble" xmlns:a="http://schemas.microsoft.com/2003/10/Serialization/Arrays"><a:double>0</a:double><a:double>0</a:double><a:double>0</a:double></Value></Attribute></Attributes><ChildElements/><ElementName>origin</ElementName><required>false</required><RPYAttribute z:Ref="i309"/><XYZAttribute z:Ref="i308"/><isCustomized>false</isCustomized></URDFElement><URDFElement z:Id="i310" i:type="ParentLink"><Attributes><Attribute z:Id="i311"><AttributeType>link</AttributeType><IsRequired>true</IsRequired><Value i:type="a:string" xmlns:a="http://www.w3.org/2001/XMLSchema">base_link</Value></Attribute></Attributes><ChildElements/><ElementName>parent</ElementName><required>true</required><NameAttribute z:Ref="i311"/></URDFElement><URDFElement z:Id="i312" i:type="ChildLink"><Attributes><Attribute z:Id="i313"><AttributeType>link</AttributeType><IsRequired>true</IsRequired><Value i:type="a:string" xmlns:a="http://www.w3.org/2001/XMLSchema">link_front_left</Value></Attribute></Attributes><ChildElements/><ElementName>child</ElementName><required>true</required><NameAttribute z:Ref="i313"/></URDFElement><URDFElement z:Id="i314" i:type="Axis"><Attributes><Attribute z:Id="i315"><AttributeType>xyz</AttributeType><IsRequired>true</IsRequired><Value i:type="a:ArrayOfdouble" xmlns:a="http://schemas.microsoft.com/2003/10/Serialization/Arrays"><a:double>0</a:double><a:double>1</a:double><a:double>0</a:double></Value></Attribute></Attributes><ChildElements/><ElementName>axis</ElementName><required>false</required><XYZAttribute z:Ref="i315"/></URDFElement><URDFElement z:Id="i316" i:type="Limit"><Attributes><Attribute z:Id="i317"><AttributeType>lower</AttributeType><IsRequired>false</IsRequired><Value i:nil="true"/></Attribute><Attribute z:Id="i318"><AttributeType>upper</AttributeType><IsRequired>false</IsRequired><Value i:nil="true"/></Attribute><Attribute z:Id="i319"><AttributeType>effort</AttributeType><IsRequired>true</IsRequired><Value i:nil="true"/></Attribute><Attribute z:Id="i320"><AttributeType>velocity</AttributeType><IsRequired>true</IsRequired><Value i:nil="true"/></Attribute></Attributes><ChildElements/><ElementName>limit</ElementName><required>false</required><EffortAttribute z:Ref="i319"/><LowerAttribute z:Ref="i317"/><UpperAttribute z:Ref="i318"/><VelocityAttribute z:Ref="i320"/></URDFElement><URDFElement z:Id="i321" i:type="Calibration"><Attributes><Attribute z:Id="i322"><AttributeType>rising</AttributeType><IsRequired>false</IsRequired><Value i:nil="true"/></Attribute><Attribute z:Id="i323"><AttributeType>falling</AttributeType><IsRequired>false</IsRequired><Value i:nil="true"/></Attribute></Attributes><ChildElements/><ElementName>calibration</ElementName><required>false</required><FallingAttribute z:Ref="i323"/><RisingAttribute z:Ref="i322"/></URDFElement><URDFElement z:Id="i324" i:type="Dynamics"><Attributes><Attribute z:Id="i325"><AttributeType>damping</AttributeType><IsRequired>false</IsRequired><Value i:nil="true"/></Attribute><Attribute z:Id="i326"><AttributeType>friction</AttributeType><IsRequired>false</IsRequired><Value i:nil="true"/></Attribute></Attributes><ChildElements/><ElementName>dynamics</ElementName><required>false</required><DampingAttribute z:Ref="i325"/><FrictionAttribute z:Ref="i326"/></URDFElement><URDFElement z:Id="i327" i:type="SafetyController"><Attributes><Attribute z:Id="i328"><AttributeType>soft_upper_limit</AttributeType><IsRequired>false</IsRequired><Value i:nil="true"/></Attribute><Attribute z:Id="i329"><AttributeType>soft_lower_limit</AttributeType><IsRequired>false</IsRequired><Value i:nil="true"/></Attribute><Attribute z:Id="i330"><AttributeType>k_position</AttributeType><IsRequired>false</IsRequired><Value i:nil="true"/></Attribute><Attribute z:Id="i331"><AttributeType>k_velocity</AttributeType><IsRequired>true</IsRequired><Value i:nil="true"/></Attribute></Attributes><ChildElements/><ElementName>safety_controller</ElementName><required>false</required><KPositionAttribute z:Ref="i330"/><KVelocityAttribute z:Ref="i331"/><SoftLowerAttribute z:Ref="i329"/><SoftUpperAttribute z:Ref="i328"/></URDFElement><URDFElement z:Id="i332" i:type="Mimic"><Attributes><Attribute z:Id="i333"><AttributeType>joint</AttributeType><IsRequired>true</IsRequired><Value i:nil="true"/></Attribute><Attribute z:Id="i334"><AttributeType>multiplier</AttributeType><IsRequired>false</IsRequired><Value i:nil="true"/></Attribute><Attribute z:Id="i335"><AttributeType>offset</AttributeType><IsRequired>false</IsRequired><Value i:nil="true"/></Attribute></Attributes><ChildElements/><ElementName>mimic</ElementName><required>false</required><JointNameAttribute z:Ref="i333"/><MultiplierAttribute z:Ref="i334"/><OffsetAttribute z:Ref="i335"/></URDFElement></ChildElements><ElementName>joint</ElementName><required>false</required><Axis z:Ref="i314"/><AxisName>Axis_WheelFrontLeft</AxisName><Calibration z:Ref="i321"/><Child z:Ref="i312"/><CoordinateSystemName>CoordSys_WheelFrontLeft</CoordinateSystemName><Dynamics z:Ref="i324"/><Limit z:Ref="i316"/><Mimic z:Ref="i332"/><NameAttribute z:Ref="i305"/><Origin z:Ref="i307"/><Parent z:Ref="i310"/><Safety z:Ref="i327"/><TypeAttribute z:Ref="i306"/></URDFElement></ChildElements><ElementName>link</ElementName><required>true</required><Children/><Collision z:Ref="i297"/><Inertial z:Ref="i271"/><Joint z:Ref="i304"/><NameAttribute z:Ref="i270"/><Parent z:Ref="i1"/><STLQualityFine>false</STLQualityFine><SWComponentPIDs xmlns:a="http://schemas.microsoft.com/2003/10/Serialization/Arrays"><a:base64Binary>gD4AAAUAAAD//v83VwBIAEUARQBMAF8AQwBIAFUATgBLAF8AMQAwADAAMABfAFcAQQBUAFQAXwBWAEEAUgBJAEEATgBUAC0ANgBAAFIATwBWAEUAUgBfADEAMAAwADAAXwBXAEEAVABUAF8AVgBBAFIASQBBAE4AVAAEAAAAEAAAAAEAAAABAAAAVRQAAA==</a:base64Binary></SWComponentPIDs><SWMainComponentPID i:nil="true"/><Visual z:Ref="i284"/><isFixedFrame>false</isFixedFrame><isIncomplete>false</isIncomplete></Link></Children><Collision z:Ref="i29"/><Inertial z:Ref="i3"/><Joint z:Ref="i36"/><NameAttribute z:Ref="i2"/><Parent i:nil="true"/><STLQualityFine>false</STLQualityFine><SWComponentPIDs xmlns:a="http://schemas.microsoft.com/2003/10/Serialization/Arrays"><a:base64Binary>gD4AAAUAAAD//v9eQwBPAE0AUABPAE4ARQBOAFQAUwBfAFMAVQBQAFAATwBSAFQALQAxAEAAUgBPAFYARQBSAF8AMQAwADAAMABfAFcAQQBUAFQAXwBWAEEAUgBJAEEATgBUAC8AQQBMAFUATQBJAE4ASQBVAE0AXwBQAFIATwBGAEkATABFAF8AMgAwAHgAMgAwAHgAWABYAG0AbQAtADEAQABDAE8ATQBQAE8ATgBFAE4AVABTAF8AUwBVAFAAUABPAFIAVAAEAAAAEAAAAAEAAAACAAAASRMAABgAAAA=</a:base64Binary><a:base64Binary>gD4AAAUAAAD//v9fQwBPAE0AUABPAE4ARQBOAFQAUwBfAFMAVQBQAFAATwBSAFQALQAxAEAAUgBPAFYARQBSAF8AMQAwADAAMABfAFcAQQBUAFQAXwBWAEEAUgBJAEEATgBUAC8AQQBMAFUATQBJAE4ASQBVAE0AXwBQAFIATwBGAEkATABFAF8AMgAwAHgAMgAwAHgANAA5ADYAbQBtAC0AMQBAAEMATwBNAFAATwBOAEUATgBUAFMAXwBTAFUAUABQAE8AUgBUAAQAAAAQAAAAAQAAAAIAAABJEwAAGQAAAA==</a:base64Binary><a:base64Binary>gD4AAAUAAAD//v9fQwBPAE0AUABPAE4ARQBOAFQAUwBfAFMAVQBQAFAATwBSAFQALQAyAEAAUgBPAFYARQBSAF8AMQAwADAAMABfAFcAQQBUAFQAXwBWAEEAUgBJAEEATgBUAC8AQQBMAFUATQBJAE4ASQBVAE0AXwBQAFIATwBGAEkATABFAF8AMgAwAHgAMgAwAHgANAA5ADYAbQBtAC0AMQBAAEMATwBNAFAATwBOAEUATgBUAFMAXwBTAFUAUABQAE8AUgBUAAQAAAAQAAAAAQAAAAIAAABNEwAAGQAAAA==</a:base64Binary><a:base64Binary>gD4AAAUAAAD//v9eQwBPAE0AUABPAE4ARQBOAFQAUwBfAFMAVQBQAFAATwBSAFQALQAxAEAAUgBPAFYARQBSAF8AMQAwADAAMABfAFcAQQBUAFQAXwBWAEEAUgBJAEEATgBUAC8AQQBMAFUATQBJAE4ASQBVAE0AXwBQAFIATwBGAEkATABFAF8AMgAwAHgAMgAwAHgAWABYAG0AbQAtADIAQABDAE8ATQBQAE8ATgBFAE4AVABTAF8AUwBVAFAAUABPAFIAVAAEAAAAEAAAAAEAAAACAAAASRMAAB0AAAA=</a:base64Binary><a:base64Binary>gD4AAAUAAAD//v9eQwBPAE0AUABPAE4ARQBOAFQAUwBfAFMAVQBQAFAATwBSAFQALQAyAEAAUgBPAFYARQBSAF8AMQAwADAAMABfAFcAQQBUAFQAXwBWAEEAUgBJAEEATgBUAC8AQQBMAFUATQBJAE4ASQBVAE0AXwBQAFIATwBGAEkATABFAF8AMgAwAHgAMgAwAHgAWABYAG0AbQAtADIAQABDAE8ATQBQAE8ATgBFAE4AVABTAF8AUwBVAFAAUABPAFIAVAAEAAAAEAAAAAEAAAACAAAATRMAAB0AAAA=</a:base64Binary><a:base64Binary>gD4AAAUAAAD//v9eQwBPAE0AUABPAE4ARQBOAFQAUwBfAFMAVQBQAFAATwBSAFQALQAyAEAAUgBPAFYARQBSAF8AMQAwADAAMABfAFcAQQBUAFQAXwBWAEEAUgBJAEEATgBUAC8AQQBMAFUATQBJAE4ASQBVAE0AXwBQAFIATwBGAEkATABFAF8AMgAwAHgAMgAwAHgAWABYAG0AbQAtADEAQABDAE8ATQBQAE8ATgBFAE4AVABTAF8AUwBVAFAAUABPAFIAVAAEAAAAEAAAAAEAAAACAAAATRMAABgAAAA=</a:base64Binary><a:base64Binary>gD4AAAUAAAD//v8lVABTAGgAYQBwAGUAXwAyADAAMgAwAC0AMgBAAFIATwBWAEUAUgBfADEAMAAwADAAXwBXAEEAVABUAF8AVgBBAFIASQBBAE4AVAAEAAAAEAAAAAEAAAABAAAAyhMAAA==</a:base64Binary><a:base64Binary>gD4AAAUAAAD//v8lVABTAGgAYQBwAGUAXwAyADAAMgAwAC0ANABAAFIATwBWAEUAUgBfADEAMAAwADAAXwBXAEEAVABUAF8AVgBBAFIASQBBAE4AVAAEAAAAEAAAAAEAAAABAAAA1xMAAA==</a:base64Binary><a:base64Binary>gD4AAAUAAAD//v82QQBMAFUATQBJAE4ASQBVAE0AXwBQAFIATwBGAEkATABFAF8AMgAwAHgAMgAwAHgAMQAwAG0AbQAtADEAQABSAE8AVgBFAFIAXwAxADAAMAAwAF8AVwBBAFQAVABfAFYAQQBSAEkAQQBOAFQABAAAABAAAAABAAAAAQAAAFMTAAA=</a:base64Binary><a:base64Binary>gD4AAAUAAAD//v82QQBMAFUATQBJAE4ASQBVAE0AXwBQAFIATwBGAEkATABFAF8AMgAwAHgAMgAwAHgAMQAwAG0AbQAtADIAQABSAE8AVgBFAFIAXwAxADAAMAAwAF8AVwBBAFQAVABfAFYAQQBSAEkAQQBOAFQABAAAABAAAAABAAAAAQAAAFsTAAA=</a:base64Binary><a:base64Binary>gD4AAAUAAAD//v8mTQBBAEkATgBfAFMAVQBQAFAATwBSAFQALQAxAEAAUgBPAFYARQBSAF8AMQAwADAAMABfAFcAQQBUAFQAXwBWAEEAUgBJAEEATgBUAAQAAAAQAAAAAQAAAAEAAAA7EwAA</a:base64Binary><a:base64Binary>gD4AAAUAAAD//v8lVABTAGgAYQBwAGUAXwAyADAAMgAwAC0AMQBAAFIATwBWAEUAUgBfADEAMAAwADAAXwBXAEEAVABUAF8AVgBBAFIASQBBAE4AVAAEAAAAEAAAAAEAAAABAAAAwxMAAA==</a:base64Binary><a:base64Binary>gD4AAAUAAAD//v8lVABTAGgAYQBwAGUAXwAyADAAMgAwAC0AMwBAAFIATwBWAEUAUgBfADEAMAAwADAAXwBXAEEAVABUAF8AVgBBAFIASQBBAE4AVAAEAAAAEAAAAAEAAAABAAAA0xMAAA==</a:base64Binary><a:base64Binary>gD4AAAUAAAD//v8oSABlAHgAIABiAG8AbAB0ACAATQA4AHgANAAwAC0ANABAAFIATwBWAEUAUgBfADEAMAAwADAAXwBXAEEAVABUAF8AVgBBAFIASQBBAE4AVAAEAAAAEAAAAAEAAAABAAAAqBMAAA==</a:base64Binary><a:base64Binary>gD4AAAUAAAD//v81QQBMAFUATQBJAE4ASQBVAE0AXwBQAFIATwBGAEkATABFAF8AMgAwAHgAMgAwAHgANAA1ADAALQAyAEAAUgBPAFYARQBSAF8AMQAwADAAMABfAFcAQQBUAFQAXwBWAEEAUgBJAEEATgBUAAQAAAAQAAAAAQAAAAEAAABCCwAA</a:base64Binary><a:base64Binary>gD4AAAUAAAD//v8oSABlAHgAIABiAG8AbAB0ACAATQA4AHgANAAwAC0AMQBAAFIATwBWAEUAUgBfADEAMAAwADAAXwBXAEEAVABUAF8AVgBBAFIASQBBAE4AVAAEAAAAEAAAAAEAAAABAAAAlBMAAA==</a:base64Binary><a:base64Binary>gD4AAAUAAAD//v8hWABCADcATgBHADIAMQAtADEAQABSAE8AVgBFAFIAXwAxADAAMAAwAF8AVwBBAFQAVABfAFYAQQBSAEkAQQBOAFQABAAAABAAAAABAAAAAQAAAHgUAAA=</a:base64Binary><a:base64Binary>gD4AAAUAAAD//v8oRABJAE4AXwBSAEEASQBMAF8AMgA0ADAAbQBtAC0AMQBAAFIATwBWAEUAUgBfADEAMAAwADAAXwBXAEEAVABUAF8AVgBBAFIASQBBAE4AVAAEAAAAEAAAAAEAAAABAAAAKhQAAA==</a:base64Binary><a:base64Binary>gD4AAAUAAAD//v81QQBMAFUATQBJAE4ASQBVAE0AXwBQAFIATwBGAEkATABFAF8AMgAwAHgAMgAwAHgANAA1ADAALQA0AEAAUgBPAFYARQBSAF8AMQAwADAAMABfAFcAQQBUAFQAXwBWAEEAUgBJAEEATgBUAAQAAAAQAAAAAQAAAAEAAACCEwAA</a:base64Binary><a:base64Binary>gD4AAAUAAAD//v8oSABlAHgAIABiAG8AbAB0ACAATQA4AHgANAAwAC0AMgBAAFIATwBWAEUAUgBfADEAMAAwADAAXwBXAEEAVABUAF8AVgBBAFIASQBBAE4AVAAEAAAAEAAAAAEAAAABAAAAnRMAAA==</a:base64Binary><a:base64Binary>gD4AAAUAAAD//v8gUwBXAEkAVABDAEgALQAxAEAAUgBPAFYARQBSAF8AMQAwADAAMABfAFcAQQBUAFQAXwBWAEEAUgBJAEEATgBUAAQAAAAQAAAAAQAAAAEAAAAtFAAA</a:base64Binary><a:base64Binary>gD4AAAUAAAD//v8mTQBPAFQATwBSAF8ARABSAEkAVgBFAFIALQA0AEAAUgBPAFYARQBSAF8AMQAwADAAMABfAFcAQQBUAFQAXwBWAEEAUgBJAEEATgBUAAQAAAAQAAAAAQAAAAEAAAAcEwAA</a:base64Binary><a:base64Binary>gD4AAAUAAAD//v8kTABFAEQAXwBTAFkAUwBUAEUATQAtADIAQABSAE8AVgBFAFIAXwAxADAAMAAwAF8AVwBBAFQAVABfAFYAQQBSAEkAQQBOAFQABAAAABAAAAABAAAAAQAAAPsSAAA=</a:base64Binary><a:base64Binary>gD4AAAUAAAD//v8kTABFAEQAXwBTAFkAUwBUAEUATQAtADEAQABSAE8AVgBFAFIAXwAxADAAMAAwAF8AVwBBAFQAVABfAFYAQQBSAEkAQQBOAFQABAAAABAAAAABAAAAAQAAAO4SAAA=</a:base64Binary><a:base64Binary>gD4AAAUAAAD//v8oSABlAHgAIABiAG8AbAB0ACAATQA4AHgANAAwAC0AMwBAAFIATwBWAEUAUgBfADEAMAAwADAAXwBXAEEAVABUAF8AVgBBAFIASQBBAE4AVAAEAAAAEAAAAAEAAAABAAAAoxMAAA==</a:base64Binary><a:base64Binary>gD4AAAUAAAD//v8iWABCADcATgBUADgANAA1AC0AMQBAAFIATwBWAEUAUgBfADEAMAAwADAAXwBXAEEAVABUAF8AVgBBAFIASQBBAE4AVAAEAAAAEAAAAAEAAAABAAAAbhQAAA==</a:base64Binary><a:base64Binary>gD4AAAUAAAD//v8mTQBPAFQATwBSAF8ARABSAEkAVgBFAFIALQAyAEAAUgBPAFYARQBSAF8AMQAwADAAMABfAFcAQQBUAFQAXwBWAEEAUgBJAEEATgBUAAQAAAAQAAAAAQAAAAEAAAAPEwAA</a:base64Binary><a:base64Binary>gD4AAAUAAAD//v8mTQBPAFQATwBSAF8ARABSAEkAVgBFAFIALQAxAEAAUgBPAFYARQBSAF8AMQAwADAAMABfAFcAQQBUAFQAXwBWAEEAUgBJAEEATgBUAAQAAAAQAAAAAQAAAAEAAAALEwAA</a:base64Binary><a:base64Binary>gD4AAAUAAAD//v8fUgBFAEwAQQBZAC0ANQBAAFIATwBWAEUAUgBfADEAMAAwADAAXwBXAEEAVABUAF8AVgBBAFIASQBBAE4AVAAEAAAAEAAAAAEAAAABAAAAsRIAAA==</a:base64Binary><a:base64Binary>gD4AAAUAAAD//v8fUgBFAEwAQQBZAC0ANABAAFIATwBWAEUAUgBfADEAMAAwADAAXwBXAEEAVABUAF8AVgBBAFIASQBBAE4AVAAEAAAAEAAAAAEAAAABAAAArhIAAA==</a:base64Binary><a:base64Binary>gD4AAAUAAAD//v8fUgBFAEwAQQBZAC0AMQBAAFIATwBWAEUAUgBfADEAMAAwADAAXwBXAEEAVABUAF8AVgBBAFIASQBBAE4AVAAEAAAAEAAAAAEAAAABAAAApBIAAA==</a:base64Binary><a:base64Binary>gD4AAAUAAAD//v8nUwBXAEkAVABDAEgAXwBSAFUAQgBCAEUAUgAtADEAQABSAE8AVgBFAFIAXwAxADAAMAAwAF8AVwBBAFQAVABfAFYAQQBSAEkAQQBOAFQABAAAABAAAAABAAAAAQAAABoSAAA=</a:base64Binary><a:base64Binary>gD4AAAUAAAD//v8yVQBTAEUAUgBfAFMAUABBAEMARQBfAEIATwBUAFQATwBNAF8AMgBtAG0AXwBBAEwALQAxAEAAUgBPAFYARQBSAF8AMQAwADAAMABfAFcAQQBUAFQAXwBWAEEAUgBJAEEATgBUAAQAAAAQAAAAAQAAAAEAAABEFAAA</a:base64Binary><a:base64Binary>gD4AAAUAAAD//v8fUgBFAEwAQQBZAC0AMgBAAFIATwBWAEUAUgBfADEAMAAwADAAXwBXAEEAVABUAF8AVgBBAFIASQBBAE4AVAAEAAAAEAAAAAEAAAABAAAApxIAAA==</a:base64Binary><a:base64Binary>gD4AAAUAAAD//v8mTQBPAFQATwBSAF8ARABSAEkAVgBFAFIALQAzAEAAUgBPAFYARQBSAF8AMQAwADAAMABfAFcAQQBUAFQAXwBWAEEAUgBJAEEATgBUAAQAAAAQAAAAAQAAAAEAAAAYEwAA</a:base64Binary><a:base64Binary>gD4AAAUAAAD//v8sUgBFAEEAUgBfADMAbQBtAF8AQQBMAF8AQgBPAFQAVABPAE0ALQAxAEAAUgBPAFYARQBSAF8AMQAwADAAMABfAFcAQQBUAFQAXwBWAEEAUgBJAEEATgBUAAQAAAAQAAAAAQAAAAEAAAAzEwAA</a:base64Binary><a:base64Binary>gD4AAAUAAAD//v83QgBBAFQAVABFAFIAWQBfAEgATwBMAEQARQBSAF8AUABMAEUAWABJAEcATABBAFMAUwBfADUAbQBtAC0AMQBAAFIATwBWAEUAUgBfADEAMAAwADAAXwBXAEEAVABUAF8AVgBBAFIASQBBAE4AVAAEAAAAEAAAAAEAAAABAAAA2RIAAA==</a:base64Binary><a:base64Binary>gD4AAAUAAAD//v8oTABBAFQARQBSAEEATABfADQAbQBtAF8AQQBMAC0AMgBAAFIATwBWAEUAUgBfADEAMAAwADAAXwBXAEEAVABUAF8AVgBBAFIASQBBAE4AVAAEAAAAEAAAAAEAAAABAAAA/BEAAA==</a:base64Binary><a:base64Binary>gD4AAAUAAAD//v8oTABBAFQARQBSAEEATABfADQAbQBtAF8AQQBMAC0AMQBAAFIATwBWAEUAUgBfADEAMAAwADAAXwBXAEEAVABUAF8AVgBBAFIASQBBAE4AVAAEAAAAEAAAAAEAAAABAAAA7xEAAA==</a:base64Binary><a:base64Binary>gD4AAAUAAAD//v8sQgBPAFQAVABPAE0AXwBSAEUAQQBSAF8AMgBtAG0AXwBBAEwALQAxAEAAUgBPAFYARQBSAF8AMQAwADAAMABfAFcAQQBUAFQAXwBWAEEAUgBJAEEATgBUAAQAAAAQAAAAAQAAAAEAAADYCQAA</a:base64Binary><a:base64Binary>gD4AAAUAAAD//v8/UwBVAFAAUABPAFIAVABfAEMASABVAE4ASwBfADEAMAAwADAAXwBXAEEAVABUAF8AVgBBAFIASQBBAE4AVABfAEYAUgBPAE4AVAAtADEAQABSAE8AVgBFAFIAXwAxADAAMAAwAF8AVwBBAFQAVABfAFYAQQBSAEkAQQBOAFQABAAAABAAAAABAAAAAQAAAF8JAAA=</a:base64Binary><a:base64Binary>gD4AAAUAAAD//v8lTQBPAFQATwBSAF8AQwBIAFUATgBLAC0AMwBAAFIATwBWAEUAUgBfADEAMAAwADAAXwBXAEEAVABUAF8AVgBBAFIASQBBAE4AVAAEAAAAEAAAAAEAAAABAAAAjQgAAA==</a:base64Binary><a:base64Binary>gD4AAAUAAAD//v8+UwBVAFAAUABPAFIAVABfAEMASABVAE4ASwBfADEAMAAwADAAXwBXAEEAVABUAF8AVgBBAFIASQBBAE4AVABfAEIAQQBDAEsALQAxAEAAUgBPAFYARQBSAF8AMQAwADAAMABfAFcAQQBUAFQAXwBWAEEAUgBJAEEATgBUAAQAAAAQAAAAAQAAAAEAAABjCQAA</a:base64Binary><a:base64Binary>gD4AAAUAAAD//v8lTQBPAFQATwBSAF8AQwBIAFUATgBLAC0ANABAAFIATwBWAEUAUgBfADEAMAAwADAAXwBXAEEAVABUAF8AVgBBAFIASQBBAE4AVAAEAAAAEAAAAAEAAAABAAAAmQgAAA==</a:base64Binary><a:base64Binary>gD4AAAUAAAD//v87QgBPAFQAVABPAE0AXwBCAEEAUwBFAF8ANwAwADAAeAA0ADUAMAB4ADUAbQBtAF8AMQAwADAAMABfAFcAQQBUAFQALQAxAEAAUgBPAFYARQBSAF8AMQAwADAAMABfAFcAQQBUAFQAXwBWAEEAUgBJAEEATgBUAAQAAAAQAAAAAQAAAAEAAAAYAAAA</a:base64Binary><a:base64Binary>gD4AAAUAAAD//v8lTQBPAFQATwBSAF8AQwBIAFUATgBLAC0ANgBAAFIATwBWAEUAUgBfADEAMAAwADAAXwBXAEEAVABUAF8AVgBBAFIASQBBAE4AVAAEAAAAEAAAAAEAAAABAAAAqwgAAA==</a:base64Binary><a:base64Binary>gD4AAAUAAAD//v83QQBMAFUATQBJAE4ASQBVAE0AXwBQAFIATwBGAEkATABFAF8AMgAwAHgAMgAwAHgAMQA3ADYAbQBtAC0AMwBAAFIATwBWAEUAUgBfADEAMAAwADAAXwBXAEEAVABUAF8AVgBBAFIASQBBAE4AVAAEAAAAEAAAAAEAAAABAAAAlREAAA==</a:base64Binary><a:base64Binary>gD4AAAUAAAD//v83QQBMAFUATQBJAE4ASQBVAE0AXwBQAFIATwBGAEkATABFAF8AMgAwAHgAMgAwAHgAMQA3ADYAbQBtAC0ANABAAFIATwBWAEUAUgBfADEAMAAwADAAXwBXAEEAVABUAF8AVgBBAFIASQBBAE4AVAAEAAAAEAAAAAEAAAABAAAAmxEAAA==</a:base64Binary><a:base64Binary>gD4AAAUAAAD//v8mRgBSAE8ATgBUAF8AMwBtAG0AXwBBAEwALQAyAEAAUgBPAFYARQBSAF8AMQAwADAAMABfAFcAQQBUAFQAXwBWAEEAUgBJAEEATgBUAAQAAAAQAAAAAQAAAAEAAAByCQAA</a:base64Binary><a:base64Binary>gD4AAAUAAAD//v8lTQBPAFQATwBSAF8AQwBIAFUATgBLAC0ANQBAAFIATwBWAEUAUgBfADEAMAAwADAAXwBXAEEAVABUAF8AVgBBAFIASQBBAE4AVAAEAAAAEAAAAAEAAAABAAAApQgAAA==</a:base64Binary><a:base64Binary>gD4AAAUAAAD//v9jVQBTAEUAUgBfAFMAUABBAFMARQBfAEYAUgBPAE4AVABfADYAMABYAFQALQBGAC0AMQBAAFIATwBWAEUAUgBfADEAMAAwADAAXwBXAEEAVABUAF8AVgBBAFIASQBBAE4AVAAvAFUAUwBFAFIAXwBTAFAAQQBDAEUAXwBGAFIATwBOAFQAXwAyAG0AbQBfAEEATAAtADEAQABVAFMARQBSAF8AUwBQAEEAUwBFAF8ARgBSAE8ATgBUAF8ANgAwAFgAVAAtAEYABAAAABAAAAABAAAAAgAAAJYUAAAYAAAA</a:base64Binary><a:base64Binary>gD4AAAUAAAD//v9gVQBTAEUAUgBfAFMAUABBAFMARQBfAFIARQBBAFIAXwA2ADAAWABUAC0ARgAtADEAQABSAE8AVgBFAFIAXwAxADAAMAAwAF8AVwBBAFQAVABfAFYAQQBSAEkAQQBOAFQALwBVAFMARQBSAF8AUwBQAEEAQwBFAF8AQgBBAEMASwBfADIAbQBtAF8AQQBMAC0AMQBAAFUAUwBFAFIAXwBTAFAAQQBTAEUAXwBSAEUAQQBSAF8ANgAwAFgAVAAtAEYABAAAABAAAAABAAAAAgAAAJIUAAAYAAAA</a:base64Binary><a:base64Binary>gD4AAAUAAAD//v8pUgBFAEEAUgBfADMAbQBtAF8AQQBMAF8AVABPAFAALQAxAEAAUgBPAFYARQBSAF8AMQAwADAAMABfAFcAQQBUAFQAXwBWAEEAUgBJAEEATgBUAAQAAAAQAAAAAQAAAAEAAAAnEwAA</a:base64Binary><a:base64Binary>gD4AAAUAAAD//v9QVQBTAEUAUgBfAFMAUABBAFMARQBfAFIARQBBAFIAXwA2ADAAWABUAC0ARgAtADEAQABSAE8AVgBFAFIAXwAxADAAMAAwAF8AVwBBAFQAVABfAFYAQQBSAEkAQQBOAFQALwBYAFQANgAwAC0ARgAtADMAQABVAFMARQBSAF8AUwBQAEEAUwBFAF8AUgBFAEEAUgBfADYAMABYAFQALQBGAAQAAAAQAAAAAQAAAAIAAACSFAAATgAAAA==</a:base64Binary><a:base64Binary>gD4AAAUAAAD//v9hVQBTAEUAUgBfAFMAUABBAFMARQBfAFIARQBBAFIAXwA2ADAAWABUAC0ARgAtADEAQABSAE8AVgBFAFIAXwAxADAAMAAwAF8AVwBBAFQAVABfAFYAQQBSAEkAQQBOAFQALwBUAEUAUgBNAEkATgBBAEwAXwAzAC4AOAAxAF8AMQAyAFAAXwBGAFIAQQBNAEUALQAxAEAAVQBTAEUAUgBfAFMAUABBAFMARQBfAFIARQBBAFIAXwA2ADAAWABUAC0ARgAEAAAAEAAAAAEAAAACAAAAkhQAACcAAAA=</a:base64Binary><a:base64Binary>gD4AAAUAAAD//v9iVQBTAEUAUgBfAFMAUABBAFMARQBfAFIARQBBAFIAXwA2ADAAWABUAC0ARgAtADEAQABSAE8AVgBFAFIAXwAxADAAMAAwAF8AVwBBAFQAVABfAFYAQQBSAEkAQQBOAFQALwBUAEUAUgBNAEkATgBBAEwAXwAzAC4AOAAxAF8AMQAyAFAAXwBTAE8AQwBLAEUAVAAtADEAQABVAFMARQBSAF8AUwBQAEEAUwBFAF8AUgBFAEEAUgBfADYAMABYAFQALQBGAAQAAAAQAAAAAQAAAAIAAACSFAAAKAAAAA==</a:base64Binary><a:base64Binary>gD4AAAUAAAD//v9hVQBTAEUAUgBfAFMAUABBAFMARQBfAFIARQBBAFIAXwA2ADAAWABUAC0ARgAtADEAQABSAE8AVgBFAFIAXwAxADAAMAAwAF8AVwBBAFQAVABfAFYAQQBSAEkAQQBOAFQALwBUAEUAUgBNAEkATgBBAEwAXwAzAC4AOAAxAF8AMAA2AFAAXwBGAFIAQQBNAEUALQAxAEAAVQBTAEUAUgBfAFMAUABBAFMARQBfAFIARQBBAFIAXwA2ADAAWABUAC0ARgAEAAAAEAAAAAEAAAACAAAAkhQAABkAAAA=</a:base64Binary><a:base64Binary>gD4AAAUAAAD//v9iVQBTAEUAUgBfAFMAUABBAFMARQBfAFIARQBBAFIAXwA2ADAAWABUAC0ARgAtADEAQABSAE8AVgBFAFIAXwAxADAAMAAwAF8AVwBBAFQAVABfAFYAQQBSAEkAQQBOAFQALwBUAEUAUgBNAEkATgBBAEwAXwAzAC4AOAAxAF8AMAA2AFAAXwBTAE8AQwBLAEUAVAAtADEAQABVAFMARQBSAF8AUwBQAEEAUwBFAF8AUgBFAEEAUgBfADYAMABYAFQALQBGAAQAAAAQAAAAAQAAAAIAAACSFAAAGgAAAA==</a:base64Binary><a:base64Binary>gD4AAAUAAAD//v9QVQBTAEUAUgBfAFMAUABBAFMARQBfAFIARQBBAFIAXwA2ADAAWABUAC0ARgAtADEAQABSAE8AVgBFAFIAXwAxADAAMAAwAF8AVwBBAFQAVABfAFYAQQBSAEkAQQBOAFQALwBYAFQANgAwAC0ARgAtADEAQABVAFMARQBSAF8AUwBQAEEAUwBFAF8AUgBFAEEAUgBfADYAMABYAFQALQBGAAQAAAAQAAAAAQAAAAIAAACSFAAAOwAAAA==</a:base64Binary><a:base64Binary>gD4AAAUAAAD//v9SVQBTAEUAUgBfAFMAUABBAFMARQBfAEYAUgBPAE4AVABfADYAMABYAFQALQBGAC0AMQBAAFIATwBWAEUAUgBfADEAMAAwADAAXwBXAEEAVABUAF8AVgBBAFIASQBBAE4AVAAvAFgAVAA2ADAALQBGAC0AMwBAAFUAUwBFAFIAXwBTAFAAQQBTAEUAXwBGAFIATwBOAFQAXwA2ADAAWABUAC0ARgAEAAAAEAAAAAEAAAACAAAAlhQAACIAAAA=</a:base64Binary><a:base64Binary>gD4AAAUAAAD//v9SVQBTAEUAUgBfAFMAUABBAFMARQBfAEYAUgBPAE4AVABfADYAMABYAFQALQBGAC0AMQBAAFIATwBWAEUAUgBfADEAMAAwADAAXwBXAEEAVABUAF8AVgBBAFIASQBBAE4AVAAvAFgAVAA2ADAALQBGAC0AMgBAAFUAUwBFAFIAXwBTAFAAQQBTAEUAXwBGAFIATwBOAFQAXwA2ADAAWABUAC0ARgAEAAAAEAAAAAEAAAACAAAAlhQAACAAAAA=</a:base64Binary><a:base64Binary>gD4AAAUAAAD//v9SVQBTAEUAUgBfAFMAUABBAFMARQBfAEYAUgBPAE4AVABfADYAMABYAFQALQBGAC0AMQBAAFIATwBWAEUAUgBfADEAMAAwADAAXwBXAEEAVABUAF8AVgBBAFIASQBBAE4AVAAvAFgAVAA2ADAALQBGAC0AMQBAAFUAUwBFAFIAXwBTAFAAQQBTAEUAXwBGAFIATwBOAFQAXwA2ADAAWABUAC0ARgAEAAAAEAAAAAEAAAACAAAAlhQAABwAAAA=</a:base64Binary><a:base64Binary>gD4AAAUAAAD//v9eQgBBAFQAVABFAFIAWQBfAEgATwBMAEQARQBSAF8AUABMAEUAWABJAEcATABBAFMAUwBfADUAbQBtAC0AMQBAAFIATwBWAEUAUgBfADEAMAAwADAAXwBXAEEAVABUAF8AVgBBAFIASQBBAE4AVAAvAFgAVAA2ADAALQBGAC0ANABAAEIAQQBUAFQARQBSAFkAXwBIAE8ATABEAEUAUgBfAFAATABFAFgASQBHAEwAQQBTAFMAXwA1AG0AbQAEAAAAEAAAAAEAAAACAAAA2RIAAGQAAAA=</a:base64Binary><a:base64Binary>gD4AAAUAAAD//v8tQgBPAFQAVABPAE0AXwBGAFIATwBOAFQAXwAyAG0AbQBfAEEATAAtADEAQABSAE8AVgBFAFIAXwAxADAAMAAwAF8AVwBBAFQAVABfAFYAQQBSAEkAQQBOAFQABAAAABAAAAABAAAAAQAAAOAJAAA=</a:base64Binary><a:base64Binary>gD4AAAUAAAD//v9SVQBTAEUAUgBfAFMAUABBAFMARQBfAEYAUgBPAE4AVABfADYAMABYAFQALQBGAC0AMQBAAFIATwBWAEUAUgBfADEAMAAwADAAXwBXAEEAVABUAF8AVgBBAFIASQBBAE4AVAAvAFgAVAA2ADAALQBGAC0ANABAAFUAUwBFAFIAXwBTAFAAQQBTAEUAXwBGAFIATwBOAFQAXwA2ADAAWABUAC0ARgAEAAAAEAAAAAEAAAACAAAAlhQAACsAAAA=</a:base64Binary><a:base64Binary>gD4AAAUAAAD//v8wVQBTAEUAUgBfAFMAUABBAFMARQBfAFIARQBBAFIAXwA2ADAAWABUAC0ARgAtADEAQABSAE8AVgBFAFIAXwAxADAAMAAwAF8AVwBBAFQAVABfAFYAQQBSAEkAQQBOAFQABAAAABAAAAABAAAAAQAAAJIUAAA=</a:base64Binary><a:base64Binary>gD4AAAUAAAD//v8xVQBTAEUAUgBfAFMAUABBAFMARQBfAEYAUgBPAE4AVABfADYAMABYAFQALQBGAC0AMQBAAFIATwBWAEUAUgBfADEAMAAwADAAXwBXAEEAVABUAF8AVgBBAFIASQBBAE4AVAAEAAAAEAAAAAEAAAABAAAAlhQAAA==</a:base64Binary><a:base64Binary>gD4AAAUAAAD//v8vQwBNADUAXwBEAFUAQQBMAF8ARQBUAEgAXwA0AEcANQBHAF8AQgBPAFgALQAxAEAAUgBPAFYARQBSAF8AMQAwADAAMABfAFcAQQBUAFQAXwBWAEEAUgBJAEEATgBUAAQAAAAQAAAAAQAAAAEAAACaFAAA</a:base64Binary><a:base64Binary>gD4AAAUAAAD//v8sQwBPAE0AUABPAE4ARQBOAFQAUwBfAFMAVQBQAFAATwBSAFQALQAxAEAAUgBPAFYARQBSAF8AMQAwADAAMABfAFcAQQBUAFQAXwBWAEEAUgBJAEEATgBUAAQAAAAQAAAAAQAAAAEAAABJEwAA</a:base64Binary><a:base64Binary>gD4AAAUAAAD//v8sQwBPAE0AUABPAE4ARQBOAFQAUwBfAFMAVQBQAFAATwBSAFQALQAyAEAAUgBPAFYARQBSAF8AMQAwADAAMABfAFcAQQBUAFQAXwBWAEEAUgBJAEEATgBUAAQAAAAQAAAAAQAAAAEAAABNEwAA</a:base64Binary></SWComponentPIDs><SWMainComponentPID i:nil="true"/><Visual z:Ref="i16"/><isFixedFrame>false</isFixedFrame><isIncomplete>false</isIncomplete></Link>
2026-10-08 12:35:44,358 INFO  ExportHelperExtension.cs: 347 - Creating joint link_back_left
2026-10-08 12:35:45,007 WARN  ExportHelperExtension.cs: 351 - Creating joint from parent base_link to child link_back_left failed
2026-10-08 12:35:45,031 INFO  ExportHelperExtension.cs: 347 - Creating joint link_back_right
2026-10-08 12:35:45,103 WARN  ExportHelperExtension.cs: 351 - Creating joint from parent base_link to child link_back_right failed
2026-10-08 12:35:45,126 INFO  ExportHelperExtension.cs: 347 - Creating joint link_front_right
2026-10-08 12:35:45,190 WARN  ExportHelperExtension.cs: 351 - Creating joint from parent base_link to child link_front_right failed
2026-10-08 12:35:45,214 INFO  ExportHelperExtension.cs: 347 - Creating joint link_front_left
2026-10-08 12:35:45,272 WARN  ExportHelperExtension.cs: 351 - Creating joint from parent base_link to child link_front_left failed
2026-10-08 12:35:45,434 INFO  ExportHelperExtension.cs: 1125 - Retrieving features of type [CoordSys] from ROVER_1000_WATT_VARIANT.SLDASM
2026-10-08 12:35:45,438 INFO  ExportHelperExtension.cs: 1136 - Found 309 in ROVER_1000_WATT_VARIANT.SLDASM
2026-10-08 12:35:45,439 INFO  ExportHelperExtension.cs: 1145 - Found 5 features of type [CoordSys] in ROVER_1000_WATT_VARIANT.SLDASM
2026-10-08 12:35:45,439 INFO  ExportHelperExtension.cs: 1148 - Proceeding through assembly components
2026-10-08 12:35:45,439 INFO  ExportHelperExtension.cs: 1160 - 56 components to check
2026-10-08 12:35:45,439 INFO  ExportHelperExtension.cs: 1125 - Retrieving features of type [CoordSys] from WHEEL_CHUNK_1000_WATT_VARIANT-4
2026-10-08 12:35:45,439 INFO  ExportHelperExtension.cs: 1136 - Found 31 in WHEEL_CHUNK_1000_WATT_VARIANT-4
2026-10-08 12:35:45,440 INFO  ExportHelperExtension.cs: 1145 - Found 0 features of type [CoordSys] in WHEEL_CHUNK_1000_WATT_VARIANT-4
2026-10-08 12:35:45,440 INFO  ExportHelperExtension.cs: 1125 - Retrieving features of type [CoordSys] from WHEEL_CHUNK_1000_WATT_VARIANT-6
2026-10-08 12:35:45,440 INFO  ExportHelperExtension.cs: 1136 - Found 31 in WHEEL_CHUNK_1000_WATT_VARIANT-6
2026-10-08 12:35:45,440 INFO  ExportHelperExtension.cs: 1145 - Found 0 features of type [CoordSys] in WHEEL_CHUNK_1000_WATT_VARIANT-6
2026-10-08 12:35:45,440 INFO  ExportHelperExtension.cs: 1125 - Retrieving features of type [CoordSys] from MOTOR_CHUNK-3
2026-10-08 12:35:45,441 INFO  ExportHelperExtension.cs: 1136 - Found 26 in MOTOR_CHUNK-3
2026-10-08 12:35:45,441 INFO  ExportHelperExtension.cs: 1145 - Found 0 features of type [CoordSys] in MOTOR_CHUNK-3
2026-10-08 12:35:45,441 INFO  ExportHelperExtension.cs: 1125 - Retrieving features of type [CoordSys] from MOTOR_CHUNK-6
2026-10-08 12:35:45,441 INFO  ExportHelperExtension.cs: 1136 - Found 26 in MOTOR_CHUNK-6
2026-10-08 12:35:45,441 INFO  ExportHelperExtension.cs: 1145 - Found 0 features of type [CoordSys] in MOTOR_CHUNK-6
2026-10-08 12:35:45,441 INFO  ExportHelperExtension.cs: 1125 - Retrieving features of type [CoordSys] from SUPPORT_CHUNK_1000_WATT_VARIANT_BACK-1
2026-10-08 12:35:45,441 INFO  ExportHelperExtension.cs: 1136 - Found 115 in SUPPORT_CHUNK_1000_WATT_VARIANT_BACK-1
2026-10-08 12:35:45,442 INFO  ExportHelperExtension.cs: 1145 - Found 0 features of type [CoordSys] in SUPPORT_CHUNK_1000_WATT_VARIANT_BACK-1
2026-10-08 12:35:45,442 INFO  ExportHelperExtension.cs: 1125 - Retrieving features of type [CoordSys] from ALUMINIUM_PROFILE_20x20x176mm-4
2026-10-08 12:35:45,442 INFO  ExportHelperExtension.cs: 1136 - Found 29 in ALUMINIUM_PROFILE_20x20x176mm-4
2026-10-08 12:35:45,442 INFO  ExportHelperExtension.cs: 1145 - Found 0 features of type [CoordSys] in ALUMINIUM_PROFILE_20x20x176mm-4
2026-10-08 12:35:45,442 INFO  ExportHelperExtension.cs: 1125 - Retrieving features of type [CoordSys] from MOTOR_CHUNK-5
2026-10-08 12:35:45,443 INFO  ExportHelperExtension.cs: 1136 - Found 26 in MOTOR_CHUNK-5
2026-10-08 12:35:45,443 INFO  ExportHelperExtension.cs: 1145 - Found 0 features of type [CoordSys] in MOTOR_CHUNK-5
2026-10-08 12:35:45,443 INFO  ExportHelperExtension.cs: 1125 - Retrieving features of type [CoordSys] from SUPPORT_CHUNK_1000_WATT_VARIANT_FRONT-1
2026-10-08 12:35:45,443 INFO  ExportHelperExtension.cs: 1136 - Found 80 in SUPPORT_CHUNK_1000_WATT_VARIANT_FRONT-1
2026-10-08 12:35:45,444 INFO  ExportHelperExtension.cs: 1145 - Found 0 features of type [CoordSys] in SUPPORT_CHUNK_1000_WATT_VARIANT_FRONT-1
2026-10-08 12:35:45,444 INFO  ExportHelperExtension.cs: 1125 - Retrieving features of type [CoordSys] from ALUMINIUM_PROFILE_20x20x176mm-3
2026-10-08 12:35:45,444 INFO  ExportHelperExtension.cs: 1136 - Found 29 in ALUMINIUM_PROFILE_20x20x176mm-3
2026-10-08 12:35:45,444 INFO  ExportHelperExtension.cs: 1145 - Found 0 features of type [CoordSys] in ALUMINIUM_PROFILE_20x20x176mm-3
2026-10-08 12:35:45,444 INFO  ExportHelperExtension.cs: 1125 - Retrieving features of type [CoordSys] from MOTOR_CHUNK-4
2026-10-08 12:35:45,445 INFO  ExportHelperExtension.cs: 1136 - Found 26 in MOTOR_CHUNK-4
2026-10-08 12:35:45,445 INFO  ExportHelperExtension.cs: 1145 - Found 0 features of type [CoordSys] in MOTOR_CHUNK-4
2026-10-08 12:35:45,445 INFO  ExportHelperExtension.cs: 1125 - Retrieving features of type [CoordSys] from BOTTOM_BASE_700x450x5mm_1000_WATT-1
2026-10-08 12:35:45,445 INFO  ExportHelperExtension.cs: 1136 - Found 35 in BOTTOM_BASE_700x450x5mm_1000_WATT-1
2026-10-08 12:35:45,445 INFO  ExportHelperExtension.cs: 1145 - Found 0 features of type [CoordSys] in BOTTOM_BASE_700x450x5mm_1000_WATT-1
2026-10-08 12:35:45,446 INFO  ExportHelperExtension.cs: 1125 - Retrieving features of type [CoordSys] from WHEEL_CHUNK_1000_WATT_VARIANT-3
2026-10-08 12:35:45,446 INFO  ExportHelperExtension.cs: 1136 - Found 31 in WHEEL_CHUNK_1000_WATT_VARIANT-3
2026-10-08 12:35:45,446 INFO  ExportHelperExtension.cs: 1145 - Found 0 features of type [CoordSys] in WHEEL_CHUNK_1000_WATT_VARIANT-3
2026-10-08 12:35:45,446 INFO  ExportHelperExtension.cs: 1125 - Retrieving features of type [CoordSys] from WHEEL_CHUNK_1000_WATT_VARIANT-5
2026-10-08 12:35:45,446 INFO  ExportHelperExtension.cs: 1136 - Found 31 in WHEEL_CHUNK_1000_WATT_VARIANT-5
2026-10-08 12:35:45,446 INFO  ExportHelperExtension.cs: 1145 - Found 0 features of type [CoordSys] in WHEEL_CHUNK_1000_WATT_VARIANT-5
2026-10-08 12:35:45,446 INFO  ExportHelperExtension.cs: 1125 - Retrieving features of type [CoordSys] from FRONT_3mm_AL-2
2026-10-08 12:35:45,446 INFO  ExportHelperExtension.cs: 1136 - Found 31 in FRONT_3mm_AL-2
2026-10-08 12:35:45,448 INFO  ExportHelperExtension.cs: 1145 - Found 0 features of type [CoordSys] in FRONT_3mm_AL-2
2026-10-08 12:35:45,448 INFO  ExportHelperExtension.cs: 1125 - Retrieving features of type [CoordSys] from SWITCH_RUBBER-1
2026-10-08 12:35:45,448 INFO  ExportHelperExtension.cs: 1136 - Found 28 in SWITCH_RUBBER-1
2026-10-08 12:35:45,449 INFO  ExportHelperExtension.cs: 1145 - Found 0 features of type [CoordSys] in SWITCH_RUBBER-1
2026-10-08 12:35:45,449 INFO  ExportHelperExtension.cs: 1125 - Retrieving features of type [CoordSys] from USER_SPACE_BOTTOM_2mm_AL-1
2026-10-08 12:35:45,449 INFO  ExportHelperExtension.cs: 1136 - Found 27 in USER_SPACE_BOTTOM_2mm_AL-1
2026-10-08 12:35:45,449 INFO  ExportHelperExtension.cs: 1145 - Found 0 features of type [CoordSys] in USER_SPACE_BOTTOM_2mm_AL-1
2026-10-08 12:35:45,449 INFO  ExportHelperExtension.cs: 1125 - Retrieving features of type [CoordSys] from RELAY-5
2026-10-08 12:35:45,450 INFO  ExportHelperExtension.cs: 1136 - Found 36 in RELAY-5
2026-10-08 12:35:45,450 INFO  ExportHelperExtension.cs: 1145 - Found 0 features of type [CoordSys] in RELAY-5
2026-10-08 12:35:45,450 INFO  ExportHelperExtension.cs: 1125 - Retrieving features of type [CoordSys] from BOTTOM_REAR_2mm_AL-1
2026-10-08 12:35:45,450 INFO  ExportHelperExtension.cs: 1136 - Found 29 in BOTTOM_REAR_2mm_AL-1
2026-10-08 12:35:45,450 INFO  ExportHelperExtension.cs: 1145 - Found 0 features of type [CoordSys] in BOTTOM_REAR_2mm_AL-1
2026-10-08 12:35:45,451 INFO  ExportHelperExtension.cs: 1125 - Retrieving features of type [CoordSys] from REAR_3mm_AL_BOTTOM-1
2026-10-08 12:35:45,451 INFO  ExportHelperExtension.cs: 1136 - Found 37 in REAR_3mm_AL_BOTTOM-1
2026-10-08 12:35:45,451 INFO  ExportHelperExtension.cs: 1145 - Found 0 features of type [CoordSys] in REAR_3mm_AL_BOTTOM-1
2026-10-08 12:35:45,451 INFO  ExportHelperExtension.cs: 1125 - Retrieving features of type [CoordSys] from RELAY-1
2026-10-08 12:35:45,451 INFO  ExportHelperExtension.cs: 1136 - Found 36 in RELAY-1
2026-10-08 12:35:45,452 INFO  ExportHelperExtension.cs: 1145 - Found 0 features of type [CoordSys] in RELAY-1
2026-10-08 12:35:45,452 INFO  ExportHelperExtension.cs: 1125 - Retrieving features of type [CoordSys] from LATERAL_4mm_AL-1
2026-10-08 12:35:45,452 INFO  ExportHelperExtension.cs: 1136 - Found 29 in LATERAL_4mm_AL-1
2026-10-08 12:35:45,452 INFO  ExportHelperExtension.cs: 1145 - Found 0 features of type [CoordSys] in LATERAL_4mm_AL-1
2026-10-08 12:35:45,452 INFO  ExportHelperExtension.cs: 1125 - Retrieving features of type [CoordSys] from BOTTOM_FRONT_2mm_AL-1
2026-10-08 12:35:45,452 INFO  ExportHelperExtension.cs: 1136 - Found 29 in BOTTOM_FRONT_2mm_AL-1
2026-10-08 12:35:45,453 INFO  ExportHelperExtension.cs: 1145 - Found 0 features of type [CoordSys] in BOTTOM_FRONT_2mm_AL-1
2026-10-08 12:35:45,453 INFO  ExportHelperExtension.cs: 1125 - Retrieving features of type [CoordSys] from LATERAL_4mm_AL-2
2026-10-08 12:35:45,453 INFO  ExportHelperExtension.cs: 1136 - Found 29 in LATERAL_4mm_AL-2
2026-10-08 12:35:45,453 INFO  ExportHelperExtension.cs: 1145 - Found 0 features of type [CoordSys] in LATERAL_4mm_AL-2
2026-10-08 12:35:45,453 INFO  ExportHelperExtension.cs: 1125 - Retrieving features of type [CoordSys] from REAR_3mm_AL_TOP-1
2026-10-08 12:35:45,454 INFO  ExportHelperExtension.cs: 1136 - Found 37 in REAR_3mm_AL_TOP-1
2026-10-08 12:35:45,454 INFO  ExportHelperExtension.cs: 1145 - Found 0 features of type [CoordSys] in REAR_3mm_AL_TOP-1
2026-10-08 12:35:45,454 INFO  ExportHelperExtension.cs: 1125 - Retrieving features of type [CoordSys] from USER_SPASE_REAR_60XT-F-1
2026-10-08 12:35:45,455 INFO  ExportHelperExtension.cs: 1136 - Found 54 in USER_SPASE_REAR_60XT-F-1
2026-10-08 12:35:45,455 INFO  ExportHelperExtension.cs: 1145 - Found 0 features of type [CoordSys] in USER_SPASE_REAR_60XT-F-1
2026-10-08 12:35:45,455 INFO  ExportHelperExtension.cs: 1125 - Retrieving features of type [CoordSys] from USER_SPASE_FRONT_60XT-F-1
2026-10-08 12:35:45,455 INFO  ExportHelperExtension.cs: 1136 - Found 39 in USER_SPASE_FRONT_60XT-F-1
2026-10-08 12:35:45,456 INFO  ExportHelperExtension.cs: 1145 - Found 0 features of type [CoordSys] in USER_SPASE_FRONT_60XT-F-1
2026-10-08 12:35:45,456 INFO  ExportHelperExtension.cs: 1125 - Retrieving features of type [CoordSys] from RELAY-2
2026-10-08 12:35:45,456 INFO  ExportHelperExtension.cs: 1136 - Found 36 in RELAY-2
2026-10-08 12:35:45,456 INFO  ExportHelperExtension.cs: 1145 - Found 0 features of type [CoordSys] in RELAY-2
2026-10-08 12:35:45,456 INFO  ExportHelperExtension.cs: 1125 - Retrieving features of type [CoordSys] from RELAY-4
2026-10-08 12:35:45,457 INFO  ExportHelperExtension.cs: 1136 - Found 36 in RELAY-4
2026-10-08 12:35:45,457 INFO  ExportHelperExtension.cs: 1145 - Found 0 features of type [CoordSys] in RELAY-4
2026-10-08 12:35:45,457 INFO  ExportHelperExtension.cs: 1125 - Retrieving features of type [CoordSys] from ALUMINIUM_PROFILE_20x20x450-2
2026-10-08 12:35:45,457 INFO  ExportHelperExtension.cs: 1136 - Found 27 in ALUMINIUM_PROFILE_20x20x450-2
2026-10-08 12:35:45,458 INFO  ExportHelperExtension.cs: 1145 - Found 0 features of type [CoordSys] in ALUMINIUM_PROFILE_20x20x450-2
2026-10-08 12:35:45,458 INFO  ExportHelperExtension.cs: 1125 - Retrieving features of type [CoordSys] from MOTOR_DRIVER-1
2026-10-08 12:35:45,458 INFO  ExportHelperExtension.cs: 1136 - Found 29 in MOTOR_DRIVER-1
2026-10-08 12:35:45,458 INFO  ExportHelperExtension.cs: 1145 - Found 0 features of type [CoordSys] in MOTOR_DRIVER-1
2026-10-08 12:35:45,458 INFO  ExportHelperExtension.cs: 1125 - Retrieving features of type [CoordSys] from MOTOR_DRIVER-2
2026-10-08 12:35:45,458 INFO  ExportHelperExtension.cs: 1136 - Found 29 in MOTOR_DRIVER-2
2026-10-08 12:35:45,458 INFO  ExportHelperExtension.cs: 1145 - Found 0 features of type [CoordSys] in MOTOR_DRIVER-2
2026-10-08 12:35:45,459 INFO  ExportHelperExtension.cs: 1125 - Retrieving features of type [CoordSys] from XB7NG21-1
2026-10-08 12:35:45,459 INFO  ExportHelperExtension.cs: 1136 - Found 36 in XB7NG21-1
2026-10-08 12:35:45,459 INFO  ExportHelperExtension.cs: 1145 - Found 0 features of type [CoordSys] in XB7NG21-1
2026-10-08 12:35:45,459 INFO  ExportHelperExtension.cs: 1125 - Retrieving features of type [CoordSys] from BATTERY_HOLDER_PLEXIGLASS_5mm-1
2026-10-08 12:35:45,460 INFO  ExportHelperExtension.cs: 1136 - Found 99 in BATTERY_HOLDER_PLEXIGLASS_5mm-1
2026-10-08 12:35:45,460 INFO  ExportHelperExtension.cs: 1145 - Found 0 features of type [CoordSys] in BATTERY_HOLDER_PLEXIGLASS_5mm-1
2026-10-08 12:35:45,460 INFO  ExportHelperExtension.cs: 1125 - Retrieving features of type [CoordSys] from SWITCH-1
2026-10-08 12:35:45,460 INFO  ExportHelperExtension.cs: 1136 - Found 28 in SWITCH-1
2026-10-08 12:35:45,461 INFO  ExportHelperExtension.cs: 1145 - Found 0 features of type [CoordSys] in SWITCH-1
2026-10-08 12:35:45,461 INFO  ExportHelperExtension.cs: 1125 - Retrieving features of type [CoordSys] from MOTOR_DRIVER-3
2026-10-08 12:35:45,461 INFO  ExportHelperExtension.cs: 1136 - Found 29 in MOTOR_DRIVER-3
2026-10-08 12:35:45,461 INFO  ExportHelperExtension.cs: 1145 - Found 0 features of type [CoordSys] in MOTOR_DRIVER-3
2026-10-08 12:35:45,465 INFO  ExportHelperExtension.cs: 1125 - Retrieving features of type [CoordSys] from CM5_DUAL_ETH_4G5G_BOX-1
2026-10-08 12:35:45,465 INFO  ExportHelperExtension.cs: 1136 - Found 50 in CM5_DUAL_ETH_4G5G_BOX-1
2026-10-08 12:35:45,465 INFO  ExportHelperExtension.cs: 1145 - Found 0 features of type [CoordSys] in CM5_DUAL_ETH_4G5G_BOX-1
2026-10-08 12:35:45,465 INFO  ExportHelperExtension.cs: 1125 - Retrieving features of type [CoordSys] from MOTOR_DRIVER-4
2026-10-08 12:35:45,465 INFO  ExportHelperExtension.cs: 1136 - Found 29 in MOTOR_DRIVER-4
2026-10-08 12:35:45,466 INFO  ExportHelperExtension.cs: 1145 - Found 0 features of type [CoordSys] in MOTOR_DRIVER-4
2026-10-08 12:35:45,466 INFO  ExportHelperExtension.cs: 1125 - Retrieving features of type [CoordSys] from RUTX11-1
2026-10-08 12:35:45,490 INFO  ExportHelperExtension.cs: 1136 - Found 36 in RUTX11-1
2026-10-08 12:35:45,491 INFO  ExportHelperExtension.cs: 1145 - Found 0 features of type [CoordSys] in RUTX11-1
2026-10-08 12:35:45,491 INFO  ExportHelperExtension.cs: 1125 - Retrieving features of type [CoordSys] from XB7NT845-1
2026-10-08 12:35:45,491 INFO  ExportHelperExtension.cs: 1136 - Found 36 in XB7NT845-1
2026-10-08 12:35:45,492 INFO  ExportHelperExtension.cs: 1145 - Found 0 features of type [CoordSys] in XB7NT845-1
2026-10-08 12:35:45,492 INFO  ExportHelperExtension.cs: 1125 - Retrieving features of type [CoordSys] from DIN_RAIL_240mm-1
2026-10-08 12:35:45,492 INFO  ExportHelperExtension.cs: 1136 - Found 38 in DIN_RAIL_240mm-1
2026-10-08 12:35:45,492 INFO  ExportHelperExtension.cs: 1145 - Found 0 features of type [CoordSys] in DIN_RAIL_240mm-1
2026-10-08 12:35:45,493 INFO  ExportHelperExtension.cs: 1125 - Retrieving features of type [CoordSys] from ALUMINIUM_PROFILE_20x20x10mm-1
2026-10-08 12:35:45,493 INFO  ExportHelperExtension.cs: 1136 - Found 29 in ALUMINIUM_PROFILE_20x20x10mm-1
2026-10-08 12:35:45,493 INFO  ExportHelperExtension.cs: 1145 - Found 0 features of type [CoordSys] in ALUMINIUM_PROFILE_20x20x10mm-1
2026-10-08 12:35:45,493 INFO  ExportHelperExtension.cs: 1125 - Retrieving features of type [CoordSys] from ALUMINIUM_PROFILE_20x20x450-4
2026-10-08 12:35:45,493 INFO  ExportHelperExtension.cs: 1136 - Found 27 in ALUMINIUM_PROFILE_20x20x450-4
2026-10-08 12:35:45,494 INFO  ExportHelperExtension.cs: 1145 - Found 0 features of type [CoordSys] in ALUMINIUM_PROFILE_20x20x450-4
2026-10-08 12:35:45,494 INFO  ExportHelperExtension.cs: 1125 - Retrieving features of type [CoordSys] from Hex bolt M8x40-3
2026-10-08 12:35:45,494 INFO  ExportHelperExtension.cs: 1136 - Found 44 in Hex bolt M8x40-3
2026-10-08 12:35:45,494 INFO  ExportHelperExtension.cs: 1145 - Found 0 features of type [CoordSys] in Hex bolt M8x40-3
2026-10-08 12:35:45,495 INFO  ExportHelperExtension.cs: 1125 - Retrieving features of type [CoordSys] from Hex bolt M8x40-4
2026-10-08 12:35:45,495 INFO  ExportHelperExtension.cs: 1136 - Found 44 in Hex bolt M8x40-4
2026-10-08 12:35:45,495 INFO  ExportHelperExtension.cs: 1145 - Found 0 features of type [CoordSys] in Hex bolt M8x40-4
2026-10-08 12:35:45,495 INFO  ExportHelperExtension.cs: 1125 - Retrieving features of type [CoordSys] from MAIN_SUPPORT-1
2026-10-08 12:35:45,495 INFO  ExportHelperExtension.cs: 1136 - Found 35 in MAIN_SUPPORT-1
2026-10-08 12:35:45,496 INFO  ExportHelperExtension.cs: 1145 - Found 0 features of type [CoordSys] in MAIN_SUPPORT-1
2026-10-08 12:35:45,496 INFO  ExportHelperExtension.cs: 1125 - Retrieving features of type [CoordSys] from Hex bolt M8x40-1
2026-10-08 12:35:45,496 INFO  ExportHelperExtension.cs: 1136 - Found 44 in Hex bolt M8x40-1
2026-10-08 12:35:45,496 INFO  ExportHelperExtension.cs: 1145 - Found 0 features of type [CoordSys] in Hex bolt M8x40-1
2026-10-08 12:35:45,496 INFO  ExportHelperExtension.cs: 1125 - Retrieving features of type [CoordSys] from Hex bolt M8x40-2
2026-10-08 12:35:45,496 INFO  ExportHelperExtension.cs: 1136 - Found 44 in Hex bolt M8x40-2
2026-10-08 12:35:45,497 INFO  ExportHelperExtension.cs: 1145 - Found 0 features of type [CoordSys] in Hex bolt M8x40-2
2026-10-08 12:35:45,497 INFO  ExportHelperExtension.cs: 1125 - Retrieving features of type [CoordSys] from LED_SYSTEM-1
2026-10-08 12:35:45,498 INFO  ExportHelperExtension.cs: 1136 - Found 27 in LED_SYSTEM-1
2026-10-08 12:35:45,498 INFO  ExportHelperExtension.cs: 1145 - Found 0 features of type [CoordSys] in LED_SYSTEM-1
2026-10-08 12:35:45,498 INFO  ExportHelperExtension.cs: 1125 - Retrieving features of type [CoordSys] from LED_SYSTEM-2
2026-10-08 12:35:45,498 INFO  ExportHelperExtension.cs: 1136 - Found 27 in LED_SYSTEM-2
2026-10-08 12:35:45,498 INFO  ExportHelperExtension.cs: 1145 - Found 0 features of type [CoordSys] in LED_SYSTEM-2
2026-10-08 12:35:45,499 INFO  ExportHelperExtension.cs: 1125 - Retrieving features of type [CoordSys] from COMPONENTS_SUPPORT-1
2026-10-08 12:35:45,499 INFO  ExportHelperExtension.cs: 1136 - Found 31 in COMPONENTS_SUPPORT-1
2026-10-08 12:35:45,499 INFO  ExportHelperExtension.cs: 1145 - Found 0 features of type [CoordSys] in COMPONENTS_SUPPORT-1
2026-10-08 12:35:45,499 INFO  ExportHelperExtension.cs: 1125 - Retrieving features of type [CoordSys] from COMPONENTS_SUPPORT-2
2026-10-08 12:35:45,500 INFO  ExportHelperExtension.cs: 1136 - Found 31 in COMPONENTS_SUPPORT-2
2026-10-08 12:35:45,500 INFO  ExportHelperExtension.cs: 1145 - Found 0 features of type [CoordSys] in COMPONENTS_SUPPORT-2
2026-10-08 12:35:45,500 INFO  ExportHelperExtension.cs: 1125 - Retrieving features of type [CoordSys] from TShape_2020-2
2026-10-08 12:35:45,500 INFO  ExportHelperExtension.cs: 1136 - Found 36 in TShape_2020-2
2026-10-08 12:35:45,500 INFO  ExportHelperExtension.cs: 1145 - Found 0 features of type [CoordSys] in TShape_2020-2
2026-10-08 12:35:45,501 INFO  ExportHelperExtension.cs: 1125 - Retrieving features of type [CoordSys] from TShape_2020-4
2026-10-08 12:35:45,501 INFO  ExportHelperExtension.cs: 1136 - Found 36 in TShape_2020-4
2026-10-08 12:35:45,501 INFO  ExportHelperExtension.cs: 1145 - Found 0 features of type [CoordSys] in TShape_2020-4
2026-10-08 12:35:45,501 INFO  ExportHelperExtension.cs: 1125 - Retrieving features of type [CoordSys] from TShape_2020-3
2026-10-08 12:35:45,501 INFO  ExportHelperExtension.cs: 1136 - Found 36 in TShape_2020-3
2026-10-08 12:35:45,501 INFO  ExportHelperExtension.cs: 1145 - Found 0 features of type [CoordSys] in TShape_2020-3
2026-10-08 12:35:45,502 INFO  ExportHelperExtension.cs: 1125 - Retrieving features of type [CoordSys] from ALUMINIUM_PROFILE_20x20x10mm-2
2026-10-08 12:35:45,502 INFO  ExportHelperExtension.cs: 1136 - Found 29 in ALUMINIUM_PROFILE_20x20x10mm-2
2026-10-08 12:35:45,502 INFO  ExportHelperExtension.cs: 1145 - Found 0 features of type [CoordSys] in ALUMINIUM_PROFILE_20x20x10mm-2
2026-10-08 12:35:45,502 INFO  ExportHelperExtension.cs: 1125 - Retrieving features of type [CoordSys] from TShape_2020-1
2026-10-08 12:35:45,502 INFO  ExportHelperExtension.cs: 1136 - Found 36 in TShape_2020-1
2026-10-08 12:35:45,502 INFO  ExportHelperExtension.cs: 1145 - Found 0 features of type [CoordSys] in TShape_2020-1
2026-10-08 12:35:45,503 INFO  ExportHelperExtension.cs: 1125 - Retrieving features of type [RefAxis] from ROVER_1000_WATT_VARIANT.SLDASM
2026-10-08 12:35:45,503 INFO  ExportHelperExtension.cs: 1136 - Found 309 in ROVER_1000_WATT_VARIANT.SLDASM
2026-10-08 12:35:45,504 INFO  ExportHelperExtension.cs: 1145 - Found 4 features of type [RefAxis] in ROVER_1000_WATT_VARIANT.SLDASM
2026-10-08 12:35:45,504 INFO  ExportHelperExtension.cs: 1148 - Proceeding through assembly components
2026-10-08 12:35:45,505 INFO  ExportHelperExtension.cs: 1160 - 56 components to check
2026-10-08 12:35:45,505 INFO  ExportHelperExtension.cs: 1125 - Retrieving features of type [RefAxis] from WHEEL_CHUNK_1000_WATT_VARIANT-4
2026-10-08 12:35:45,505 INFO  ExportHelperExtension.cs: 1136 - Found 31 in WHEEL_CHUNK_1000_WATT_VARIANT-4
2026-10-08 12:35:45,505 INFO  ExportHelperExtension.cs: 1145 - Found 0 features of type [RefAxis] in WHEEL_CHUNK_1000_WATT_VARIANT-4
2026-10-08 12:35:45,505 INFO  ExportHelperExtension.cs: 1125 - Retrieving features of type [RefAxis] from WHEEL_CHUNK_1000_WATT_VARIANT-6
2026-10-08 12:35:45,505 INFO  ExportHelperExtension.cs: 1136 - Found 31 in WHEEL_CHUNK_1000_WATT_VARIANT-6
2026-10-08 12:35:45,506 INFO  ExportHelperExtension.cs: 1145 - Found 0 features of type [RefAxis] in WHEEL_CHUNK_1000_WATT_VARIANT-6
2026-10-08 12:35:45,506 INFO  ExportHelperExtension.cs: 1125 - Retrieving features of type [RefAxis] from MOTOR_CHUNK-3
2026-10-08 12:35:45,506 INFO  ExportHelperExtension.cs: 1136 - Found 26 in MOTOR_CHUNK-3
2026-10-08 12:35:45,506 INFO  ExportHelperExtension.cs: 1145 - Found 0 features of type [RefAxis] in MOTOR_CHUNK-3
2026-10-08 12:35:45,506 INFO  ExportHelperExtension.cs: 1125 - Retrieving features of type [RefAxis] from MOTOR_CHUNK-6
2026-10-08 12:35:45,507 INFO  ExportHelperExtension.cs: 1136 - Found 26 in MOTOR_CHUNK-6
2026-10-08 12:35:45,507 INFO  ExportHelperExtension.cs: 1145 - Found 0 features of type [RefAxis] in MOTOR_CHUNK-6
2026-10-08 12:35:45,507 INFO  ExportHelperExtension.cs: 1125 - Retrieving features of type [RefAxis] from SUPPORT_CHUNK_1000_WATT_VARIANT_BACK-1
2026-10-08 12:35:45,507 INFO  ExportHelperExtension.cs: 1136 - Found 115 in SUPPORT_CHUNK_1000_WATT_VARIANT_BACK-1
2026-10-08 12:35:45,508 INFO  ExportHelperExtension.cs: 1145 - Found 0 features of type [RefAxis] in SUPPORT_CHUNK_1000_WATT_VARIANT_BACK-1
2026-10-08 12:35:45,508 INFO  ExportHelperExtension.cs: 1125 - Retrieving features of type [RefAxis] from ALUMINIUM_PROFILE_20x20x176mm-4
2026-10-08 12:35:45,508 INFO  ExportHelperExtension.cs: 1136 - Found 29 in ALUMINIUM_PROFILE_20x20x176mm-4
2026-10-08 12:35:45,508 INFO  ExportHelperExtension.cs: 1145 - Found 0 features of type [RefAxis] in ALUMINIUM_PROFILE_20x20x176mm-4
2026-10-08 12:35:45,509 INFO  ExportHelperExtension.cs: 1125 - Retrieving features of type [RefAxis] from MOTOR_CHUNK-5
2026-10-08 12:35:45,509 INFO  ExportHelperExtension.cs: 1136 - Found 26 in MOTOR_CHUNK-5
2026-10-08 12:35:45,509 INFO  ExportHelperExtension.cs: 1145 - Found 0 features of type [RefAxis] in MOTOR_CHUNK-5
2026-10-08 12:35:45,509 INFO  ExportHelperExtension.cs: 1125 - Retrieving features of type [RefAxis] from SUPPORT_CHUNK_1000_WATT_VARIANT_FRONT-1
2026-10-08 12:35:45,510 INFO  ExportHelperExtension.cs: 1136 - Found 80 in SUPPORT_CHUNK_1000_WATT_VARIANT_FRONT-1
2026-10-08 12:35:45,510 INFO  ExportHelperExtension.cs: 1145 - Found 0 features of type [RefAxis] in SUPPORT_CHUNK_1000_WATT_VARIANT_FRONT-1
2026-10-08 12:35:45,510 INFO  ExportHelperExtension.cs: 1125 - Retrieving features of type [RefAxis] from ALUMINIUM_PROFILE_20x20x176mm-3
2026-10-08 12:35:45,510 INFO  ExportHelperExtension.cs: 1136 - Found 29 in ALUMINIUM_PROFILE_20x20x176mm-3
2026-10-08 12:35:45,511 INFO  ExportHelperExtension.cs: 1145 - Found 0 features of type [RefAxis] in ALUMINIUM_PROFILE_20x20x176mm-3
2026-10-08 12:35:45,511 INFO  ExportHelperExtension.cs: 1125 - Retrieving features of type [RefAxis] from MOTOR_CHUNK-4
2026-10-08 12:35:45,511 INFO  ExportHelperExtension.cs: 1136 - Found 26 in MOTOR_CHUNK-4
2026-10-08 12:35:45,511 INFO  ExportHelperExtension.cs: 1145 - Found 0 features of type [RefAxis] in MOTOR_CHUNK-4
2026-10-08 12:35:45,511 INFO  ExportHelperExtension.cs: 1125 - Retrieving features of type [RefAxis] from BOTTOM_BASE_700x450x5mm_1000_WATT-1
2026-10-08 12:35:45,512 INFO  ExportHelperExtension.cs: 1136 - Found 35 in BOTTOM_BASE_700x450x5mm_1000_WATT-1
2026-10-08 12:35:45,512 INFO  ExportHelperExtension.cs: 1145 - Found 0 features of type [RefAxis] in BOTTOM_BASE_700x450x5mm_1000_WATT-1
2026-10-08 12:35:45,512 INFO  ExportHelperExtension.cs: 1125 - Retrieving features of type [RefAxis] from WHEEL_CHUNK_1000_WATT_VARIANT-3
2026-10-08 12:35:45,513 INFO  ExportHelperExtension.cs: 1136 - Found 31 in WHEEL_CHUNK_1000_WATT_VARIANT-3
2026-10-08 12:35:45,513 INFO  ExportHelperExtension.cs: 1145 - Found 0 features of type [RefAxis] in WHEEL_CHUNK_1000_WATT_VARIANT-3
2026-10-08 12:35:45,513 INFO  ExportHelperExtension.cs: 1125 - Retrieving features of type [RefAxis] from WHEEL_CHUNK_1000_WATT_VARIANT-5
2026-10-08 12:35:45,513 INFO  ExportHelperExtension.cs: 1136 - Found 31 in WHEEL_CHUNK_1000_WATT_VARIANT-5
2026-10-08 12:35:45,513 INFO  ExportHelperExtension.cs: 1145 - Found 0 features of type [RefAxis] in WHEEL_CHUNK_1000_WATT_VARIANT-5
2026-10-08 12:35:45,513 INFO  ExportHelperExtension.cs: 1125 - Retrieving features of type [RefAxis] from FRONT_3mm_AL-2
2026-10-08 12:35:45,513 INFO  ExportHelperExtension.cs: 1136 - Found 31 in FRONT_3mm_AL-2
2026-10-08 12:35:45,514 INFO  ExportHelperExtension.cs: 1145 - Found 0 features of type [RefAxis] in FRONT_3mm_AL-2
2026-10-08 12:35:45,514 INFO  ExportHelperExtension.cs: 1125 - Retrieving features of type [RefAxis] from SWITCH_RUBBER-1
2026-10-08 12:35:45,515 INFO  ExportHelperExtension.cs: 1136 - Found 28 in SWITCH_RUBBER-1
2026-10-08 12:35:45,515 INFO  ExportHelperExtension.cs: 1145 - Found 0 features of type [RefAxis] in SWITCH_RUBBER-1
2026-10-08 12:35:45,524 INFO  ExportHelperExtension.cs: 1125 - Retrieving features of type [RefAxis] from USER_SPACE_BOTTOM_2mm_AL-1
2026-10-08 12:35:45,530 INFO  ExportHelperExtension.cs: 1136 - Found 27 in USER_SPACE_BOTTOM_2mm_AL-1
2026-10-08 12:35:45,530 INFO  ExportHelperExtension.cs: 1145 - Found 0 features of type [RefAxis] in USER_SPACE_BOTTOM_2mm_AL-1
2026-10-08 12:35:45,531 INFO  ExportHelperExtension.cs: 1125 - Retrieving features of type [RefAxis] from RELAY-5
2026-10-08 12:35:45,531 INFO  ExportHelperExtension.cs: 1136 - Found 36 in RELAY-5
2026-10-08 12:35:45,531 INFO  ExportHelperExtension.cs: 1145 - Found 0 features of type [RefAxis] in RELAY-5
2026-10-08 12:35:45,532 INFO  ExportHelperExtension.cs: 1125 - Retrieving features of type [RefAxis] from BOTTOM_REAR_2mm_AL-1
2026-10-08 12:35:45,532 INFO  ExportHelperExtension.cs: 1136 - Found 29 in BOTTOM_REAR_2mm_AL-1
2026-10-08 12:35:45,532 INFO  ExportHelperExtension.cs: 1145 - Found 0 features of type [RefAxis] in BOTTOM_REAR_2mm_AL-1
2026-10-08 12:35:45,532 INFO  ExportHelperExtension.cs: 1125 - Retrieving features of type [RefAxis] from REAR_3mm_AL_BOTTOM-1
2026-10-08 12:35:45,538 INFO  ExportHelperExtension.cs: 1136 - Found 37 in REAR_3mm_AL_BOTTOM-1
2026-10-08 12:35:45,538 INFO  ExportHelperExtension.cs: 1145 - Found 0 features of type [RefAxis] in REAR_3mm_AL_BOTTOM-1
2026-10-08 12:35:45,538 INFO  ExportHelperExtension.cs: 1125 - Retrieving features of type [RefAxis] from RELAY-1
2026-10-08 12:35:45,538 INFO  ExportHelperExtension.cs: 1136 - Found 36 in RELAY-1
2026-10-08 12:35:45,538 INFO  ExportHelperExtension.cs: 1145 - Found 0 features of type [RefAxis] in RELAY-1
2026-10-08 12:35:45,539 INFO  ExportHelperExtension.cs: 1125 - Retrieving features of type [RefAxis] from LATERAL_4mm_AL-1
2026-10-08 12:35:45,539 INFO  ExportHelperExtension.cs: 1136 - Found 29 in LATERAL_4mm_AL-1
2026-10-08 12:35:45,539 INFO  ExportHelperExtension.cs: 1145 - Found 0 features of type [RefAxis] in LATERAL_4mm_AL-1
2026-10-08 12:35:45,539 INFO  ExportHelperExtension.cs: 1125 - Retrieving features of type [RefAxis] from BOTTOM_FRONT_2mm_AL-1
2026-10-08 12:35:45,540 INFO  ExportHelperExtension.cs: 1136 - Found 29 in BOTTOM_FRONT_2mm_AL-1
2026-10-08 12:35:45,540 INFO  ExportHelperExtension.cs: 1145 - Found 0 features of type [RefAxis] in BOTTOM_FRONT_2mm_AL-1
2026-10-08 12:35:45,540 INFO  ExportHelperExtension.cs: 1125 - Retrieving features of type [RefAxis] from LATERAL_4mm_AL-2
2026-10-08 12:35:45,540 INFO  ExportHelperExtension.cs: 1136 - Found 29 in LATERAL_4mm_AL-2
2026-10-08 12:35:45,540 INFO  ExportHelperExtension.cs: 1145 - Found 0 features of type [RefAxis] in LATERAL_4mm_AL-2
2026-10-08 12:35:45,540 INFO  ExportHelperExtension.cs: 1125 - Retrieving features of type [RefAxis] from REAR_3mm_AL_TOP-1
2026-10-08 12:35:45,540 INFO  ExportHelperExtension.cs: 1136 - Found 37 in REAR_3mm_AL_TOP-1
2026-10-08 12:35:45,542 INFO  ExportHelperExtension.cs: 1145 - Found 0 features of type [RefAxis] in REAR_3mm_AL_TOP-1
2026-10-08 12:35:45,542 INFO  ExportHelperExtension.cs: 1125 - Retrieving features of type [RefAxis] from USER_SPASE_REAR_60XT-F-1
2026-10-08 12:35:45,542 INFO  ExportHelperExtension.cs: 1136 - Found 54 in USER_SPASE_REAR_60XT-F-1
2026-10-08 12:35:45,543 INFO  ExportHelperExtension.cs: 1145 - Found 0 features of type [RefAxis] in USER_SPASE_REAR_60XT-F-1
2026-10-08 12:35:45,543 INFO  ExportHelperExtension.cs: 1125 - Retrieving features of type [RefAxis] from USER_SPASE_FRONT_60XT-F-1
2026-10-08 12:35:45,543 INFO  ExportHelperExtension.cs: 1136 - Found 39 in USER_SPASE_FRONT_60XT-F-1
2026-10-08 12:35:45,543 INFO  ExportHelperExtension.cs: 1145 - Found 0 features of type [RefAxis] in USER_SPASE_FRONT_60XT-F-1
2026-10-08 12:35:45,543 INFO  ExportHelperExtension.cs: 1125 - Retrieving features of type [RefAxis] from RELAY-2
2026-10-08 12:35:45,544 INFO  ExportHelperExtension.cs: 1136 - Found 36 in RELAY-2
2026-10-08 12:35:45,544 INFO  ExportHelperExtension.cs: 1145 - Found 0 features of type [RefAxis] in RELAY-2
2026-10-08 12:35:45,544 INFO  ExportHelperExtension.cs: 1125 - Retrieving features of type [RefAxis] from RELAY-4
2026-10-08 12:35:45,544 INFO  ExportHelperExtension.cs: 1136 - Found 36 in RELAY-4
2026-10-08 12:35:45,544 INFO  ExportHelperExtension.cs: 1145 - Found 0 features of type [RefAxis] in RELAY-4
2026-10-08 12:35:45,545 INFO  ExportHelperExtension.cs: 1125 - Retrieving features of type [RefAxis] from ALUMINIUM_PROFILE_20x20x450-2
2026-10-08 12:35:45,545 INFO  ExportHelperExtension.cs: 1136 - Found 27 in ALUMINIUM_PROFILE_20x20x450-2
2026-10-08 12:35:45,545 INFO  ExportHelperExtension.cs: 1145 - Found 0 features of type [RefAxis] in ALUMINIUM_PROFILE_20x20x450-2
2026-10-08 12:35:45,545 INFO  ExportHelperExtension.cs: 1125 - Retrieving features of type [RefAxis] from MOTOR_DRIVER-1
2026-10-08 12:35:45,545 INFO  ExportHelperExtension.cs: 1136 - Found 29 in MOTOR_DRIVER-1
2026-10-08 12:35:45,546 INFO  ExportHelperExtension.cs: 1145 - Found 0 features of type [RefAxis] in MOTOR_DRIVER-1
2026-10-08 12:35:45,546 INFO  ExportHelperExtension.cs: 1125 - Retrieving features of type [RefAxis] from MOTOR_DRIVER-2
2026-10-08 12:35:45,546 INFO  ExportHelperExtension.cs: 1136 - Found 29 in MOTOR_DRIVER-2
2026-10-08 12:35:45,546 INFO  ExportHelperExtension.cs: 1145 - Found 0 features of type [RefAxis] in MOTOR_DRIVER-2
2026-10-08 12:35:45,546 INFO  ExportHelperExtension.cs: 1125 - Retrieving features of type [RefAxis] from XB7NG21-1
2026-10-08 12:35:45,547 INFO  ExportHelperExtension.cs: 1136 - Found 36 in XB7NG21-1
2026-10-08 12:35:45,547 INFO  ExportHelperExtension.cs: 1145 - Found 0 features of type [RefAxis] in XB7NG21-1
2026-10-08 12:35:45,547 INFO  ExportHelperExtension.cs: 1125 - Retrieving features of type [RefAxis] from BATTERY_HOLDER_PLEXIGLASS_5mm-1
2026-10-08 12:35:45,547 INFO  ExportHelperExtension.cs: 1136 - Found 99 in BATTERY_HOLDER_PLEXIGLASS_5mm-1
2026-10-08 12:35:45,548 INFO  ExportHelperExtension.cs: 1145 - Found 0 features of type [RefAxis] in BATTERY_HOLDER_PLEXIGLASS_5mm-1
2026-10-08 12:35:45,548 INFO  ExportHelperExtension.cs: 1125 - Retrieving features of type [RefAxis] from SWITCH-1
2026-10-08 12:35:45,548 INFO  ExportHelperExtension.cs: 1136 - Found 28 in SWITCH-1
2026-10-08 12:35:45,548 INFO  ExportHelperExtension.cs: 1145 - Found 0 features of type [RefAxis] in SWITCH-1
2026-10-08 12:35:45,548 INFO  ExportHelperExtension.cs: 1125 - Retrieving features of type [RefAxis] from MOTOR_DRIVER-3
2026-10-08 12:35:45,548 INFO  ExportHelperExtension.cs: 1136 - Found 29 in MOTOR_DRIVER-3
2026-10-08 12:35:45,549 INFO  ExportHelperExtension.cs: 1145 - Found 0 features of type [RefAxis] in MOTOR_DRIVER-3
2026-10-08 12:35:45,549 INFO  ExportHelperExtension.cs: 1125 - Retrieving features of type [RefAxis] from CM5_DUAL_ETH_4G5G_BOX-1
2026-10-08 12:35:45,549 INFO  ExportHelperExtension.cs: 1136 - Found 50 in CM5_DUAL_ETH_4G5G_BOX-1
2026-10-08 12:35:45,549 INFO  ExportHelperExtension.cs: 1145 - Found 0 features of type [RefAxis] in CM5_DUAL_ETH_4G5G_BOX-1
2026-10-08 12:35:45,549 INFO  ExportHelperExtension.cs: 1125 - Retrieving features of type [RefAxis] from MOTOR_DRIVER-4
2026-10-08 12:35:45,550 INFO  ExportHelperExtension.cs: 1136 - Found 29 in MOTOR_DRIVER-4
2026-10-08 12:35:45,550 INFO  ExportHelperExtension.cs: 1145 - Found 0 features of type [RefAxis] in MOTOR_DRIVER-4
2026-10-08 12:35:45,550 INFO  ExportHelperExtension.cs: 1125 - Retrieving features of type [RefAxis] from RUTX11-1
2026-10-08 12:35:45,550 INFO  ExportHelperExtension.cs: 1136 - Found 36 in RUTX11-1
2026-10-08 12:35:45,550 INFO  ExportHelperExtension.cs: 1145 - Found 0 features of type [RefAxis] in RUTX11-1
2026-10-08 12:35:45,551 INFO  ExportHelperExtension.cs: 1125 - Retrieving features of type [RefAxis] from XB7NT845-1
2026-10-08 12:35:45,551 INFO  ExportHelperExtension.cs: 1136 - Found 36 in XB7NT845-1
2026-10-08 12:35:45,551 INFO  ExportHelperExtension.cs: 1145 - Found 0 features of type [RefAxis] in XB7NT845-1
2026-10-08 12:35:45,551 INFO  ExportHelperExtension.cs: 1125 - Retrieving features of type [RefAxis] from DIN_RAIL_240mm-1
2026-10-08 12:35:45,551 INFO  ExportHelperExtension.cs: 1136 - Found 38 in DIN_RAIL_240mm-1
2026-10-08 12:35:45,552 INFO  ExportHelperExtension.cs: 1145 - Found 0 features of type [RefAxis] in DIN_RAIL_240mm-1
2026-10-08 12:35:45,552 INFO  ExportHelperExtension.cs: 1125 - Retrieving features of type [RefAxis] from ALUMINIUM_PROFILE_20x20x10mm-1
2026-10-08 12:35:45,552 INFO  ExportHelperExtension.cs: 1136 - Found 29 in ALUMINIUM_PROFILE_20x20x10mm-1
2026-10-08 12:35:45,552 INFO  ExportHelperExtension.cs: 1145 - Found 0 features of type [RefAxis] in ALUMINIUM_PROFILE_20x20x10mm-1
2026-10-08 12:35:45,553 INFO  ExportHelperExtension.cs: 1125 - Retrieving features of type [RefAxis] from ALUMINIUM_PROFILE_20x20x450-4
2026-10-08 12:35:45,553 INFO  ExportHelperExtension.cs: 1136 - Found 27 in ALUMINIUM_PROFILE_20x20x450-4
2026-10-08 12:35:45,553 INFO  ExportHelperExtension.cs: 1145 - Found 0 features of type [RefAxis] in ALUMINIUM_PROFILE_20x20x450-4
2026-10-08 12:35:45,553 INFO  ExportHelperExtension.cs: 1125 - Retrieving features of type [RefAxis] from Hex bolt M8x40-3
2026-10-08 12:35:45,554 INFO  ExportHelperExtension.cs: 1136 - Found 44 in Hex bolt M8x40-3
2026-10-08 12:35:45,554 INFO  ExportHelperExtension.cs: 1145 - Found 3 features of type [RefAxis] in Hex bolt M8x40-3
2026-10-08 12:35:45,555 INFO  ExportHelperExtension.cs: 1125 - Retrieving features of type [RefAxis] from Hex bolt M8x40-4
2026-10-08 12:35:45,555 INFO  ExportHelperExtension.cs: 1136 - Found 44 in Hex bolt M8x40-4
2026-10-08 12:35:45,555 INFO  ExportHelperExtension.cs: 1145 - Found 3 features of type [RefAxis] in Hex bolt M8x40-4
2026-10-08 12:35:45,555 INFO  ExportHelperExtension.cs: 1125 - Retrieving features of type [RefAxis] from MAIN_SUPPORT-1
2026-10-08 12:35:45,555 INFO  ExportHelperExtension.cs: 1136 - Found 35 in MAIN_SUPPORT-1
2026-10-08 12:35:45,556 INFO  ExportHelperExtension.cs: 1145 - Found 0 features of type [RefAxis] in MAIN_SUPPORT-1
2026-10-08 12:35:45,556 INFO  ExportHelperExtension.cs: 1125 - Retrieving features of type [RefAxis] from Hex bolt M8x40-1
2026-10-08 12:35:45,556 INFO  ExportHelperExtension.cs: 1136 - Found 44 in Hex bolt M8x40-1
2026-10-08 12:35:45,556 INFO  ExportHelperExtension.cs: 1145 - Found 3 features of type [RefAxis] in Hex bolt M8x40-1
2026-10-08 12:35:45,556 INFO  ExportHelperExtension.cs: 1125 - Retrieving features of type [RefAxis] from Hex bolt M8x40-2
2026-10-08 12:35:45,556 INFO  ExportHelperExtension.cs: 1136 - Found 44 in Hex bolt M8x40-2
2026-10-08 12:35:45,556 INFO  ExportHelperExtension.cs: 1145 - Found 3 features of type [RefAxis] in Hex bolt M8x40-2
2026-10-08 12:35:45,558 INFO  ExportHelperExtension.cs: 1125 - Retrieving features of type [RefAxis] from LED_SYSTEM-1
2026-10-08 12:35:45,558 INFO  ExportHelperExtension.cs: 1136 - Found 27 in LED_SYSTEM-1
2026-10-08 12:35:45,558 INFO  ExportHelperExtension.cs: 1145 - Found 0 features of type [RefAxis] in LED_SYSTEM-1
2026-10-08 12:35:45,558 INFO  ExportHelperExtension.cs: 1125 - Retrieving features of type [RefAxis] from LED_SYSTEM-2
2026-10-08 12:35:45,558 INFO  ExportHelperExtension.cs: 1136 - Found 27 in LED_SYSTEM-2
2026-10-08 12:35:45,559 INFO  ExportHelperExtension.cs: 1145 - Found 0 features of type [RefAxis] in LED_SYSTEM-2
2026-10-08 12:35:45,559 INFO  ExportHelperExtension.cs: 1125 - Retrieving features of type [RefAxis] from COMPONENTS_SUPPORT-1
2026-10-08 12:35:45,559 INFO  ExportHelperExtension.cs: 1136 - Found 31 in COMPONENTS_SUPPORT-1
2026-10-08 12:35:45,559 INFO  ExportHelperExtension.cs: 1145 - Found 0 features of type [RefAxis] in COMPONENTS_SUPPORT-1
2026-10-08 12:35:45,559 INFO  ExportHelperExtension.cs: 1125 - Retrieving features of type [RefAxis] from COMPONENTS_SUPPORT-2
2026-10-08 12:35:45,559 INFO  ExportHelperExtension.cs: 1136 - Found 31 in COMPONENTS_SUPPORT-2
2026-10-08 12:35:45,559 INFO  ExportHelperExtension.cs: 1145 - Found 0 features of type [RefAxis] in COMPONENTS_SUPPORT-2
2026-10-08 12:35:45,559 INFO  ExportHelperExtension.cs: 1125 - Retrieving features of type [RefAxis] from TShape_2020-2
2026-10-08 12:35:45,561 INFO  ExportHelperExtension.cs: 1136 - Found 36 in TShape_2020-2
2026-10-08 12:35:45,561 INFO  ExportHelperExtension.cs: 1145 - Found 0 features of type [RefAxis] in TShape_2020-2
2026-10-08 12:35:45,561 INFO  ExportHelperExtension.cs: 1125 - Retrieving features of type [RefAxis] from TShape_2020-4
2026-10-08 12:35:45,561 INFO  ExportHelperExtension.cs: 1136 - Found 36 in TShape_2020-4
2026-10-08 12:35:45,565 INFO  ExportHelperExtension.cs: 1145 - Found 0 features of type [RefAxis] in TShape_2020-4
2026-10-08 12:35:45,565 INFO  ExportHelperExtension.cs: 1125 - Retrieving features of type [RefAxis] from TShape_2020-3
2026-10-08 12:35:45,565 INFO  ExportHelperExtension.cs: 1136 - Found 36 in TShape_2020-3
2026-10-08 12:35:45,565 INFO  ExportHelperExtension.cs: 1145 - Found 0 features of type [RefAxis] in TShape_2020-3
2026-10-08 12:35:45,565 INFO  ExportHelperExtension.cs: 1125 - Retrieving features of type [RefAxis] from ALUMINIUM_PROFILE_20x20x10mm-2
2026-10-08 12:35:45,584 INFO  ExportHelperExtension.cs: 1136 - Found 29 in ALUMINIUM_PROFILE_20x20x10mm-2
2026-10-08 12:35:45,584 INFO  ExportHelperExtension.cs: 1145 - Found 0 features of type [RefAxis] in ALUMINIUM_PROFILE_20x20x10mm-2
2026-10-08 12:35:45,584 INFO  ExportHelperExtension.cs: 1125 - Retrieving features of type [RefAxis] from TShape_2020-1
2026-10-08 12:35:45,585 INFO  ExportHelperExtension.cs: 1136 - Found 36 in TShape_2020-1
2026-10-08 12:35:45,585 INFO  ExportHelperExtension.cs: 1145 - Found 0 features of type [RefAxis] in TShape_2020-1
2026-10-08 12:35:45,619 INFO  ExportPropertyManager.cs: 1142 - AfterClose called. This method no longer throws an Exception. It just silently does nothing. Ok, except for this logging message
2026-10-08 12:37:41,795 INFO  AssemblyExportForm.cs: 253 - Completing URDF export
2026-10-08 12:37:41,802 INFO  ConfigurationSerialization.cs: 276 - URDF Configuration found
<Link z:Id="i1" xmlns="http://schemas.datacontract.org/2004/07/SW2URDF" xmlns:i="http://www.w3.org/2001/XMLSchema-instance" xmlns:z="http://schemas.microsoft.com/2003/10/Serialization/"><Attributes><Attribute z:Id="i2"><AttributeType>name</AttributeType><IsRequired>true</IsRequired><Value i:type="a:string" xmlns:a="http://www.w3.org/2001/XMLSchema">base_link</Value></Attribute></Attributes><ChildElements><URDFElement z:Id="i3" i:type="Inertial"><Attributes/><ChildElements><URDFElement z:Id="i4" i:type="Origin"><Attributes><Attribute z:Id="i5"><AttributeType>xyz</AttributeType><IsRequired>true</IsRequired><Value i:type="a:ArrayOfdouble" xmlns:a="http://schemas.microsoft.com/2003/10/Serialization/Arrays"><a:double>0.016021461766449117</a:double><a:double>-0.00047043545285978321</a:double><a:double>0.10781753100320494</a:double></Value></Attribute><Attribute z:Id="i6"><AttributeType>rpy</AttributeType><IsRequired>true</IsRequired><Value i:type="a:ArrayOfdouble" xmlns:a="http://schemas.microsoft.com/2003/10/Serialization/Arrays"><a:double>0</a:double><a:double>0</a:double><a:double>0</a:double></Value></Attribute></Attributes><ChildElements/><ElementName>origin</ElementName><required>false</required><RPYAttribute z:Ref="i6"/><XYZAttribute z:Ref="i5"/><isCustomized>false</isCustomized></URDFElement><URDFElement z:Id="i7" i:type="Mass"><Attributes><Attribute z:Id="i8"><AttributeType>value</AttributeType><IsRequired>true</IsRequired><Value i:type="a:double" xmlns:a="http://www.w3.org/2001/XMLSchema">37.229769641354771</Value></Attribute></Attributes><ChildElements/><ElementName>mass</ElementName><required>false</required><ValueAttribute z:Ref="i8"/></URDFElement><URDFElement z:Id="i9" i:type="Inertia"><Attributes><Attribute z:Id="i10"><AttributeType>ixx</AttributeType><IsRequired>true</IsRequired><Value i:type="a:double" xmlns:a="http://www.w3.org/2001/XMLSchema">0.32769789733590204</Value></Attribute><Attribute z:Id="i11"><AttributeType>ixy</AttributeType><IsRequired>true</IsRequired><Value i:type="a:double" xmlns:a="http://www.w3.org/2001/XMLSchema">-0.00081538015615264939</Value></Attribute><Attribute z:Id="i12"><AttributeType>ixz</AttributeType><IsRequired>true</IsRequired><Value i:type="a:double" xmlns:a="http://www.w3.org/2001/XMLSchema">3.6964689251923844E-06</Value></Attribute><Attribute z:Id="i13"><AttributeType>iyy</AttributeType><IsRequired>true</IsRequired><Value i:type="a:double" xmlns:a="http://www.w3.org/2001/XMLSchema">0.31446229360654387</Value></Attribute><Attribute z:Id="i14"><AttributeType>iyz</AttributeType><IsRequired>true</IsRequired><Value i:type="a:double" xmlns:a="http://www.w3.org/2001/XMLSchema">-5.4580054468260356E-05</Value></Attribute><Attribute z:Id="i15"><AttributeType>izz</AttributeType><IsRequired>true</IsRequired><Value i:type="a:double" xmlns:a="http://www.w3.org/2001/XMLSchema">0.57169437099184994</Value></Attribute></Attributes><ChildElements/><ElementName>inertia</ElementName><required>false</required><IxxAttribute z:Ref="i10"/><IxyAttribute z:Ref="i11"/><IxzAttribute z:Ref="i12"/><IyyAttribute z:Ref="i13"/><IyzAttribute z:Ref="i14"/><IzzAttribute z:Ref="i15"/></URDFElement></ChildElements><ElementName>inertial</ElementName><required>false</required><Inertia z:Ref="i9"/><Mass z:Ref="i7"/><Origin z:Ref="i4"/></URDFElement><URDFElement z:Id="i16" i:type="Visual"><Attributes/><ChildElements><URDFElement z:Id="i17" i:type="Origin"><Attributes><Attribute z:Id="i18"><AttributeType>xyz</AttributeType><IsRequired>true</IsRequired><Value i:type="a:ArrayOfdouble" xmlns:a="http://schemas.microsoft.com/2003/10/Serialization/Arrays"><a:double>0</a:double><a:double>0</a:double><a:double>0</a:double></Value></Attribute><Attribute z:Id="i19"><AttributeType>rpy</AttributeType><IsRequired>true</IsRequired><Value i:type="a:ArrayOfdouble" xmlns:a="http://schemas.microsoft.com/2003/10/Serialization/Arrays"><a:double>0</a:double><a:double>0</a:double><a:double>0</a:double></Value></Attribute></Attributes><ChildElements/><ElementName>origin</ElementName><required>false</required><RPYAttribute z:Ref="i19"/><XYZAttribute z:Ref="i18"/><isCustomized>false</isCustomized></URDFElement><URDFElement z:Id="i20" i:type="Geometry"><Attributes/><ChildElements><URDFElement z:Id="i21" i:type="Mesh"><Attributes><Attribute z:Id="i22"><AttributeType>filename</AttributeType><IsRequired>true</IsRequired><Value i:nil="true"/></Attribute></Attributes><ChildElements/><ElementName>mesh</ElementName><required>false</required><FilenameAttribute z:Ref="i22"/></URDFElement></ChildElements><ElementName>geometry</ElementName><required>true</required><Mesh z:Ref="i21"/></URDFElement><URDFElement z:Id="i23" i:type="Material"><Attributes><Attribute z:Id="i24"><AttributeType>name</AttributeType><IsRequired>true</IsRequired><Value i:type="a:string" xmlns:a="http://www.w3.org/2001/XMLSchema"/></Attribute></Attributes><ChildElements><URDFElement z:Id="i25" i:type="Color"><Attributes><Attribute z:Id="i26"><AttributeType>rgba</AttributeType><IsRequired>true</IsRequired><Value i:type="a:ArrayOfdouble" xmlns:a="http://schemas.microsoft.com/2003/10/Serialization/Arrays"><a:double>0.792156862745098</a:double><a:double>0.81960784313725488</a:double><a:double>0.93333333333333335</a:double><a:double>1</a:double></Value></Attribute></Attributes><ChildElements/><ElementName>color</ElementName><required>false</required><RGBAAttribute z:Ref="i26"/></URDFElement><URDFElement z:Id="i27" i:type="Texture"><Attributes><Attribute z:Id="i28"><AttributeType>filename</AttributeType><IsRequired>true</IsRequired><Value i:nil="true"/></Attribute></Attributes><ChildElements/><ElementName>texture</ElementName><required>false</required><FilenameAttribute z:Ref="i28"/><wFilename/></URDFElement></ChildElements><ElementName>material</ElementName><required>false</required><Color z:Ref="i25"/><NameAttribute z:Ref="i24"/><Texture z:Ref="i27"/></URDFElement></ChildElements><ElementName>visual</ElementName><required>false</required><Geometry z:Ref="i20"/><Material z:Ref="i23"/><Origin z:Ref="i17"/></URDFElement><URDFElement z:Id="i29" i:type="Collision"><Attributes/><ChildElements><URDFElement z:Id="i30" i:type="Origin"><Attributes><Attribute z:Id="i31"><AttributeType>xyz</AttributeType><IsRequired>true</IsRequired><Value i:type="a:ArrayOfdouble" xmlns:a="http://schemas.microsoft.com/2003/10/Serialization/Arrays"><a:double>0</a:double><a:double>0</a:double><a:double>0</a:double></Value></Attribute><Attribute z:Id="i32"><AttributeType>rpy</AttributeType><IsRequired>true</IsRequired><Value i:type="a:ArrayOfdouble" xmlns:a="http://schemas.microsoft.com/2003/10/Serialization/Arrays"><a:double>0</a:double><a:double>0</a:double><a:double>0</a:double></Value></Attribute></Attributes><ChildElements/><ElementName>origin</ElementName><required>false</required><RPYAttribute z:Ref="i32"/><XYZAttribute z:Ref="i31"/><isCustomized>false</isCustomized></URDFElement><URDFElement z:Id="i33" i:type="Geometry"><Attributes/><ChildElements><URDFElement z:Id="i34" i:type="Mesh"><Attributes><Attribute z:Id="i35"><AttributeType>filename</AttributeType><IsRequired>true</IsRequired><Value i:nil="true"/></Attribute></Attributes><ChildElements/><ElementName>mesh</ElementName><required>false</required><FilenameAttribute z:Ref="i35"/></URDFElement></ChildElements><ElementName>geometry</ElementName><required>true</required><Mesh z:Ref="i34"/></URDFElement></ChildElements><ElementName>collision</ElementName><required>false</required><Geometry z:Ref="i33"/><Origin z:Ref="i30"/></URDFElement><URDFElement z:Id="i36" i:type="Joint"><Attributes><Attribute z:Id="i37"><AttributeType>name</AttributeType><IsRequired>true</IsRequired><Value i:type="a:string" xmlns:a="http://www.w3.org/2001/XMLSchema"/></Attribute><Attribute z:Id="i38"><AttributeType>type</AttributeType><IsRequired>true</IsRequired><Value i:type="a:string" xmlns:a="http://www.w3.org/2001/XMLSchema"/></Attribute></Attributes><ChildElements><URDFElement z:Id="i39" i:type="Origin"><Attributes><Attribute z:Id="i40"><AttributeType>xyz</AttributeType><IsRequired>true</IsRequired><Value i:type="a:ArrayOfdouble" xmlns:a="http://schemas.microsoft.com/2003/10/Serialization/Arrays"><a:double>0</a:double><a:double>0</a:double><a:double>0</a:double></Value></Attribute><Attribute z:Id="i41"><AttributeType>rpy</AttributeType><IsRequired>true</IsRequired><Value i:type="a:ArrayOfdouble" xmlns:a="http://schemas.microsoft.com/2003/10/Serialization/Arrays"><a:double>0</a:double><a:double>0</a:double><a:double>0</a:double></Value></Attribute></Attributes><ChildElements/><ElementName>origin</ElementName><required>false</required><RPYAttribute z:Ref="i41"/><XYZAttribute z:Ref="i40"/><isCustomized>false</isCustomized></URDFElement><URDFElement z:Id="i42" i:type="ParentLink"><Attributes><Attribute z:Id="i43"><AttributeType>link</AttributeType><IsRequired>true</IsRequired><Value i:type="a:string" xmlns:a="http://www.w3.org/2001/XMLSchema"/></Attribute></Attributes><ChildElements/><ElementName>parent</ElementName><required>true</required><NameAttribute z:Ref="i43"/></URDFElement><URDFElement z:Id="i44" i:type="ChildLink"><Attributes><Attribute z:Id="i45"><AttributeType>link</AttributeType><IsRequired>true</IsRequired><Value i:type="a:string" xmlns:a="http://www.w3.org/2001/XMLSchema"/></Attribute></Attributes><ChildElements/><ElementName>child</ElementName><required>true</required><NameAttribute z:Ref="i45"/></URDFElement><URDFElement z:Id="i46" i:type="Axis"><Attributes><Attribute z:Id="i47"><AttributeType>xyz</AttributeType><IsRequired>true</IsRequired><Value i:type="a:ArrayOfdouble" xmlns:a="http://schemas.microsoft.com/2003/10/Serialization/Arrays"><a:double>0</a:double><a:double>0</a:double><a:double>0</a:double></Value></Attribute></Attributes><ChildElements/><ElementName>axis</ElementName><required>false</required><XYZAttribute z:Ref="i47"/></URDFElement><URDFElement z:Id="i48" i:type="Limit"><Attributes><Attribute z:Id="i49"><AttributeType>lower</AttributeType><IsRequired>false</IsRequired><Value i:nil="true"/></Attribute><Attribute z:Id="i50"><AttributeType>upper</AttributeType><IsRequired>false</IsRequired><Value i:nil="true"/></Attribute><Attribute z:Id="i51"><AttributeType>effort</AttributeType><IsRequired>true</IsRequired><Value i:nil="true"/></Attribute><Attribute z:Id="i52"><AttributeType>velocity</AttributeType><IsRequired>true</IsRequired><Value i:nil="true"/></Attribute></Attributes><ChildElements/><ElementName>limit</ElementName><required>false</required><EffortAttribute z:Ref="i51"/><LowerAttribute z:Ref="i49"/><UpperAttribute z:Ref="i50"/><VelocityAttribute z:Ref="i52"/></URDFElement><URDFElement z:Id="i53" i:type="Calibration"><Attributes><Attribute z:Id="i54"><AttributeType>rising</AttributeType><IsRequired>false</IsRequired><Value i:nil="true"/></Attribute><Attribute z:Id="i55"><AttributeType>falling</AttributeType><IsRequired>false</IsRequired><Value i:nil="true"/></Attribute></Attributes><ChildElements/><ElementName>calibration</ElementName><required>false</required><FallingAttribute z:Ref="i55"/><RisingAttribute z:Ref="i54"/></URDFElement><URDFElement z:Id="i56" i:type="Dynamics"><Attributes><Attribute z:Id="i57"><AttributeType>damping</AttributeType><IsRequired>false</IsRequired><Value i:nil="true"/></Attribute><Attribute z:Id="i58"><AttributeType>friction</AttributeType><IsRequired>false</IsRequired><Value i:nil="true"/></Attribute></Attributes><ChildElements/><ElementName>dynamics</ElementName><required>false</required><DampingAttribute z:Ref="i57"/><FrictionAttribute z:Ref="i58"/></URDFElement><URDFElement z:Id="i59" i:type="SafetyController"><Attributes><Attribute z:Id="i60"><AttributeType>soft_upper_limit</AttributeType><IsRequired>false</IsRequired><Value i:nil="true"/></Attribute><Attribute z:Id="i61"><AttributeType>soft_lower_limit</AttributeType><IsRequired>false</IsRequired><Value i:nil="true"/></Attribute><Attribute z:Id="i62"><AttributeType>k_position</AttributeType><IsRequired>false</IsRequired><Value i:nil="true"/></Attribute><Attribute z:Id="i63"><AttributeType>k_velocity</AttributeType><IsRequired>true</IsRequired><Value i:nil="true"/></Attribute></Attributes><ChildElements/><ElementName>safety_controller</ElementName><required>false</required><KPositionAttribute z:Ref="i62"/><KVelocityAttribute z:Ref="i63"/><SoftLowerAttribute z:Ref="i61"/><SoftUpperAttribute z:Ref="i60"/></URDFElement><URDFElement z:Id="i64" i:type="Mimic"><Attributes><Attribute z:Id="i65"><AttributeType>joint</AttributeType><IsRequired>true</IsRequired><Value i:nil="true"/></Attribute><Attribute z:Id="i66"><AttributeType>multiplier</AttributeType><IsRequired>false</IsRequired><Value i:nil="true"/></Attribute><Attribute z:Id="i67"><AttributeType>offset</AttributeType><IsRequired>false</IsRequired><Value i:nil="true"/></Attribute></Attributes><ChildElements/><ElementName>mimic</ElementName><required>false</required><JointNameAttribute z:Ref="i65"/><MultiplierAttribute z:Ref="i66"/><OffsetAttribute z:Ref="i67"/></URDFElement></ChildElements><ElementName>joint</ElementName><required>false</required><Axis z:Ref="i46"/><AxisName/><Calibration z:Ref="i53"/><Child z:Ref="i44"/><CoordinateSystemName>CoordSys_Base</CoordinateSystemName><Dynamics z:Ref="i56"/><Limit z:Ref="i48"/><Mimic z:Ref="i64"/><NameAttribute z:Ref="i37"/><Origin z:Ref="i39"/><Parent z:Ref="i42"/><Safety z:Ref="i59"/><TypeAttribute z:Ref="i38"/></URDFElement></ChildElements><ElementName>link</ElementName><required>true</required><Children><Link z:Id="i68"><Attributes><Attribute z:Id="i69"><AttributeType>name</AttributeType><IsRequired>true</IsRequired><Value i:type="a:string" xmlns:a="http://www.w3.org/2001/XMLSchema">link_back_left</Value></Attribute></Attributes><ChildElements><URDFElement z:Id="i70" i:type="Inertial"><Attributes/><ChildElements><URDFElement z:Id="i71" i:type="Origin"><Attributes><Attribute z:Id="i72"><AttributeType>xyz</AttributeType><IsRequired>true</IsRequired><Value i:type="a:ArrayOfdouble" xmlns:a="http://schemas.microsoft.com/2003/10/Serialization/Arrays"><a:double>-5.0352E-06</a:double><a:double>-0.0024212</a:double><a:double>6.385E-06</a:double></Value></Attribute><Attribute z:Id="i73"><AttributeType>rpy</AttributeType><IsRequired>true</IsRequired><Value i:type="a:ArrayOfdouble" xmlns:a="http://schemas.microsoft.com/2003/10/Serialization/Arrays"><a:double>0</a:double><a:double>0</a:double><a:double>0</a:double></Value></Attribute></Attributes><ChildElements/><ElementName>origin</ElementName><required>false</required><RPYAttribute z:Ref="i73"/><XYZAttribute z:Ref="i72"/><isCustomized>false</isCustomized></URDFElement><URDFElement z:Id="i74" i:type="Mass"><Attributes><Attribute z:Id="i75"><AttributeType>value</AttributeType><IsRequired>true</IsRequired><Value i:type="a:double" xmlns:a="http://www.w3.org/2001/XMLSchema">5.0741</Value></Attribute></Attributes><ChildElements/><ElementName>mass</ElementName><required>false</required><ValueAttribute z:Ref="i75"/></URDFElement><URDFElement z:Id="i76" i:type="Inertia"><Attributes><Attribute z:Id="i77"><AttributeType>ixx</AttributeType><IsRequired>true</IsRequired><Value i:type="a:double" xmlns:a="http://www.w3.org/2001/XMLSchema">0.036669</Value></Attribute><Attribute z:Id="i78"><AttributeType>ixy</AttributeType><IsRequired>true</IsRequired><Value i:type="a:double" xmlns:a="http://www.w3.org/2001/XMLSchema">-2.5769E-07</Value></Attribute><Attribute z:Id="i79"><AttributeType>ixz</AttributeType><IsRequired>true</IsRequired><Value i:type="a:double" xmlns:a="http://www.w3.org/2001/XMLSchema">-1.9301E-07</Value></Attribute><Attribute z:Id="i80"><AttributeType>iyy</AttributeType><IsRequired>true</IsRequired><Value i:type="a:double" xmlns:a="http://www.w3.org/2001/XMLSchema">0.066215</Value></Attribute><Attribute z:Id="i81"><AttributeType>iyz</AttributeType><IsRequired>true</IsRequired><Value i:type="a:double" xmlns:a="http://www.w3.org/2001/XMLSchema">3.2639E-07</Value></Attribute><Attribute z:Id="i82"><AttributeType>izz</AttributeType><IsRequired>true</IsRequired><Value i:type="a:double" xmlns:a="http://www.w3.org/2001/XMLSchema">0.036669</Value></Attribute></Attributes><ChildElements/><ElementName>inertia</ElementName><required>false</required><IxxAttribute z:Ref="i77"/><IxyAttribute z:Ref="i78"/><IxzAttribute z:Ref="i79"/><IyyAttribute z:Ref="i80"/><IyzAttribute z:Ref="i81"/><IzzAttribute z:Ref="i82"/></URDFElement></ChildElements><ElementName>inertial</ElementName><required>false</required><Inertia z:Ref="i76"/><Mass z:Ref="i74"/><Origin z:Ref="i71"/></URDFElement><URDFElement z:Id="i83" i:type="Visual"><Attributes/><ChildElements><URDFElement z:Id="i84" i:type="Origin"><Attributes><Attribute z:Id="i85"><AttributeType>xyz</AttributeType><IsRequired>true</IsRequired><Value i:type="a:ArrayOfdouble" xmlns:a="http://schemas.microsoft.com/2003/10/Serialization/Arrays"><a:double>0</a:double><a:double>0</a:double><a:double>0</a:double></Value></Attribute><Attribute z:Id="i86"><AttributeType>rpy</AttributeType><IsRequired>true</IsRequired><Value i:type="a:ArrayOfdouble" xmlns:a="http://schemas.microsoft.com/2003/10/Serialization/Arrays"><a:double>0</a:double><a:double>0</a:double><a:double>0</a:double></Value></Attribute></Attributes><ChildElements/><ElementName>origin</ElementName><required>false</required><RPYAttribute z:Ref="i86"/><XYZAttribute z:Ref="i85"/><isCustomized>false</isCustomized></URDFElement><URDFElement z:Id="i87" i:type="Geometry"><Attributes/><ChildElements><URDFElement z:Id="i88" i:type="Mesh"><Attributes><Attribute z:Id="i89"><AttributeType>filename</AttributeType><IsRequired>true</IsRequired><Value i:nil="true"/></Attribute></Attributes><ChildElements/><ElementName>mesh</ElementName><required>false</required><FilenameAttribute z:Ref="i89"/></URDFElement></ChildElements><ElementName>geometry</ElementName><required>true</required><Mesh z:Ref="i88"/></URDFElement><URDFElement z:Id="i90" i:type="Material"><Attributes><Attribute z:Id="i91"><AttributeType>name</AttributeType><IsRequired>true</IsRequired><Value i:type="a:string" xmlns:a="http://www.w3.org/2001/XMLSchema"/></Attribute></Attributes><ChildElements><URDFElement z:Id="i92" i:type="Color"><Attributes><Attribute z:Id="i93"><AttributeType>rgba</AttributeType><IsRequired>true</IsRequired><Value i:type="a:ArrayOfdouble" xmlns:a="http://schemas.microsoft.com/2003/10/Serialization/Arrays"><a:double>0.75294</a:double><a:double>0.75294</a:double><a:double>0.75294</a:double><a:double>1</a:double></Value></Attribute></Attributes><ChildElements/><ElementName>color</ElementName><required>false</required><RGBAAttribute z:Ref="i93"/></URDFElement><URDFElement z:Id="i94" i:type="Texture"><Attributes><Attribute z:Id="i95"><AttributeType>filename</AttributeType><IsRequired>true</IsRequired><Value i:nil="true"/></Attribute></Attributes><ChildElements/><ElementName>texture</ElementName><required>false</required><FilenameAttribute z:Ref="i95"/><wFilename/></URDFElement></ChildElements><ElementName>material</ElementName><required>false</required><Color z:Ref="i92"/><NameAttribute z:Ref="i91"/><Texture z:Ref="i94"/></URDFElement></ChildElements><ElementName>visual</ElementName><required>false</required><Geometry z:Ref="i87"/><Material z:Ref="i90"/><Origin z:Ref="i84"/></URDFElement><URDFElement z:Id="i96" i:type="Collision"><Attributes/><ChildElements><URDFElement z:Id="i97" i:type="Origin"><Attributes><Attribute z:Id="i98"><AttributeType>xyz</AttributeType><IsRequired>true</IsRequired><Value i:type="a:ArrayOfdouble" xmlns:a="http://schemas.microsoft.com/2003/10/Serialization/Arrays"><a:double>0</a:double><a:double>0</a:double><a:double>0</a:double></Value></Attribute><Attribute z:Id="i99"><AttributeType>rpy</AttributeType><IsRequired>true</IsRequired><Value i:type="a:ArrayOfdouble" xmlns:a="http://schemas.microsoft.com/2003/10/Serialization/Arrays"><a:double>0</a:double><a:double>0</a:double><a:double>0</a:double></Value></Attribute></Attributes><ChildElements/><ElementName>origin</ElementName><required>false</required><RPYAttribute z:Ref="i99"/><XYZAttribute z:Ref="i98"/><isCustomized>false</isCustomized></URDFElement><URDFElement z:Id="i100" i:type="Geometry"><Attributes/><ChildElements><URDFElement z:Id="i101" i:type="Mesh"><Attributes><Attribute z:Id="i102"><AttributeType>filename</AttributeType><IsRequired>true</IsRequired><Value i:nil="true"/></Attribute></Attributes><ChildElements/><ElementName>mesh</ElementName><required>false</required><FilenameAttribute z:Ref="i102"/></URDFElement></ChildElements><ElementName>geometry</ElementName><required>true</required><Mesh z:Ref="i101"/></URDFElement></ChildElements><ElementName>collision</ElementName><required>false</required><Geometry z:Ref="i100"/><Origin z:Ref="i97"/></URDFElement><URDFElement z:Id="i103" i:type="Joint"><Attributes><Attribute z:Id="i104"><AttributeType>name</AttributeType><IsRequired>true</IsRequired><Value i:type="a:string" xmlns:a="http://www.w3.org/2001/XMLSchema">joint_back_left</Value></Attribute><Attribute z:Id="i105"><AttributeType>type</AttributeType><IsRequired>true</IsRequired><Value i:type="a:string" xmlns:a="http://www.w3.org/2001/XMLSchema">continuous</Value></Attribute></Attributes><ChildElements><URDFElement z:Id="i106" i:type="Origin"><Attributes><Attribute z:Id="i107"><AttributeType>xyz</AttributeType><IsRequired>true</IsRequired><Value i:type="a:ArrayOfdouble" xmlns:a="http://schemas.microsoft.com/2003/10/Serialization/Arrays"><a:double>-0.25156</a:double><a:double>0.30851</a:double><a:double>0.037363</a:double></Value></Attribute><Attribute z:Id="i108"><AttributeType>rpy</AttributeType><IsRequired>true</IsRequired><Value i:type="a:ArrayOfdouble" xmlns:a="http://schemas.microsoft.com/2003/10/Serialization/Arrays"><a:double>0</a:double><a:double>0</a:double><a:double>0</a:double></Value></Attribute></Attributes><ChildElements/><ElementName>origin</ElementName><required>false</required><RPYAttribute z:Ref="i108"/><XYZAttribute z:Ref="i107"/><isCustomized>false</isCustomized></URDFElement><URDFElement z:Id="i109" i:type="ParentLink"><Attributes><Attribute z:Id="i110"><AttributeType>link</AttributeType><IsRequired>true</IsRequired><Value i:type="a:string" xmlns:a="http://www.w3.org/2001/XMLSchema">base_link</Value></Attribute></Attributes><ChildElements/><ElementName>parent</ElementName><required>true</required><NameAttribute z:Ref="i110"/></URDFElement><URDFElement z:Id="i111" i:type="ChildLink"><Attributes><Attribute z:Id="i112"><AttributeType>link</AttributeType><IsRequired>true</IsRequired><Value i:type="a:string" xmlns:a="http://www.w3.org/2001/XMLSchema">link_back_left</Value></Attribute></Attributes><ChildElements/><ElementName>child</ElementName><required>true</required><NameAttribute z:Ref="i112"/></URDFElement><URDFElement z:Id="i113" i:type="Axis"><Attributes><Attribute z:Id="i114"><AttributeType>xyz</AttributeType><IsRequired>true</IsRequired><Value i:type="a:ArrayOfdouble" xmlns:a="http://schemas.microsoft.com/2003/10/Serialization/Arrays"><a:double>0</a:double><a:double>1</a:double><a:double>0</a:double></Value></Attribute></Attributes><ChildElements/><ElementName>axis</ElementName><required>false</required><XYZAttribute z:Ref="i114"/></URDFElement><URDFElement z:Id="i115" i:type="Limit"><Attributes><Attribute z:Id="i116"><AttributeType>lower</AttributeType><IsRequired>false</IsRequired><Value i:nil="true"/></Attribute><Attribute z:Id="i117"><AttributeType>upper</AttributeType><IsRequired>false</IsRequired><Value i:nil="true"/></Attribute><Attribute z:Id="i118"><AttributeType>effort</AttributeType><IsRequired>true</IsRequired><Value i:nil="true"/></Attribute><Attribute z:Id="i119"><AttributeType>velocity</AttributeType><IsRequired>true</IsRequired><Value i:nil="true"/></Attribute></Attributes><ChildElements/><ElementName>limit</ElementName><required>false</required><EffortAttribute z:Ref="i118"/><LowerAttribute z:Ref="i116"/><UpperAttribute z:Ref="i117"/><VelocityAttribute z:Ref="i119"/></URDFElement><URDFElement z:Id="i120" i:type="Calibration"><Attributes><Attribute z:Id="i121"><AttributeType>rising</AttributeType><IsRequired>false</IsRequired><Value i:nil="true"/></Attribute><Attribute z:Id="i122"><AttributeType>falling</AttributeType><IsRequired>false</IsRequired><Value i:nil="true"/></Attribute></Attributes><ChildElements/><ElementName>calibration</ElementName><required>false</required><FallingAttribute z:Ref="i122"/><RisingAttribute z:Ref="i121"/></URDFElement><URDFElement z:Id="i123" i:type="Dynamics"><Attributes><Attribute z:Id="i124"><AttributeType>damping</AttributeType><IsRequired>false</IsRequired><Value i:nil="true"/></Attribute><Attribute z:Id="i125"><AttributeType>friction</AttributeType><IsRequired>false</IsRequired><Value i:nil="true"/></Attribute></Attributes><ChildElements/><ElementName>dynamics</ElementName><required>false</required><DampingAttribute z:Ref="i124"/><FrictionAttribute z:Ref="i125"/></URDFElement><URDFElement z:Id="i126" i:type="SafetyController"><Attributes><Attribute z:Id="i127"><AttributeType>soft_upper_limit</AttributeType><IsRequired>false</IsRequired><Value i:nil="true"/></Attribute><Attribute z:Id="i128"><AttributeType>soft_lower_limit</AttributeType><IsRequired>false</IsRequired><Value i:nil="true"/></Attribute><Attribute z:Id="i129"><AttributeType>k_position</AttributeType><IsRequired>false</IsRequired><Value i:nil="true"/></Attribute><Attribute z:Id="i130"><AttributeType>k_velocity</AttributeType><IsRequired>true</IsRequired><Value i:nil="true"/></Attribute></Attributes><ChildElements/><ElementName>safety_controller</ElementName><required>false</required><KPositionAttribute z:Ref="i129"/><KVelocityAttribute z:Ref="i130"/><SoftLowerAttribute z:Ref="i128"/><SoftUpperAttribute z:Ref="i127"/></URDFElement><URDFElement z:Id="i131" i:type="Mimic"><Attributes><Attribute z:Id="i132"><AttributeType>joint</AttributeType><IsRequired>true</IsRequired><Value i:nil="true"/></Attribute><Attribute z:Id="i133"><AttributeType>multiplier</AttributeType><IsRequired>false</IsRequired><Value i:nil="true"/></Attribute><Attribute z:Id="i134"><AttributeType>offset</AttributeType><IsRequired>false</IsRequired><Value i:nil="true"/></Attribute></Attributes><ChildElements/><ElementName>mimic</ElementName><required>false</required><JointNameAttribute z:Ref="i132"/><MultiplierAttribute z:Ref="i133"/><OffsetAttribute z:Ref="i134"/></URDFElement></ChildElements><ElementName>joint</ElementName><required>false</required><Axis z:Ref="i113"/><AxisName>Axis_WheelBackLeft</AxisName><Calibration z:Ref="i120"/><Child z:Ref="i111"/><CoordinateSystemName>CoordSys_WheelBackLeft</CoordinateSystemName><Dynamics z:Ref="i123"/><Limit z:Ref="i115"/><Mimic z:Ref="i131"/><NameAttribute z:Ref="i104"/><Origin z:Ref="i106"/><Parent z:Ref="i109"/><Safety z:Ref="i126"/><TypeAttribute z:Ref="i105"/></URDFElement></ChildElements><ElementName>link</ElementName><required>true</required><Children/><Collision z:Ref="i96"/><Inertial z:Ref="i70"/><Joint z:Ref="i103"/><NameAttribute z:Ref="i69"/><Parent z:Ref="i1"/><STLQualityFine>false</STLQualityFine><SWComponentPIDs xmlns:a="http://schemas.microsoft.com/2003/10/Serialization/Arrays"><a:base64Binary>gD4AAAUAAAD//v83VwBIAEUARQBMAF8AQwBIAFUATgBLAF8AMQAwADAAMABfAFcAQQBUAFQAXwBWAEEAUgBJAEEATgBUAC0AMwBAAFIATwBWAEUAUgBfADEAMAAwADAAXwBXAEEAVABUAF8AVgBBAFIASQBBAE4AVAAEAAAAEAAAAAEAAAABAAAAyAkAAA==</a:base64Binary></SWComponentPIDs><SWMainComponentPID i:nil="true"/><Visual z:Ref="i83"/><isFixedFrame>false</isFixedFrame><isIncomplete>false</isIncomplete></Link><Link z:Id="i135"><Attributes><Attribute z:Id="i136"><AttributeType>name</AttributeType><IsRequired>true</IsRequired><Value i:type="a:string" xmlns:a="http://www.w3.org/2001/XMLSchema">link_back_right</Value></Attribute></Attributes><ChildElements><URDFElement z:Id="i137" i:type="Inertial"><Attributes/><ChildElements><URDFElement z:Id="i138" i:type="Origin"><Attributes><Attribute z:Id="i139"><AttributeType>xyz</AttributeType><IsRequired>true</IsRequired><Value i:type="a:ArrayOfdouble" xmlns:a="http://schemas.microsoft.com/2003/10/Serialization/Arrays"><a:double>8.1206E-06</a:double><a:double>0.0024212</a:double><a:double>4.2036E-07</a:double></Value></Attribute><Attribute z:Id="i140"><AttributeType>rpy</AttributeType><IsRequired>true</IsRequired><Value i:type="a:ArrayOfdouble" xmlns:a="http://schemas.microsoft.com/2003/10/Serialization/Arrays"><a:double>0</a:double><a:double>0</a:double><a:double>0</a:double></Value></Attribute></Attributes><ChildElements/><ElementName>origin</ElementName><required>false</required><RPYAttribute z:Ref="i140"/><XYZAttribute z:Ref="i139"/><isCustomized>false</isCustomized></URDFElement><URDFElement z:Id="i141" i:type="Mass"><Attributes><Attribute z:Id="i142"><AttributeType>value</AttributeType><IsRequired>true</IsRequired><Value i:type="a:double" xmlns:a="http://www.w3.org/2001/XMLSchema">5.0741</Value></Attribute></Attributes><ChildElements/><ElementName>mass</ElementName><required>false</required><ValueAttribute z:Ref="i142"/></URDFElement><URDFElement z:Id="i143" i:type="Inertia"><Attributes><Attribute z:Id="i144"><AttributeType>ixx</AttributeType><IsRequired>true</IsRequired><Value i:type="a:double" xmlns:a="http://www.w3.org/2001/XMLSchema">0.036669</Value></Attribute><Attribute z:Id="i145"><AttributeType>ixy</AttributeType><IsRequired>true</IsRequired><Value i:type="a:double" xmlns:a="http://www.w3.org/2001/XMLSchema">-4.1531E-07</Value></Attribute><Attribute z:Id="i146"><AttributeType>ixz</AttributeType><IsRequired>true</IsRequired><Value i:type="a:double" xmlns:a="http://www.w3.org/2001/XMLSchema">1.718E-08</Value></Attribute><Attribute z:Id="i147"><AttributeType>iyy</AttributeType><IsRequired>true</IsRequired><Value i:type="a:double" xmlns:a="http://www.w3.org/2001/XMLSchema">0.066215</Value></Attribute><Attribute z:Id="i148"><AttributeType>iyz</AttributeType><IsRequired>true</IsRequired><Value i:type="a:double" xmlns:a="http://www.w3.org/2001/XMLSchema">-2.1256E-08</Value></Attribute><Attribute z:Id="i149"><AttributeType>izz</AttributeType><IsRequired>true</IsRequired><Value i:type="a:double" xmlns:a="http://www.w3.org/2001/XMLSchema">0.036669</Value></Attribute></Attributes><ChildElements/><ElementName>inertia</ElementName><required>false</required><IxxAttribute z:Ref="i144"/><IxyAttribute z:Ref="i145"/><IxzAttribute z:Ref="i146"/><IyyAttribute z:Ref="i147"/><IyzAttribute z:Ref="i148"/><IzzAttribute z:Ref="i149"/></URDFElement></ChildElements><ElementName>inertial</ElementName><required>false</required><Inertia z:Ref="i143"/><Mass z:Ref="i141"/><Origin z:Ref="i138"/></URDFElement><URDFElement z:Id="i150" i:type="Visual"><Attributes/><ChildElements><URDFElement z:Id="i151" i:type="Origin"><Attributes><Attribute z:Id="i152"><AttributeType>xyz</AttributeType><IsRequired>true</IsRequired><Value i:type="a:ArrayOfdouble" xmlns:a="http://schemas.microsoft.com/2003/10/Serialization/Arrays"><a:double>0</a:double><a:double>0</a:double><a:double>0</a:double></Value></Attribute><Attribute z:Id="i153"><AttributeType>rpy</AttributeType><IsRequired>true</IsRequired><Value i:type="a:ArrayOfdouble" xmlns:a="http://schemas.microsoft.com/2003/10/Serialization/Arrays"><a:double>0</a:double><a:double>0</a:double><a:double>0</a:double></Value></Attribute></Attributes><ChildElements/><ElementName>origin</ElementName><required>false</required><RPYAttribute z:Ref="i153"/><XYZAttribute z:Ref="i152"/><isCustomized>false</isCustomized></URDFElement><URDFElement z:Id="i154" i:type="Geometry"><Attributes/><ChildElements><URDFElement z:Id="i155" i:type="Mesh"><Attributes><Attribute z:Id="i156"><AttributeType>filename</AttributeType><IsRequired>true</IsRequired><Value i:nil="true"/></Attribute></Attributes><ChildElements/><ElementName>mesh</ElementName><required>false</required><FilenameAttribute z:Ref="i156"/></URDFElement></ChildElements><ElementName>geometry</ElementName><required>true</required><Mesh z:Ref="i155"/></URDFElement><URDFElement z:Id="i157" i:type="Material"><Attributes><Attribute z:Id="i158"><AttributeType>name</AttributeType><IsRequired>true</IsRequired><Value i:type="a:string" xmlns:a="http://www.w3.org/2001/XMLSchema"/></Attribute></Attributes><ChildElements><URDFElement z:Id="i159" i:type="Color"><Attributes><Attribute z:Id="i160"><AttributeType>rgba</AttributeType><IsRequired>true</IsRequired><Value i:type="a:ArrayOfdouble" xmlns:a="http://schemas.microsoft.com/2003/10/Serialization/Arrays"><a:double>0.75294</a:double><a:double>0.75294</a:double><a:double>0.75294</a:double><a:double>1</a:double></Value></Attribute></Attributes><ChildElements/><ElementName>color</ElementName><required>false</required><RGBAAttribute z:Ref="i160"/></URDFElement><URDFElement z:Id="i161" i:type="Texture"><Attributes><Attribute z:Id="i162"><AttributeType>filename</AttributeType><IsRequired>true</IsRequired><Value i:nil="true"/></Attribute></Attributes><ChildElements/><ElementName>texture</ElementName><required>false</required><FilenameAttribute z:Ref="i162"/><wFilename/></URDFElement></ChildElements><ElementName>material</ElementName><required>false</required><Color z:Ref="i159"/><NameAttribute z:Ref="i158"/><Texture z:Ref="i161"/></URDFElement></ChildElements><ElementName>visual</ElementName><required>false</required><Geometry z:Ref="i154"/><Material z:Ref="i157"/><Origin z:Ref="i151"/></URDFElement><URDFElement z:Id="i163" i:type="Collision"><Attributes/><ChildElements><URDFElement z:Id="i164" i:type="Origin"><Attributes><Attribute z:Id="i165"><AttributeType>xyz</AttributeType><IsRequired>true</IsRequired><Value i:type="a:ArrayOfdouble" xmlns:a="http://schemas.microsoft.com/2003/10/Serialization/Arrays"><a:double>0</a:double><a:double>0</a:double><a:double>0</a:double></Value></Attribute><Attribute z:Id="i166"><AttributeType>rpy</AttributeType><IsRequired>true</IsRequired><Value i:type="a:ArrayOfdouble" xmlns:a="http://schemas.microsoft.com/2003/10/Serialization/Arrays"><a:double>0</a:double><a:double>0</a:double><a:double>0</a:double></Value></Attribute></Attributes><ChildElements/><ElementName>origin</ElementName><required>false</required><RPYAttribute z:Ref="i166"/><XYZAttribute z:Ref="i165"/><isCustomized>false</isCustomized></URDFElement><URDFElement z:Id="i167" i:type="Geometry"><Attributes/><ChildElements><URDFElement z:Id="i168" i:type="Mesh"><Attributes><Attribute z:Id="i169"><AttributeType>filename</AttributeType><IsRequired>true</IsRequired><Value i:nil="true"/></Attribute></Attributes><ChildElements/><ElementName>mesh</ElementName><required>false</required><FilenameAttribute z:Ref="i169"/></URDFElement></ChildElements><ElementName>geometry</ElementName><required>true</required><Mesh z:Ref="i168"/></URDFElement></ChildElements><ElementName>collision</ElementName><required>false</required><Geometry z:Ref="i167"/><Origin z:Ref="i164"/></URDFElement><URDFElement z:Id="i170" i:type="Joint"><Attributes><Attribute z:Id="i171"><AttributeType>name</AttributeType><IsRequired>true</IsRequired><Value i:type="a:string" xmlns:a="http://www.w3.org/2001/XMLSchema">joint_back_right</Value></Attribute><Attribute z:Id="i172"><AttributeType>type</AttributeType><IsRequired>true</IsRequired><Value i:type="a:string" xmlns:a="http://www.w3.org/2001/XMLSchema">continuous</Value></Attribute></Attributes><ChildElements><URDFElement z:Id="i173" i:type="Origin"><Attributes><Attribute z:Id="i174"><AttributeType>xyz</AttributeType><IsRequired>true</IsRequired><Value i:type="a:ArrayOfdouble" xmlns:a="http://schemas.microsoft.com/2003/10/Serialization/Arrays"><a:double>-0.25156</a:double><a:double>-0.30851</a:double><a:double>0.037363</a:double></Value></Attribute><Attribute z:Id="i175"><AttributeType>rpy</AttributeType><IsRequired>true</IsRequired><Value i:type="a:ArrayOfdouble" xmlns:a="http://schemas.microsoft.com/2003/10/Serialization/Arrays"><a:double>0</a:double><a:double>0</a:double><a:double>0</a:double></Value></Attribute></Attributes><ChildElements/><ElementName>origin</ElementName><required>false</required><RPYAttribute z:Ref="i175"/><XYZAttribute z:Ref="i174"/><isCustomized>false</isCustomized></URDFElement><URDFElement z:Id="i176" i:type="ParentLink"><Attributes><Attribute z:Id="i177"><AttributeType>link</AttributeType><IsRequired>true</IsRequired><Value i:type="a:string" xmlns:a="http://www.w3.org/2001/XMLSchema">base_link</Value></Attribute></Attributes><ChildElements/><ElementName>parent</ElementName><required>true</required><NameAttribute z:Ref="i177"/></URDFElement><URDFElement z:Id="i178" i:type="ChildLink"><Attributes><Attribute z:Id="i179"><AttributeType>link</AttributeType><IsRequired>true</IsRequired><Value i:type="a:string" xmlns:a="http://www.w3.org/2001/XMLSchema">link_back_right</Value></Attribute></Attributes><ChildElements/><ElementName>child</ElementName><required>true</required><NameAttribute z:Ref="i179"/></URDFElement><URDFElement z:Id="i180" i:type="Axis"><Attributes><Attribute z:Id="i181"><AttributeType>xyz</AttributeType><IsRequired>true</IsRequired><Value i:type="a:ArrayOfdouble" xmlns:a="http://schemas.microsoft.com/2003/10/Serialization/Arrays"><a:double>0</a:double><a:double>1</a:double><a:double>0</a:double></Value></Attribute></Attributes><ChildElements/><ElementName>axis</ElementName><required>false</required><XYZAttribute z:Ref="i181"/></URDFElement><URDFElement z:Id="i182" i:type="Limit"><Attributes><Attribute z:Id="i183"><AttributeType>lower</AttributeType><IsRequired>false</IsRequired><Value i:nil="true"/></Attribute><Attribute z:Id="i184"><AttributeType>upper</AttributeType><IsRequired>false</IsRequired><Value i:nil="true"/></Attribute><Attribute z:Id="i185"><AttributeType>effort</AttributeType><IsRequired>true</IsRequired><Value i:nil="true"/></Attribute><Attribute z:Id="i186"><AttributeType>velocity</AttributeType><IsRequired>true</IsRequired><Value i:nil="true"/></Attribute></Attributes><ChildElements/><ElementName>limit</ElementName><required>false</required><EffortAttribute z:Ref="i185"/><LowerAttribute z:Ref="i183"/><UpperAttribute z:Ref="i184"/><VelocityAttribute z:Ref="i186"/></URDFElement><URDFElement z:Id="i187" i:type="Calibration"><Attributes><Attribute z:Id="i188"><AttributeType>rising</AttributeType><IsRequired>false</IsRequired><Value i:nil="true"/></Attribute><Attribute z:Id="i189"><AttributeType>falling</AttributeType><IsRequired>false</IsRequired><Value i:nil="true"/></Attribute></Attributes><ChildElements/><ElementName>calibration</ElementName><required>false</required><FallingAttribute z:Ref="i189"/><RisingAttribute z:Ref="i188"/></URDFElement><URDFElement z:Id="i190" i:type="Dynamics"><Attributes><Attribute z:Id="i191"><AttributeType>damping</AttributeType><IsRequired>false</IsRequired><Value i:nil="true"/></Attribute><Attribute z:Id="i192"><AttributeType>friction</AttributeType><IsRequired>false</IsRequired><Value i:nil="true"/></Attribute></Attributes><ChildElements/><ElementName>dynamics</ElementName><required>false</required><DampingAttribute z:Ref="i191"/><FrictionAttribute z:Ref="i192"/></URDFElement><URDFElement z:Id="i193" i:type="SafetyController"><Attributes><Attribute z:Id="i194"><AttributeType>soft_upper_limit</AttributeType><IsRequired>false</IsRequired><Value i:nil="true"/></Attribute><Attribute z:Id="i195"><AttributeType>soft_lower_limit</AttributeType><IsRequired>false</IsRequired><Value i:nil="true"/></Attribute><Attribute z:Id="i196"><AttributeType>k_position</AttributeType><IsRequired>false</IsRequired><Value i:nil="true"/></Attribute><Attribute z:Id="i197"><AttributeType>k_velocity</AttributeType><IsRequired>true</IsRequired><Value i:nil="true"/></Attribute></Attributes><ChildElements/><ElementName>safety_controller</ElementName><required>false</required><KPositionAttribute z:Ref="i196"/><KVelocityAttribute z:Ref="i197"/><SoftLowerAttribute z:Ref="i195"/><SoftUpperAttribute z:Ref="i194"/></URDFElement><URDFElement z:Id="i198" i:type="Mimic"><Attributes><Attribute z:Id="i199"><AttributeType>joint</AttributeType><IsRequired>true</IsRequired><Value i:nil="true"/></Attribute><Attribute z:Id="i200"><AttributeType>multiplier</AttributeType><IsRequired>false</IsRequired><Value i:nil="true"/></Attribute><Attribute z:Id="i201"><AttributeType>offset</AttributeType><IsRequired>false</IsRequired><Value i:nil="true"/></Attribute></Attributes><ChildElements/><ElementName>mimic</ElementName><required>false</required><JointNameAttribute z:Ref="i199"/><MultiplierAttribute z:Ref="i200"/><OffsetAttribute z:Ref="i201"/></URDFElement></ChildElements><ElementName>joint</ElementName><required>false</required><Axis z:Ref="i180"/><AxisName>Axis_WheelBackRight</AxisName><Calibration z:Ref="i187"/><Child z:Ref="i178"/><CoordinateSystemName>CoordSys_WheelBackRight</CoordinateSystemName><Dynamics z:Ref="i190"/><Limit z:Ref="i182"/><Mimic z:Ref="i198"/><NameAttribute z:Ref="i171"/><Origin z:Ref="i173"/><Parent z:Ref="i176"/><Safety z:Ref="i193"/><TypeAttribute z:Ref="i172"/></URDFElement></ChildElements><ElementName>link</ElementName><required>true</required><Children/><Collision z:Ref="i163"/><Inertial z:Ref="i137"/><Joint z:Ref="i170"/><NameAttribute z:Ref="i136"/><Parent z:Ref="i1"/><STLQualityFine>false</STLQualityFine><SWComponentPIDs xmlns:a="http://schemas.microsoft.com/2003/10/Serialization/Arrays"><a:base64Binary>gD4AAAUAAAD//v83VwBIAEUARQBMAF8AQwBIAFUATgBLAF8AMQAwADAAMABfAFcAQQBUAFQAXwBWAEEAUgBJAEEATgBUAC0ANABAAFIATwBWAEUAUgBfADEAMAAwADAAXwBXAEEAVABUAF8AVgBBAFIASQBBAE4AVAAEAAAAEAAAAAEAAAABAAAAzAkAAA==</a:base64Binary></SWComponentPIDs><SWMainComponentPID i:nil="true"/><Visual z:Ref="i150"/><isFixedFrame>false</isFixedFrame><isIncomplete>false</isIncomplete></Link><Link z:Id="i202"><Attributes><Attribute z:Id="i203"><AttributeType>name</AttributeType><IsRequired>true</IsRequired><Value i:type="a:string" xmlns:a="http://www.w3.org/2001/XMLSchema">link_front_right</Value></Attribute></Attributes><ChildElements><URDFElement z:Id="i204" i:type="Inertial"><Attributes/><ChildElements><URDFElement z:Id="i205" i:type="Origin"><Attributes><Attribute z:Id="i206"><AttributeType>xyz</AttributeType><IsRequired>true</IsRequired><Value i:type="a:ArrayOfdouble" xmlns:a="http://schemas.microsoft.com/2003/10/Serialization/Arrays"><a:double>3.603E-06</a:double><a:double>0.0024212</a:double><a:double>7.2897E-06</a:double></Value></Attribute><Attribute z:Id="i207"><AttributeType>rpy</AttributeType><IsRequired>true</IsRequired><Value i:type="a:ArrayOfdouble" xmlns:a="http://schemas.microsoft.com/2003/10/Serialization/Arrays"><a:double>0</a:double><a:double>0</a:double><a:double>0</a:double></Value></Attribute></Attributes><ChildElements/><ElementName>origin</ElementName><required>false</required><RPYAttribute z:Ref="i207"/><XYZAttribute z:Ref="i206"/><isCustomized>false</isCustomized></URDFElement><URDFElement z:Id="i208" i:type="Mass"><Attributes><Attribute z:Id="i209"><AttributeType>value</AttributeType><IsRequired>true</IsRequired><Value i:type="a:double" xmlns:a="http://www.w3.org/2001/XMLSchema">5.0741</Value></Attribute></Attributes><ChildElements/><ElementName>mass</ElementName><required>false</required><ValueAttribute z:Ref="i209"/></URDFElement><URDFElement z:Id="i210" i:type="Inertia"><Attributes><Attribute z:Id="i211"><AttributeType>ixx</AttributeType><IsRequired>true</IsRequired><Value i:type="a:double" xmlns:a="http://www.w3.org/2001/XMLSchema">0.036669</Value></Attribute><Attribute z:Id="i212"><AttributeType>ixy</AttributeType><IsRequired>true</IsRequired><Value i:type="a:double" xmlns:a="http://www.w3.org/2001/XMLSchema">-1.8448E-07</Value></Attribute><Attribute z:Id="i213"><AttributeType>ixz</AttributeType><IsRequired>true</IsRequired><Value i:type="a:double" xmlns:a="http://www.w3.org/2001/XMLSchema">1.5903E-07</Value></Attribute><Attribute z:Id="i214"><AttributeType>iyy</AttributeType><IsRequired>true</IsRequired><Value i:type="a:double" xmlns:a="http://www.w3.org/2001/XMLSchema">0.066215</Value></Attribute><Attribute z:Id="i215"><AttributeType>iyz</AttributeType><IsRequired>true</IsRequired><Value i:type="a:double" xmlns:a="http://www.w3.org/2001/XMLSchema">-3.7269E-07</Value></Attribute><Attribute z:Id="i216"><AttributeType>izz</AttributeType><IsRequired>true</IsRequired><Value i:type="a:double" xmlns:a="http://www.w3.org/2001/XMLSchema">0.036669</Value></Attribute></Attributes><ChildElements/><ElementName>inertia</ElementName><required>false</required><IxxAttribute z:Ref="i211"/><IxyAttribute z:Ref="i212"/><IxzAttribute z:Ref="i213"/><IyyAttribute z:Ref="i214"/><IyzAttribute z:Ref="i215"/><IzzAttribute z:Ref="i216"/></URDFElement></ChildElements><ElementName>inertial</ElementName><required>false</required><Inertia z:Ref="i210"/><Mass z:Ref="i208"/><Origin z:Ref="i205"/></URDFElement><URDFElement z:Id="i217" i:type="Visual"><Attributes/><ChildElements><URDFElement z:Id="i218" i:type="Origin"><Attributes><Attribute z:Id="i219"><AttributeType>xyz</AttributeType><IsRequired>true</IsRequired><Value i:type="a:ArrayOfdouble" xmlns:a="http://schemas.microsoft.com/2003/10/Serialization/Arrays"><a:double>0</a:double><a:double>0</a:double><a:double>0</a:double></Value></Attribute><Attribute z:Id="i220"><AttributeType>rpy</AttributeType><IsRequired>true</IsRequired><Value i:type="a:ArrayOfdouble" xmlns:a="http://schemas.microsoft.com/2003/10/Serialization/Arrays"><a:double>0</a:double><a:double>0</a:double><a:double>0</a:double></Value></Attribute></Attributes><ChildElements/><ElementName>origin</ElementName><required>false</required><RPYAttribute z:Ref="i220"/><XYZAttribute z:Ref="i219"/><isCustomized>false</isCustomized></URDFElement><URDFElement z:Id="i221" i:type="Geometry"><Attributes/><ChildElements><URDFElement z:Id="i222" i:type="Mesh"><Attributes><Attribute z:Id="i223"><AttributeType>filename</AttributeType><IsRequired>true</IsRequired><Value i:nil="true"/></Attribute></Attributes><ChildElements/><ElementName>mesh</ElementName><required>false</required><FilenameAttribute z:Ref="i223"/></URDFElement></ChildElements><ElementName>geometry</ElementName><required>true</required><Mesh z:Ref="i222"/></URDFElement><URDFElement z:Id="i224" i:type="Material"><Attributes><Attribute z:Id="i225"><AttributeType>name</AttributeType><IsRequired>true</IsRequired><Value i:type="a:string" xmlns:a="http://www.w3.org/2001/XMLSchema"/></Attribute></Attributes><ChildElements><URDFElement z:Id="i226" i:type="Color"><Attributes><Attribute z:Id="i227"><AttributeType>rgba</AttributeType><IsRequired>true</IsRequired><Value i:type="a:ArrayOfdouble" xmlns:a="http://schemas.microsoft.com/2003/10/Serialization/Arrays"><a:double>0.75294</a:double><a:double>0.75294</a:double><a:double>0.75294</a:double><a:double>1</a:double></Value></Attribute></Attributes><ChildElements/><ElementName>color</ElementName><required>false</required><RGBAAttribute z:Ref="i227"/></URDFElement><URDFElement z:Id="i228" i:type="Texture"><Attributes><Attribute z:Id="i229"><AttributeType>filename</AttributeType><IsRequired>true</IsRequired><Value i:nil="true"/></Attribute></Attributes><ChildElements/><ElementName>texture</ElementName><required>false</required><FilenameAttribute z:Ref="i229"/><wFilename/></URDFElement></ChildElements><ElementName>material</ElementName><required>false</required><Color z:Ref="i226"/><NameAttribute z:Ref="i225"/><Texture z:Ref="i228"/></URDFElement></ChildElements><ElementName>visual</ElementName><required>false</required><Geometry z:Ref="i221"/><Material z:Ref="i224"/><Origin z:Ref="i218"/></URDFElement><URDFElement z:Id="i230" i:type="Collision"><Attributes/><ChildElements><URDFElement z:Id="i231" i:type="Origin"><Attributes><Attribute z:Id="i232"><AttributeType>xyz</AttributeType><IsRequired>true</IsRequired><Value i:type="a:ArrayOfdouble" xmlns:a="http://schemas.microsoft.com/2003/10/Serialization/Arrays"><a:double>0</a:double><a:double>0</a:double><a:double>0</a:double></Value></Attribute><Attribute z:Id="i233"><AttributeType>rpy</AttributeType><IsRequired>true</IsRequired><Value i:type="a:ArrayOfdouble" xmlns:a="http://schemas.microsoft.com/2003/10/Serialization/Arrays"><a:double>0</a:double><a:double>0</a:double><a:double>0</a:double></Value></Attribute></Attributes><ChildElements/><ElementName>origin</ElementName><required>false</required><RPYAttribute z:Ref="i233"/><XYZAttribute z:Ref="i232"/><isCustomized>false</isCustomized></URDFElement><URDFElement z:Id="i234" i:type="Geometry"><Attributes/><ChildElements><URDFElement z:Id="i235" i:type="Mesh"><Attributes><Attribute z:Id="i236"><AttributeType>filename</AttributeType><IsRequired>true</IsRequired><Value i:nil="true"/></Attribute></Attributes><ChildElements/><ElementName>mesh</ElementName><required>false</required><FilenameAttribute z:Ref="i236"/></URDFElement></ChildElements><ElementName>geometry</ElementName><required>true</required><Mesh z:Ref="i235"/></URDFElement></ChildElements><ElementName>collision</ElementName><required>false</required><Geometry z:Ref="i234"/><Origin z:Ref="i231"/></URDFElement><URDFElement z:Id="i237" i:type="Joint"><Attributes><Attribute z:Id="i238"><AttributeType>name</AttributeType><IsRequired>true</IsRequired><Value i:type="a:string" xmlns:a="http://www.w3.org/2001/XMLSchema">joint_front_right</Value></Attribute><Attribute z:Id="i239"><AttributeType>type</AttributeType><IsRequired>true</IsRequired><Value i:type="a:string" xmlns:a="http://www.w3.org/2001/XMLSchema">continuous</Value></Attribute></Attributes><ChildElements><URDFElement z:Id="i240" i:type="Origin"><Attributes><Attribute z:Id="i241"><AttributeType>xyz</AttributeType><IsRequired>true</IsRequired><Value i:type="a:ArrayOfdouble" xmlns:a="http://schemas.microsoft.com/2003/10/Serialization/Arrays"><a:double>0.2515</a:double><a:double>-0.30851</a:double><a:double>0.037363</a:double></Value></Attribute><Attribute z:Id="i242"><AttributeType>rpy</AttributeType><IsRequired>true</IsRequired><Value i:type="a:ArrayOfdouble" xmlns:a="http://schemas.microsoft.com/2003/10/Serialization/Arrays"><a:double>0</a:double><a:double>0</a:double><a:double>0</a:double></Value></Attribute></Attributes><ChildElements/><ElementName>origin</ElementName><required>false</required><RPYAttribute z:Ref="i242"/><XYZAttribute z:Ref="i241"/><isCustomized>false</isCustomized></URDFElement><URDFElement z:Id="i243" i:type="ParentLink"><Attributes><Attribute z:Id="i244"><AttributeType>link</AttributeType><IsRequired>true</IsRequired><Value i:type="a:string" xmlns:a="http://www.w3.org/2001/XMLSchema">base_link</Value></Attribute></Attributes><ChildElements/><ElementName>parent</ElementName><required>true</required><NameAttribute z:Ref="i244"/></URDFElement><URDFElement z:Id="i245" i:type="ChildLink"><Attributes><Attribute z:Id="i246"><AttributeType>link</AttributeType><IsRequired>true</IsRequired><Value i:type="a:string" xmlns:a="http://www.w3.org/2001/XMLSchema">link_front_right</Value></Attribute></Attributes><ChildElements/><ElementName>child</ElementName><required>true</required><NameAttribute z:Ref="i246"/></URDFElement><URDFElement z:Id="i247" i:type="Axis"><Attributes><Attribute z:Id="i248"><AttributeType>xyz</AttributeType><IsRequired>true</IsRequired><Value i:type="a:ArrayOfdouble" xmlns:a="http://schemas.microsoft.com/2003/10/Serialization/Arrays"><a:double>0</a:double><a:double>1</a:double><a:double>0</a:double></Value></Attribute></Attributes><ChildElements/><ElementName>axis</ElementName><required>false</required><XYZAttribute z:Ref="i248"/></URDFElement><URDFElement z:Id="i249" i:type="Limit"><Attributes><Attribute z:Id="i250"><AttributeType>lower</AttributeType><IsRequired>false</IsRequired><Value i:nil="true"/></Attribute><Attribute z:Id="i251"><AttributeType>upper</AttributeType><IsRequired>false</IsRequired><Value i:nil="true"/></Attribute><Attribute z:Id="i252"><AttributeType>effort</AttributeType><IsRequired>true</IsRequired><Value i:nil="true"/></Attribute><Attribute z:Id="i253"><AttributeType>velocity</AttributeType><IsRequired>true</IsRequired><Value i:nil="true"/></Attribute></Attributes><ChildElements/><ElementName>limit</ElementName><required>false</required><EffortAttribute z:Ref="i252"/><LowerAttribute z:Ref="i250"/><UpperAttribute z:Ref="i251"/><VelocityAttribute z:Ref="i253"/></URDFElement><URDFElement z:Id="i254" i:type="Calibration"><Attributes><Attribute z:Id="i255"><AttributeType>rising</AttributeType><IsRequired>false</IsRequired><Value i:nil="true"/></Attribute><Attribute z:Id="i256"><AttributeType>falling</AttributeType><IsRequired>false</IsRequired><Value i:nil="true"/></Attribute></Attributes><ChildElements/><ElementName>calibration</ElementName><required>false</required><FallingAttribute z:Ref="i256"/><RisingAttribute z:Ref="i255"/></URDFElement><URDFElement z:Id="i257" i:type="Dynamics"><Attributes><Attribute z:Id="i258"><AttributeType>damping</AttributeType><IsRequired>false</IsRequired><Value i:nil="true"/></Attribute><Attribute z:Id="i259"><AttributeType>friction</AttributeType><IsRequired>false</IsRequired><Value i:nil="true"/></Attribute></Attributes><ChildElements/><ElementName>dynamics</ElementName><required>false</required><DampingAttribute z:Ref="i258"/><FrictionAttribute z:Ref="i259"/></URDFElement><URDFElement z:Id="i260" i:type="SafetyController"><Attributes><Attribute z:Id="i261"><AttributeType>soft_upper_limit</AttributeType><IsRequired>false</IsRequired><Value i:nil="true"/></Attribute><Attribute z:Id="i262"><AttributeType>soft_lower_limit</AttributeType><IsRequired>false</IsRequired><Value i:nil="true"/></Attribute><Attribute z:Id="i263"><AttributeType>k_position</AttributeType><IsRequired>false</IsRequired><Value i:nil="true"/></Attribute><Attribute z:Id="i264"><AttributeType>k_velocity</AttributeType><IsRequired>true</IsRequired><Value i:nil="true"/></Attribute></Attributes><ChildElements/><ElementName>safety_controller</ElementName><required>false</required><KPositionAttribute z:Ref="i263"/><KVelocityAttribute z:Ref="i264"/><SoftLowerAttribute z:Ref="i262"/><SoftUpperAttribute z:Ref="i261"/></URDFElement><URDFElement z:Id="i265" i:type="Mimic"><Attributes><Attribute z:Id="i266"><AttributeType>joint</AttributeType><IsRequired>true</IsRequired><Value i:nil="true"/></Attribute><Attribute z:Id="i267"><AttributeType>multiplier</AttributeType><IsRequired>false</IsRequired><Value i:nil="true"/></Attribute><Attribute z:Id="i268"><AttributeType>offset</AttributeType><IsRequired>false</IsRequired><Value i:nil="true"/></Attribute></Attributes><ChildElements/><ElementName>mimic</ElementName><required>false</required><JointNameAttribute z:Ref="i266"/><MultiplierAttribute z:Ref="i267"/><OffsetAttribute z:Ref="i268"/></URDFElement></ChildElements><ElementName>joint</ElementName><required>false</required><Axis z:Ref="i247"/><AxisName>Axis_WheelFrontRight</AxisName><Calibration z:Ref="i254"/><Child z:Ref="i245"/><CoordinateSystemName>CoordSys_WheelFrontRight</CoordinateSystemName><Dynamics z:Ref="i257"/><Limit z:Ref="i249"/><Mimic z:Ref="i265"/><NameAttribute z:Ref="i238"/><Origin z:Ref="i240"/><Parent z:Ref="i243"/><Safety z:Ref="i260"/><TypeAttribute z:Ref="i239"/></URDFElement></ChildElements><ElementName>link</ElementName><required>true</required><Children/><Collision z:Ref="i230"/><Inertial z:Ref="i204"/><Joint z:Ref="i237"/><NameAttribute z:Ref="i203"/><Parent z:Ref="i1"/><STLQualityFine>false</STLQualityFine><SWComponentPIDs xmlns:a="http://schemas.microsoft.com/2003/10/Serialization/Arrays"><a:base64Binary>gD4AAAUAAAD//v83VwBIAEUARQBMAF8AQwBIAFUATgBLAF8AMQAwADAAMABfAFcAQQBUAFQAXwBWAEEAUgBJAEEATgBUAC0ANQBAAFIATwBWAEUAUgBfADEAMAAwADAAXwBXAEEAVABUAF8AVgBBAFIASQBBAE4AVAAEAAAAEAAAAAEAAAABAAAA0AkAAA==</a:base64Binary></SWComponentPIDs><SWMainComponentPID i:nil="true"/><Visual z:Ref="i217"/><isFixedFrame>false</isFixedFrame><isIncomplete>false</isIncomplete></Link><Link z:Id="i269"><Attributes><Attribute z:Id="i270"><AttributeType>name</AttributeType><IsRequired>true</IsRequired><Value i:type="a:string" xmlns:a="http://www.w3.org/2001/XMLSchema">link_front_left</Value></Attribute></Attributes><ChildElements><URDFElement z:Id="i271" i:type="Inertial"><Attributes/><ChildElements><URDFElement z:Id="i272" i:type="Origin"><Attributes><Attribute z:Id="i273"><AttributeType>xyz</AttributeType><IsRequired>true</IsRequired><Value i:type="a:ArrayOfdouble" xmlns:a="http://schemas.microsoft.com/2003/10/Serialization/Arrays"><a:double>-8.0762E-06</a:double><a:double>-0.0024212</a:double><a:double>9.4689E-07</a:double></Value></Attribute><Attribute z:Id="i274"><AttributeType>rpy</AttributeType><IsRequired>true</IsRequired><Value i:type="a:ArrayOfdouble" xmlns:a="http://schemas.microsoft.com/2003/10/Serialization/Arrays"><a:double>0</a:double><a:double>0</a:double><a:double>0</a:double></Value></Attribute></Attributes><ChildElements/><ElementName>origin</ElementName><required>false</required><RPYAttribute z:Ref="i274"/><XYZAttribute z:Ref="i273"/><isCustomized>false</isCustomized></URDFElement><URDFElement z:Id="i275" i:type="Mass"><Attributes><Attribute z:Id="i276"><AttributeType>value</AttributeType><IsRequired>true</IsRequired><Value i:type="a:double" xmlns:a="http://www.w3.org/2001/XMLSchema">5.0741</Value></Attribute></Attributes><ChildElements/><ElementName>mass</ElementName><required>false</required><ValueAttribute z:Ref="i276"/></URDFElement><URDFElement z:Id="i277" i:type="Inertia"><Attributes><Attribute z:Id="i278"><AttributeType>ixx</AttributeType><IsRequired>true</IsRequired><Value i:type="a:double" xmlns:a="http://www.w3.org/2001/XMLSchema">0.036669</Value></Attribute><Attribute z:Id="i279"><AttributeType>ixy</AttributeType><IsRequired>true</IsRequired><Value i:type="a:double" xmlns:a="http://www.w3.org/2001/XMLSchema">-4.1305E-07</Value></Attribute><Attribute z:Id="i280"><AttributeType>ixz</AttributeType><IsRequired>true</IsRequired><Value i:type="a:double" xmlns:a="http://www.w3.org/2001/XMLSchema">-4.2569E-08</Value></Attribute><Attribute z:Id="i281"><AttributeType>iyy</AttributeType><IsRequired>true</IsRequired><Value i:type="a:double" xmlns:a="http://www.w3.org/2001/XMLSchema">0.066215</Value></Attribute><Attribute z:Id="i282"><AttributeType>iyz</AttributeType><IsRequired>true</IsRequired><Value i:type="a:double" xmlns:a="http://www.w3.org/2001/XMLSchema">4.8185E-08</Value></Attribute><Attribute z:Id="i283"><AttributeType>izz</AttributeType><IsRequired>true</IsRequired><Value i:type="a:double" xmlns:a="http://www.w3.org/2001/XMLSchema">0.036669</Value></Attribute></Attributes><ChildElements/><ElementName>inertia</ElementName><required>false</required><IxxAttribute z:Ref="i278"/><IxyAttribute z:Ref="i279"/><IxzAttribute z:Ref="i280"/><IyyAttribute z:Ref="i281"/><IyzAttribute z:Ref="i282"/><IzzAttribute z:Ref="i283"/></URDFElement></ChildElements><ElementName>inertial</ElementName><required>false</required><Inertia z:Ref="i277"/><Mass z:Ref="i275"/><Origin z:Ref="i272"/></URDFElement><URDFElement z:Id="i284" i:type="Visual"><Attributes/><ChildElements><URDFElement z:Id="i285" i:type="Origin"><Attributes><Attribute z:Id="i286"><AttributeType>xyz</AttributeType><IsRequired>true</IsRequired><Value i:type="a:ArrayOfdouble" xmlns:a="http://schemas.microsoft.com/2003/10/Serialization/Arrays"><a:double>0</a:double><a:double>0</a:double><a:double>0</a:double></Value></Attribute><Attribute z:Id="i287"><AttributeType>rpy</AttributeType><IsRequired>true</IsRequired><Value i:type="a:ArrayOfdouble" xmlns:a="http://schemas.microsoft.com/2003/10/Serialization/Arrays"><a:double>0</a:double><a:double>0</a:double><a:double>0</a:double></Value></Attribute></Attributes><ChildElements/><ElementName>origin</ElementName><required>false</required><RPYAttribute z:Ref="i287"/><XYZAttribute z:Ref="i286"/><isCustomized>false</isCustomized></URDFElement><URDFElement z:Id="i288" i:type="Geometry"><Attributes/><ChildElements><URDFElement z:Id="i289" i:type="Mesh"><Attributes><Attribute z:Id="i290"><AttributeType>filename</AttributeType><IsRequired>true</IsRequired><Value i:nil="true"/></Attribute></Attributes><ChildElements/><ElementName>mesh</ElementName><required>false</required><FilenameAttribute z:Ref="i290"/></URDFElement></ChildElements><ElementName>geometry</ElementName><required>true</required><Mesh z:Ref="i289"/></URDFElement><URDFElement z:Id="i291" i:type="Material"><Attributes><Attribute z:Id="i292"><AttributeType>name</AttributeType><IsRequired>true</IsRequired><Value i:type="a:string" xmlns:a="http://www.w3.org/2001/XMLSchema"/></Attribute></Attributes><ChildElements><URDFElement z:Id="i293" i:type="Color"><Attributes><Attribute z:Id="i294"><AttributeType>rgba</AttributeType><IsRequired>true</IsRequired><Value i:type="a:ArrayOfdouble" xmlns:a="http://schemas.microsoft.com/2003/10/Serialization/Arrays"><a:double>0.75294</a:double><a:double>0.75294</a:double><a:double>0.75294</a:double><a:double>1</a:double></Value></Attribute></Attributes><ChildElements/><ElementName>color</ElementName><required>false</required><RGBAAttribute z:Ref="i294"/></URDFElement><URDFElement z:Id="i295" i:type="Texture"><Attributes><Attribute z:Id="i296"><AttributeType>filename</AttributeType><IsRequired>true</IsRequired><Value i:nil="true"/></Attribute></Attributes><ChildElements/><ElementName>texture</ElementName><required>false</required><FilenameAttribute z:Ref="i296"/><wFilename/></URDFElement></ChildElements><ElementName>material</ElementName><required>false</required><Color z:Ref="i293"/><NameAttribute z:Ref="i292"/><Texture z:Ref="i295"/></URDFElement></ChildElements><ElementName>visual</ElementName><required>false</required><Geometry z:Ref="i288"/><Material z:Ref="i291"/><Origin z:Ref="i285"/></URDFElement><URDFElement z:Id="i297" i:type="Collision"><Attributes/><ChildElements><URDFElement z:Id="i298" i:type="Origin"><Attributes><Attribute z:Id="i299"><AttributeType>xyz</AttributeType><IsRequired>true</IsRequired><Value i:type="a:ArrayOfdouble" xmlns:a="http://schemas.microsoft.com/2003/10/Serialization/Arrays"><a:double>0</a:double><a:double>0</a:double><a:double>0</a:double></Value></Attribute><Attribute z:Id="i300"><AttributeType>rpy</AttributeType><IsRequired>true</IsRequired><Value i:type="a:ArrayOfdouble" xmlns:a="http://schemas.microsoft.com/2003/10/Serialization/Arrays"><a:double>0</a:double><a:double>0</a:double><a:double>0</a:double></Value></Attribute></Attributes><ChildElements/><ElementName>origin</ElementName><required>false</required><RPYAttribute z:Ref="i300"/><XYZAttribute z:Ref="i299"/><isCustomized>false</isCustomized></URDFElement><URDFElement z:Id="i301" i:type="Geometry"><Attributes/><ChildElements><URDFElement z:Id="i302" i:type="Mesh"><Attributes><Attribute z:Id="i303"><AttributeType>filename</AttributeType><IsRequired>true</IsRequired><Value i:nil="true"/></Attribute></Attributes><ChildElements/><ElementName>mesh</ElementName><required>false</required><FilenameAttribute z:Ref="i303"/></URDFElement></ChildElements><ElementName>geometry</ElementName><required>true</required><Mesh z:Ref="i302"/></URDFElement></ChildElements><ElementName>collision</ElementName><required>false</required><Geometry z:Ref="i301"/><Origin z:Ref="i298"/></URDFElement><URDFElement z:Id="i304" i:type="Joint"><Attributes><Attribute z:Id="i305"><AttributeType>name</AttributeType><IsRequired>true</IsRequired><Value i:type="a:string" xmlns:a="http://www.w3.org/2001/XMLSchema">joint_front_left</Value></Attribute><Attribute z:Id="i306"><AttributeType>type</AttributeType><IsRequired>true</IsRequired><Value i:type="a:string" xmlns:a="http://www.w3.org/2001/XMLSchema">continuous</Value></Attribute></Attributes><ChildElements><URDFElement z:Id="i307" i:type="Origin"><Attributes><Attribute z:Id="i308"><AttributeType>xyz</AttributeType><IsRequired>true</IsRequired><Value i:type="a:ArrayOfdouble" xmlns:a="http://schemas.microsoft.com/2003/10/Serialization/Arrays"><a:double>0.2515</a:double><a:double>0.30851</a:double><a:double>0.037363</a:double></Value></Attribute><Attribute z:Id="i309"><AttributeType>rpy</AttributeType><IsRequired>true</IsRequired><Value i:type="a:ArrayOfdouble" xmlns:a="http://schemas.microsoft.com/2003/10/Serialization/Arrays"><a:double>0</a:double><a:double>0</a:double><a:double>0</a:double></Value></Attribute></Attributes><ChildElements/><ElementName>origin</ElementName><required>false</required><RPYAttribute z:Ref="i309"/><XYZAttribute z:Ref="i308"/><isCustomized>false</isCustomized></URDFElement><URDFElement z:Id="i310" i:type="ParentLink"><Attributes><Attribute z:Id="i311"><AttributeType>link</AttributeType><IsRequired>true</IsRequired><Value i:type="a:string" xmlns:a="http://www.w3.org/2001/XMLSchema">base_link</Value></Attribute></Attributes><ChildElements/><ElementName>parent</ElementName><required>true</required><NameAttribute z:Ref="i311"/></URDFElement><URDFElement z:Id="i312" i:type="ChildLink"><Attributes><Attribute z:Id="i313"><AttributeType>link</AttributeType><IsRequired>true</IsRequired><Value i:type="a:string" xmlns:a="http://www.w3.org/2001/XMLSchema">link_front_left</Value></Attribute></Attributes><ChildElements/><ElementName>child</ElementName><required>true</required><NameAttribute z:Ref="i313"/></URDFElement><URDFElement z:Id="i314" i:type="Axis"><Attributes><Attribute z:Id="i315"><AttributeType>xyz</AttributeType><IsRequired>true</IsRequired><Value i:type="a:ArrayOfdouble" xmlns:a="http://schemas.microsoft.com/2003/10/Serialization/Arrays"><a:double>0</a:double><a:double>1</a:double><a:double>0</a:double></Value></Attribute></Attributes><ChildElements/><ElementName>axis</ElementName><required>false</required><XYZAttribute z:Ref="i315"/></URDFElement><URDFElement z:Id="i316" i:type="Limit"><Attributes><Attribute z:Id="i317"><AttributeType>lower</AttributeType><IsRequired>false</IsRequired><Value i:nil="true"/></Attribute><Attribute z:Id="i318"><AttributeType>upper</AttributeType><IsRequired>false</IsRequired><Value i:nil="true"/></Attribute><Attribute z:Id="i319"><AttributeType>effort</AttributeType><IsRequired>true</IsRequired><Value i:nil="true"/></Attribute><Attribute z:Id="i320"><AttributeType>velocity</AttributeType><IsRequired>true</IsRequired><Value i:nil="true"/></Attribute></Attributes><ChildElements/><ElementName>limit</ElementName><required>false</required><EffortAttribute z:Ref="i319"/><LowerAttribute z:Ref="i317"/><UpperAttribute z:Ref="i318"/><VelocityAttribute z:Ref="i320"/></URDFElement><URDFElement z:Id="i321" i:type="Calibration"><Attributes><Attribute z:Id="i322"><AttributeType>rising</AttributeType><IsRequired>false</IsRequired><Value i:nil="true"/></Attribute><Attribute z:Id="i323"><AttributeType>falling</AttributeType><IsRequired>false</IsRequired><Value i:nil="true"/></Attribute></Attributes><ChildElements/><ElementName>calibration</ElementName><required>false</required><FallingAttribute z:Ref="i323"/><RisingAttribute z:Ref="i322"/></URDFElement><URDFElement z:Id="i324" i:type="Dynamics"><Attributes><Attribute z:Id="i325"><AttributeType>damping</AttributeType><IsRequired>false</IsRequired><Value i:nil="true"/></Attribute><Attribute z:Id="i326"><AttributeType>friction</AttributeType><IsRequired>false</IsRequired><Value i:nil="true"/></Attribute></Attributes><ChildElements/><ElementName>dynamics</ElementName><required>false</required><DampingAttribute z:Ref="i325"/><FrictionAttribute z:Ref="i326"/></URDFElement><URDFElement z:Id="i327" i:type="SafetyController"><Attributes><Attribute z:Id="i328"><AttributeType>soft_upper_limit</AttributeType><IsRequired>false</IsRequired><Value i:nil="true"/></Attribute><Attribute z:Id="i329"><AttributeType>soft_lower_limit</AttributeType><IsRequired>false</IsRequired><Value i:nil="true"/></Attribute><Attribute z:Id="i330"><AttributeType>k_position</AttributeType><IsRequired>false</IsRequired><Value i:nil="true"/></Attribute><Attribute z:Id="i331"><AttributeType>k_velocity</AttributeType><IsRequired>true</IsRequired><Value i:nil="true"/></Attribute></Attributes><ChildElements/><ElementName>safety_controller</ElementName><required>false</required><KPositionAttribute z:Ref="i330"/><KVelocityAttribute z:Ref="i331"/><SoftLowerAttribute z:Ref="i329"/><SoftUpperAttribute z:Ref="i328"/></URDFElement><URDFElement z:Id="i332" i:type="Mimic"><Attributes><Attribute z:Id="i333"><AttributeType>joint</AttributeType><IsRequired>true</IsRequired><Value i:nil="true"/></Attribute><Attribute z:Id="i334"><AttributeType>multiplier</AttributeType><IsRequired>false</IsRequired><Value i:nil="true"/></Attribute><Attribute z:Id="i335"><AttributeType>offset</AttributeType><IsRequired>false</IsRequired><Value i:nil="true"/></Attribute></Attributes><ChildElements/><ElementName>mimic</ElementName><required>false</required><JointNameAttribute z:Ref="i333"/><MultiplierAttribute z:Ref="i334"/><OffsetAttribute z:Ref="i335"/></URDFElement></ChildElements><ElementName>joint</ElementName><required>false</required><Axis z:Ref="i314"/><AxisName>Axis_WheelFrontLeft</AxisName><Calibration z:Ref="i321"/><Child z:Ref="i312"/><CoordinateSystemName>CoordSys_WheelFrontLeft</CoordinateSystemName><Dynamics z:Ref="i324"/><Limit z:Ref="i316"/><Mimic z:Ref="i332"/><NameAttribute z:Ref="i305"/><Origin z:Ref="i307"/><Parent z:Ref="i310"/><Safety z:Ref="i327"/><TypeAttribute z:Ref="i306"/></URDFElement></ChildElements><ElementName>link</ElementName><required>true</required><Children/><Collision z:Ref="i297"/><Inertial z:Ref="i271"/><Joint z:Ref="i304"/><NameAttribute z:Ref="i270"/><Parent z:Ref="i1"/><STLQualityFine>false</STLQualityFine><SWComponentPIDs xmlns:a="http://schemas.microsoft.com/2003/10/Serialization/Arrays"><a:base64Binary>gD4AAAUAAAD//v83VwBIAEUARQBMAF8AQwBIAFUATgBLAF8AMQAwADAAMABfAFcAQQBUAFQAXwBWAEEAUgBJAEEATgBUAC0ANgBAAFIATwBWAEUAUgBfADEAMAAwADAAXwBXAEEAVABUAF8AVgBBAFIASQBBAE4AVAAEAAAAEAAAAAEAAAABAAAAVRQAAA==</a:base64Binary></SWComponentPIDs><SWMainComponentPID i:nil="true"/><Visual z:Ref="i284"/><isFixedFrame>false</isFixedFrame><isIncomplete>false</isIncomplete></Link></Children><Collision z:Ref="i29"/><Inertial z:Ref="i3"/><Joint z:Ref="i36"/><NameAttribute z:Ref="i2"/><Parent i:nil="true"/><STLQualityFine>false</STLQualityFine><SWComponentPIDs xmlns:a="http://schemas.microsoft.com/2003/10/Serialization/Arrays"><a:base64Binary>gD4AAAUAAAD//v9eQwBPAE0AUABPAE4ARQBOAFQAUwBfAFMAVQBQAFAATwBSAFQALQAxAEAAUgBPAFYARQBSAF8AMQAwADAAMABfAFcAQQBUAFQAXwBWAEEAUgBJAEEATgBUAC8AQQBMAFUATQBJAE4ASQBVAE0AXwBQAFIATwBGAEkATABFAF8AMgAwAHgAMgAwAHgAWABYAG0AbQAtADEAQABDAE8ATQBQAE8ATgBFAE4AVABTAF8AUwBVAFAAUABPAFIAVAAEAAAAEAAAAAEAAAACAAAASRMAABgAAAA=</a:base64Binary><a:base64Binary>gD4AAAUAAAD//v9fQwBPAE0AUABPAE4ARQBOAFQAUwBfAFMAVQBQAFAATwBSAFQALQAxAEAAUgBPAFYARQBSAF8AMQAwADAAMABfAFcAQQBUAFQAXwBWAEEAUgBJAEEATgBUAC8AQQBMAFUATQBJAE4ASQBVAE0AXwBQAFIATwBGAEkATABFAF8AMgAwAHgAMgAwAHgANAA5ADYAbQBtAC0AMQBAAEMATwBNAFAATwBOAEUATgBUAFMAXwBTAFUAUABQAE8AUgBUAAQAAAAQAAAAAQAAAAIAAABJEwAAGQAAAA==</a:base64Binary><a:base64Binary>gD4AAAUAAAD//v9fQwBPAE0AUABPAE4ARQBOAFQAUwBfAFMAVQBQAFAATwBSAFQALQAyAEAAUgBPAFYARQBSAF8AMQAwADAAMABfAFcAQQBUAFQAXwBWAEEAUgBJAEEATgBUAC8AQQBMAFUATQBJAE4ASQBVAE0AXwBQAFIATwBGAEkATABFAF8AMgAwAHgAMgAwAHgANAA5ADYAbQBtAC0AMQBAAEMATwBNAFAATwBOAEUATgBUAFMAXwBTAFUAUABQAE8AUgBUAAQAAAAQAAAAAQAAAAIAAABNEwAAGQAAAA==</a:base64Binary><a:base64Binary>gD4AAAUAAAD//v9eQwBPAE0AUABPAE4ARQBOAFQAUwBfAFMAVQBQAFAATwBSAFQALQAxAEAAUgBPAFYARQBSAF8AMQAwADAAMABfAFcAQQBUAFQAXwBWAEEAUgBJAEEATgBUAC8AQQBMAFUATQBJAE4ASQBVAE0AXwBQAFIATwBGAEkATABFAF8AMgAwAHgAMgAwAHgAWABYAG0AbQAtADIAQABDAE8ATQBQAE8ATgBFAE4AVABTAF8AUwBVAFAAUABPAFIAVAAEAAAAEAAAAAEAAAACAAAASRMAAB0AAAA=</a:base64Binary><a:base64Binary>gD4AAAUAAAD//v9eQwBPAE0AUABPAE4ARQBOAFQAUwBfAFMAVQBQAFAATwBSAFQALQAyAEAAUgBPAFYARQBSAF8AMQAwADAAMABfAFcAQQBUAFQAXwBWAEEAUgBJAEEATgBUAC8AQQBMAFUATQBJAE4ASQBVAE0AXwBQAFIATwBGAEkATABFAF8AMgAwAHgAMgAwAHgAWABYAG0AbQAtADIAQABDAE8ATQBQAE8ATgBFAE4AVABTAF8AUwBVAFAAUABPAFIAVAAEAAAAEAAAAAEAAAACAAAATRMAAB0AAAA=</a:base64Binary><a:base64Binary>gD4AAAUAAAD//v9eQwBPAE0AUABPAE4ARQBOAFQAUwBfAFMAVQBQAFAATwBSAFQALQAyAEAAUgBPAFYARQBSAF8AMQAwADAAMABfAFcAQQBUAFQAXwBWAEEAUgBJAEEATgBUAC8AQQBMAFUATQBJAE4ASQBVAE0AXwBQAFIATwBGAEkATABFAF8AMgAwAHgAMgAwAHgAWABYAG0AbQAtADEAQABDAE8ATQBQAE8ATgBFAE4AVABTAF8AUwBVAFAAUABPAFIAVAAEAAAAEAAAAAEAAAACAAAATRMAABgAAAA=</a:base64Binary><a:base64Binary>gD4AAAUAAAD//v8lVABTAGgAYQBwAGUAXwAyADAAMgAwAC0AMgBAAFIATwBWAEUAUgBfADEAMAAwADAAXwBXAEEAVABUAF8AVgBBAFIASQBBAE4AVAAEAAAAEAAAAAEAAAABAAAAyhMAAA==</a:base64Binary><a:base64Binary>gD4AAAUAAAD//v8lVABTAGgAYQBwAGUAXwAyADAAMgAwAC0ANABAAFIATwBWAEUAUgBfADEAMAAwADAAXwBXAEEAVABUAF8AVgBBAFIASQBBAE4AVAAEAAAAEAAAAAEAAAABAAAA1xMAAA==</a:base64Binary><a:base64Binary>gD4AAAUAAAD//v82QQBMAFUATQBJAE4ASQBVAE0AXwBQAFIATwBGAEkATABFAF8AMgAwAHgAMgAwAHgAMQAwAG0AbQAtADEAQABSAE8AVgBFAFIAXwAxADAAMAAwAF8AVwBBAFQAVABfAFYAQQBSAEkAQQBOAFQABAAAABAAAAABAAAAAQAAAFMTAAA=</a:base64Binary><a:base64Binary>gD4AAAUAAAD//v82QQBMAFUATQBJAE4ASQBVAE0AXwBQAFIATwBGAEkATABFAF8AMgAwAHgAMgAwAHgAMQAwAG0AbQAtADIAQABSAE8AVgBFAFIAXwAxADAAMAAwAF8AVwBBAFQAVABfAFYAQQBSAEkAQQBOAFQABAAAABAAAAABAAAAAQAAAFsTAAA=</a:base64Binary><a:base64Binary>gD4AAAUAAAD//v8mTQBBAEkATgBfAFMAVQBQAFAATwBSAFQALQAxAEAAUgBPAFYARQBSAF8AMQAwADAAMABfAFcAQQBUAFQAXwBWAEEAUgBJAEEATgBUAAQAAAAQAAAAAQAAAAEAAAA7EwAA</a:base64Binary><a:base64Binary>gD4AAAUAAAD//v8lVABTAGgAYQBwAGUAXwAyADAAMgAwAC0AMQBAAFIATwBWAEUAUgBfADEAMAAwADAAXwBXAEEAVABUAF8AVgBBAFIASQBBAE4AVAAEAAAAEAAAAAEAAAABAAAAwxMAAA==</a:base64Binary><a:base64Binary>gD4AAAUAAAD//v8lVABTAGgAYQBwAGUAXwAyADAAMgAwAC0AMwBAAFIATwBWAEUAUgBfADEAMAAwADAAXwBXAEEAVABUAF8AVgBBAFIASQBBAE4AVAAEAAAAEAAAAAEAAAABAAAA0xMAAA==</a:base64Binary><a:base64Binary>gD4AAAUAAAD//v8oSABlAHgAIABiAG8AbAB0ACAATQA4AHgANAAwAC0ANABAAFIATwBWAEUAUgBfADEAMAAwADAAXwBXAEEAVABUAF8AVgBBAFIASQBBAE4AVAAEAAAAEAAAAAEAAAABAAAAqBMAAA==</a:base64Binary><a:base64Binary>gD4AAAUAAAD//v81QQBMAFUATQBJAE4ASQBVAE0AXwBQAFIATwBGAEkATABFAF8AMgAwAHgAMgAwAHgANAA1ADAALQAyAEAAUgBPAFYARQBSAF8AMQAwADAAMABfAFcAQQBUAFQAXwBWAEEAUgBJAEEATgBUAAQAAAAQAAAAAQAAAAEAAABCCwAA</a:base64Binary><a:base64Binary>gD4AAAUAAAD//v8oSABlAHgAIABiAG8AbAB0ACAATQA4AHgANAAwAC0AMQBAAFIATwBWAEUAUgBfADEAMAAwADAAXwBXAEEAVABUAF8AVgBBAFIASQBBAE4AVAAEAAAAEAAAAAEAAAABAAAAlBMAAA==</a:base64Binary><a:base64Binary>gD4AAAUAAAD//v8hWABCADcATgBHADIAMQAtADEAQABSAE8AVgBFAFIAXwAxADAAMAAwAF8AVwBBAFQAVABfAFYAQQBSAEkAQQBOAFQABAAAABAAAAABAAAAAQAAAHgUAAA=</a:base64Binary><a:base64Binary>gD4AAAUAAAD//v8oRABJAE4AXwBSAEEASQBMAF8AMgA0ADAAbQBtAC0AMQBAAFIATwBWAEUAUgBfADEAMAAwADAAXwBXAEEAVABUAF8AVgBBAFIASQBBAE4AVAAEAAAAEAAAAAEAAAABAAAAKhQAAA==</a:base64Binary><a:base64Binary>gD4AAAUAAAD//v81QQBMAFUATQBJAE4ASQBVAE0AXwBQAFIATwBGAEkATABFAF8AMgAwAHgAMgAwAHgANAA1ADAALQA0AEAAUgBPAFYARQBSAF8AMQAwADAAMABfAFcAQQBUAFQAXwBWAEEAUgBJAEEATgBUAAQAAAAQAAAAAQAAAAEAAACCEwAA</a:base64Binary><a:base64Binary>gD4AAAUAAAD//v8oSABlAHgAIABiAG8AbAB0ACAATQA4AHgANAAwAC0AMgBAAFIATwBWAEUAUgBfADEAMAAwADAAXwBXAEEAVABUAF8AVgBBAFIASQBBAE4AVAAEAAAAEAAAAAEAAAABAAAAnRMAAA==</a:base64Binary><a:base64Binary>gD4AAAUAAAD//v8gUwBXAEkAVABDAEgALQAxAEAAUgBPAFYARQBSAF8AMQAwADAAMABfAFcAQQBUAFQAXwBWAEEAUgBJAEEATgBUAAQAAAAQAAAAAQAAAAEAAAAtFAAA</a:base64Binary><a:base64Binary>gD4AAAUAAAD//v8mTQBPAFQATwBSAF8ARABSAEkAVgBFAFIALQA0AEAAUgBPAFYARQBSAF8AMQAwADAAMABfAFcAQQBUAFQAXwBWAEEAUgBJAEEATgBUAAQAAAAQAAAAAQAAAAEAAAAcEwAA</a:base64Binary><a:base64Binary>gD4AAAUAAAD//v8kTABFAEQAXwBTAFkAUwBUAEUATQAtADIAQABSAE8AVgBFAFIAXwAxADAAMAAwAF8AVwBBAFQAVABfAFYAQQBSAEkAQQBOAFQABAAAABAAAAABAAAAAQAAAPsSAAA=</a:base64Binary><a:base64Binary>gD4AAAUAAAD//v8kTABFAEQAXwBTAFkAUwBUAEUATQAtADEAQABSAE8AVgBFAFIAXwAxADAAMAAwAF8AVwBBAFQAVABfAFYAQQBSAEkAQQBOAFQABAAAABAAAAABAAAAAQAAAO4SAAA=</a:base64Binary><a:base64Binary>gD4AAAUAAAD//v8oSABlAHgAIABiAG8AbAB0ACAATQA4AHgANAAwAC0AMwBAAFIATwBWAEUAUgBfADEAMAAwADAAXwBXAEEAVABUAF8AVgBBAFIASQBBAE4AVAAEAAAAEAAAAAEAAAABAAAAoxMAAA==</a:base64Binary><a:base64Binary>gD4AAAUAAAD//v8iWABCADcATgBUADgANAA1AC0AMQBAAFIATwBWAEUAUgBfADEAMAAwADAAXwBXAEEAVABUAF8AVgBBAFIASQBBAE4AVAAEAAAAEAAAAAEAAAABAAAAbhQAAA==</a:base64Binary><a:base64Binary>gD4AAAUAAAD//v8mTQBPAFQATwBSAF8ARABSAEkAVgBFAFIALQAyAEAAUgBPAFYARQBSAF8AMQAwADAAMABfAFcAQQBUAFQAXwBWAEEAUgBJAEEATgBUAAQAAAAQAAAAAQAAAAEAAAAPEwAA</a:base64Binary><a:base64Binary>gD4AAAUAAAD//v8mTQBPAFQATwBSAF8ARABSAEkAVgBFAFIALQAxAEAAUgBPAFYARQBSAF8AMQAwADAAMABfAFcAQQBUAFQAXwBWAEEAUgBJAEEATgBUAAQAAAAQAAAAAQAAAAEAAAALEwAA</a:base64Binary><a:base64Binary>gD4AAAUAAAD//v8fUgBFAEwAQQBZAC0ANQBAAFIATwBWAEUAUgBfADEAMAAwADAAXwBXAEEAVABUAF8AVgBBAFIASQBBAE4AVAAEAAAAEAAAAAEAAAABAAAAsRIAAA==</a:base64Binary><a:base64Binary>gD4AAAUAAAD//v8fUgBFAEwAQQBZAC0ANABAAFIATwBWAEUAUgBfADEAMAAwADAAXwBXAEEAVABUAF8AVgBBAFIASQBBAE4AVAAEAAAAEAAAAAEAAAABAAAArhIAAA==</a:base64Binary><a:base64Binary>gD4AAAUAAAD//v8fUgBFAEwAQQBZAC0AMQBAAFIATwBWAEUAUgBfADEAMAAwADAAXwBXAEEAVABUAF8AVgBBAFIASQBBAE4AVAAEAAAAEAAAAAEAAAABAAAApBIAAA==</a:base64Binary><a:base64Binary>gD4AAAUAAAD//v8nUwBXAEkAVABDAEgAXwBSAFUAQgBCAEUAUgAtADEAQABSAE8AVgBFAFIAXwAxADAAMAAwAF8AVwBBAFQAVABfAFYAQQBSAEkAQQBOAFQABAAAABAAAAABAAAAAQAAABoSAAA=</a:base64Binary><a:base64Binary>gD4AAAUAAAD//v8yVQBTAEUAUgBfAFMAUABBAEMARQBfAEIATwBUAFQATwBNAF8AMgBtAG0AXwBBAEwALQAxAEAAUgBPAFYARQBSAF8AMQAwADAAMABfAFcAQQBUAFQAXwBWAEEAUgBJAEEATgBUAAQAAAAQAAAAAQAAAAEAAABEFAAA</a:base64Binary><a:base64Binary>gD4AAAUAAAD//v8fUgBFAEwAQQBZAC0AMgBAAFIATwBWAEUAUgBfADEAMAAwADAAXwBXAEEAVABUAF8AVgBBAFIASQBBAE4AVAAEAAAAEAAAAAEAAAABAAAApxIAAA==</a:base64Binary><a:base64Binary>gD4AAAUAAAD//v8mTQBPAFQATwBSAF8ARABSAEkAVgBFAFIALQAzAEAAUgBPAFYARQBSAF8AMQAwADAAMABfAFcAQQBUAFQAXwBWAEEAUgBJAEEATgBUAAQAAAAQAAAAAQAAAAEAAAAYEwAA</a:base64Binary><a:base64Binary>gD4AAAUAAAD//v8sUgBFAEEAUgBfADMAbQBtAF8AQQBMAF8AQgBPAFQAVABPAE0ALQAxAEAAUgBPAFYARQBSAF8AMQAwADAAMABfAFcAQQBUAFQAXwBWAEEAUgBJAEEATgBUAAQAAAAQAAAAAQAAAAEAAAAzEwAA</a:base64Binary><a:base64Binary>gD4AAAUAAAD//v83QgBBAFQAVABFAFIAWQBfAEgATwBMAEQARQBSAF8AUABMAEUAWABJAEcATABBAFMAUwBfADUAbQBtAC0AMQBAAFIATwBWAEUAUgBfADEAMAAwADAAXwBXAEEAVABUAF8AVgBBAFIASQBBAE4AVAAEAAAAEAAAAAEAAAABAAAA2RIAAA==</a:base64Binary><a:base64Binary>gD4AAAUAAAD//v8oTABBAFQARQBSAEEATABfADQAbQBtAF8AQQBMAC0AMgBAAFIATwBWAEUAUgBfADEAMAAwADAAXwBXAEEAVABUAF8AVgBBAFIASQBBAE4AVAAEAAAAEAAAAAEAAAABAAAA/BEAAA==</a:base64Binary><a:base64Binary>gD4AAAUAAAD//v8oTABBAFQARQBSAEEATABfADQAbQBtAF8AQQBMAC0AMQBAAFIATwBWAEUAUgBfADEAMAAwADAAXwBXAEEAVABUAF8AVgBBAFIASQBBAE4AVAAEAAAAEAAAAAEAAAABAAAA7xEAAA==</a:base64Binary><a:base64Binary>gD4AAAUAAAD//v8sQgBPAFQAVABPAE0AXwBSAEUAQQBSAF8AMgBtAG0AXwBBAEwALQAxAEAAUgBPAFYARQBSAF8AMQAwADAAMABfAFcAQQBUAFQAXwBWAEEAUgBJAEEATgBUAAQAAAAQAAAAAQAAAAEAAADYCQAA</a:base64Binary><a:base64Binary>gD4AAAUAAAD//v8/UwBVAFAAUABPAFIAVABfAEMASABVAE4ASwBfADEAMAAwADAAXwBXAEEAVABUAF8AVgBBAFIASQBBAE4AVABfAEYAUgBPAE4AVAAtADEAQABSAE8AVgBFAFIAXwAxADAAMAAwAF8AVwBBAFQAVABfAFYAQQBSAEkAQQBOAFQABAAAABAAAAABAAAAAQAAAF8JAAA=</a:base64Binary><a:base64Binary>gD4AAAUAAAD//v8lTQBPAFQATwBSAF8AQwBIAFUATgBLAC0AMwBAAFIATwBWAEUAUgBfADEAMAAwADAAXwBXAEEAVABUAF8AVgBBAFIASQBBAE4AVAAEAAAAEAAAAAEAAAABAAAAjQgAAA==</a:base64Binary><a:base64Binary>gD4AAAUAAAD//v8+UwBVAFAAUABPAFIAVABfAEMASABVAE4ASwBfADEAMAAwADAAXwBXAEEAVABUAF8AVgBBAFIASQBBAE4AVABfAEIAQQBDAEsALQAxAEAAUgBPAFYARQBSAF8AMQAwADAAMABfAFcAQQBUAFQAXwBWAEEAUgBJAEEATgBUAAQAAAAQAAAAAQAAAAEAAABjCQAA</a:base64Binary><a:base64Binary>gD4AAAUAAAD//v8lTQBPAFQATwBSAF8AQwBIAFUATgBLAC0ANABAAFIATwBWAEUAUgBfADEAMAAwADAAXwBXAEEAVABUAF8AVgBBAFIASQBBAE4AVAAEAAAAEAAAAAEAAAABAAAAmQgAAA==</a:base64Binary><a:base64Binary>gD4AAAUAAAD//v87QgBPAFQAVABPAE0AXwBCAEEAUwBFAF8ANwAwADAAeAA0ADUAMAB4ADUAbQBtAF8AMQAwADAAMABfAFcAQQBUAFQALQAxAEAAUgBPAFYARQBSAF8AMQAwADAAMABfAFcAQQBUAFQAXwBWAEEAUgBJAEEATgBUAAQAAAAQAAAAAQAAAAEAAAAYAAAA</a:base64Binary><a:base64Binary>gD4AAAUAAAD//v8lTQBPAFQATwBSAF8AQwBIAFUATgBLAC0ANgBAAFIATwBWAEUAUgBfADEAMAAwADAAXwBXAEEAVABUAF8AVgBBAFIASQBBAE4AVAAEAAAAEAAAAAEAAAABAAAAqwgAAA==</a:base64Binary><a:base64Binary>gD4AAAUAAAD//v83QQBMAFUATQBJAE4ASQBVAE0AXwBQAFIATwBGAEkATABFAF8AMgAwAHgAMgAwAHgAMQA3ADYAbQBtAC0AMwBAAFIATwBWAEUAUgBfADEAMAAwADAAXwBXAEEAVABUAF8AVgBBAFIASQBBAE4AVAAEAAAAEAAAAAEAAAABAAAAlREAAA==</a:base64Binary><a:base64Binary>gD4AAAUAAAD//v83QQBMAFUATQBJAE4ASQBVAE0AXwBQAFIATwBGAEkATABFAF8AMgAwAHgAMgAwAHgAMQA3ADYAbQBtAC0ANABAAFIATwBWAEUAUgBfADEAMAAwADAAXwBXAEEAVABUAF8AVgBBAFIASQBBAE4AVAAEAAAAEAAAAAEAAAABAAAAmxEAAA==</a:base64Binary><a:base64Binary>gD4AAAUAAAD//v8mRgBSAE8ATgBUAF8AMwBtAG0AXwBBAEwALQAyAEAAUgBPAFYARQBSAF8AMQAwADAAMABfAFcAQQBUAFQAXwBWAEEAUgBJAEEATgBUAAQAAAAQAAAAAQAAAAEAAAByCQAA</a:base64Binary><a:base64Binary>gD4AAAUAAAD//v8lTQBPAFQATwBSAF8AQwBIAFUATgBLAC0ANQBAAFIATwBWAEUAUgBfADEAMAAwADAAXwBXAEEAVABUAF8AVgBBAFIASQBBAE4AVAAEAAAAEAAAAAEAAAABAAAApQgAAA==</a:base64Binary><a:base64Binary>gD4AAAUAAAD//v9jVQBTAEUAUgBfAFMAUABBAFMARQBfAEYAUgBPAE4AVABfADYAMABYAFQALQBGAC0AMQBAAFIATwBWAEUAUgBfADEAMAAwADAAXwBXAEEAVABUAF8AVgBBAFIASQBBAE4AVAAvAFUAUwBFAFIAXwBTAFAAQQBDAEUAXwBGAFIATwBOAFQAXwAyAG0AbQBfAEEATAAtADEAQABVAFMARQBSAF8AUwBQAEEAUwBFAF8ARgBSAE8ATgBUAF8ANgAwAFgAVAAtAEYABAAAABAAAAABAAAAAgAAAJYUAAAYAAAA</a:base64Binary><a:base64Binary>gD4AAAUAAAD//v9gVQBTAEUAUgBfAFMAUABBAFMARQBfAFIARQBBAFIAXwA2ADAAWABUAC0ARgAtADEAQABSAE8AVgBFAFIAXwAxADAAMAAwAF8AVwBBAFQAVABfAFYAQQBSAEkAQQBOAFQALwBVAFMARQBSAF8AUwBQAEEAQwBFAF8AQgBBAEMASwBfADIAbQBtAF8AQQBMAC0AMQBAAFUAUwBFAFIAXwBTAFAAQQBTAEUAXwBSAEUAQQBSAF8ANgAwAFgAVAAtAEYABAAAABAAAAABAAAAAgAAAJIUAAAYAAAA</a:base64Binary><a:base64Binary>gD4AAAUAAAD//v8pUgBFAEEAUgBfADMAbQBtAF8AQQBMAF8AVABPAFAALQAxAEAAUgBPAFYARQBSAF8AMQAwADAAMABfAFcAQQBUAFQAXwBWAEEAUgBJAEEATgBUAAQAAAAQAAAAAQAAAAEAAAAnEwAA</a:base64Binary><a:base64Binary>gD4AAAUAAAD//v9QVQBTAEUAUgBfAFMAUABBAFMARQBfAFIARQBBAFIAXwA2ADAAWABUAC0ARgAtADEAQABSAE8AVgBFAFIAXwAxADAAMAAwAF8AVwBBAFQAVABfAFYAQQBSAEkAQQBOAFQALwBYAFQANgAwAC0ARgAtADMAQABVAFMARQBSAF8AUwBQAEEAUwBFAF8AUgBFAEEAUgBfADYAMABYAFQALQBGAAQAAAAQAAAAAQAAAAIAAACSFAAATgAAAA==</a:base64Binary><a:base64Binary>gD4AAAUAAAD//v9hVQBTAEUAUgBfAFMAUABBAFMARQBfAFIARQBBAFIAXwA2ADAAWABUAC0ARgAtADEAQABSAE8AVgBFAFIAXwAxADAAMAAwAF8AVwBBAFQAVABfAFYAQQBSAEkAQQBOAFQALwBUAEUAUgBNAEkATgBBAEwAXwAzAC4AOAAxAF8AMQAyAFAAXwBGAFIAQQBNAEUALQAxAEAAVQBTAEUAUgBfAFMAUABBAFMARQBfAFIARQBBAFIAXwA2ADAAWABUAC0ARgAEAAAAEAAAAAEAAAACAAAAkhQAACcAAAA=</a:base64Binary><a:base64Binary>gD4AAAUAAAD//v9iVQBTAEUAUgBfAFMAUABBAFMARQBfAFIARQBBAFIAXwA2ADAAWABUAC0ARgAtADEAQABSAE8AVgBFAFIAXwAxADAAMAAwAF8AVwBBAFQAVABfAFYAQQBSAEkAQQBOAFQALwBUAEUAUgBNAEkATgBBAEwAXwAzAC4AOAAxAF8AMQAyAFAAXwBTAE8AQwBLAEUAVAAtADEAQABVAFMARQBSAF8AUwBQAEEAUwBFAF8AUgBFAEEAUgBfADYAMABYAFQALQBGAAQAAAAQAAAAAQAAAAIAAACSFAAAKAAAAA==</a:base64Binary><a:base64Binary>gD4AAAUAAAD//v9hVQBTAEUAUgBfAFMAUABBAFMARQBfAFIARQBBAFIAXwA2ADAAWABUAC0ARgAtADEAQABSAE8AVgBFAFIAXwAxADAAMAAwAF8AVwBBAFQAVABfAFYAQQBSAEkAQQBOAFQALwBUAEUAUgBNAEkATgBBAEwAXwAzAC4AOAAxAF8AMAA2AFAAXwBGAFIAQQBNAEUALQAxAEAAVQBTAEUAUgBfAFMAUABBAFMARQBfAFIARQBBAFIAXwA2ADAAWABUAC0ARgAEAAAAEAAAAAEAAAACAAAAkhQAABkAAAA=</a:base64Binary><a:base64Binary>gD4AAAUAAAD//v9iVQBTAEUAUgBfAFMAUABBAFMARQBfAFIARQBBAFIAXwA2ADAAWABUAC0ARgAtADEAQABSAE8AVgBFAFIAXwAxADAAMAAwAF8AVwBBAFQAVABfAFYAQQBSAEkAQQBOAFQALwBUAEUAUgBNAEkATgBBAEwAXwAzAC4AOAAxAF8AMAA2AFAAXwBTAE8AQwBLAEUAVAAtADEAQABVAFMARQBSAF8AUwBQAEEAUwBFAF8AUgBFAEEAUgBfADYAMABYAFQALQBGAAQAAAAQAAAAAQAAAAIAAACSFAAAGgAAAA==</a:base64Binary><a:base64Binary>gD4AAAUAAAD//v9QVQBTAEUAUgBfAFMAUABBAFMARQBfAFIARQBBAFIAXwA2ADAAWABUAC0ARgAtADEAQABSAE8AVgBFAFIAXwAxADAAMAAwAF8AVwBBAFQAVABfAFYAQQBSAEkAQQBOAFQALwBYAFQANgAwAC0ARgAtADEAQABVAFMARQBSAF8AUwBQAEEAUwBFAF8AUgBFAEEAUgBfADYAMABYAFQALQBGAAQAAAAQAAAAAQAAAAIAAACSFAAAOwAAAA==</a:base64Binary><a:base64Binary>gD4AAAUAAAD//v9SVQBTAEUAUgBfAFMAUABBAFMARQBfAEYAUgBPAE4AVABfADYAMABYAFQALQBGAC0AMQBAAFIATwBWAEUAUgBfADEAMAAwADAAXwBXAEEAVABUAF8AVgBBAFIASQBBAE4AVAAvAFgAVAA2ADAALQBGAC0AMwBAAFUAUwBFAFIAXwBTAFAAQQBTAEUAXwBGAFIATwBOAFQAXwA2ADAAWABUAC0ARgAEAAAAEAAAAAEAAAACAAAAlhQAACIAAAA=</a:base64Binary><a:base64Binary>gD4AAAUAAAD//v9SVQBTAEUAUgBfAFMAUABBAFMARQBfAEYAUgBPAE4AVABfADYAMABYAFQALQBGAC0AMQBAAFIATwBWAEUAUgBfADEAMAAwADAAXwBXAEEAVABUAF8AVgBBAFIASQBBAE4AVAAvAFgAVAA2ADAALQBGAC0AMgBAAFUAUwBFAFIAXwBTAFAAQQBTAEUAXwBGAFIATwBOAFQAXwA2ADAAWABUAC0ARgAEAAAAEAAAAAEAAAACAAAAlhQAACAAAAA=</a:base64Binary><a:base64Binary>gD4AAAUAAAD//v9SVQBTAEUAUgBfAFMAUABBAFMARQBfAEYAUgBPAE4AVABfADYAMABYAFQALQBGAC0AMQBAAFIATwBWAEUAUgBfADEAMAAwADAAXwBXAEEAVABUAF8AVgBBAFIASQBBAE4AVAAvAFgAVAA2ADAALQBGAC0AMQBAAFUAUwBFAFIAXwBTAFAAQQBTAEUAXwBGAFIATwBOAFQAXwA2ADAAWABUAC0ARgAEAAAAEAAAAAEAAAACAAAAlhQAABwAAAA=</a:base64Binary><a:base64Binary>gD4AAAUAAAD//v9eQgBBAFQAVABFAFIAWQBfAEgATwBMAEQARQBSAF8AUABMAEUAWABJAEcATABBAFMAUwBfADUAbQBtAC0AMQBAAFIATwBWAEUAUgBfADEAMAAwADAAXwBXAEEAVABUAF8AVgBBAFIASQBBAE4AVAAvAFgAVAA2ADAALQBGAC0ANABAAEIAQQBUAFQARQBSAFkAXwBIAE8ATABEAEUAUgBfAFAATABFAFgASQBHAEwAQQBTAFMAXwA1AG0AbQAEAAAAEAAAAAEAAAACAAAA2RIAAGQAAAA=</a:base64Binary><a:base64Binary>gD4AAAUAAAD//v8tQgBPAFQAVABPAE0AXwBGAFIATwBOAFQAXwAyAG0AbQBfAEEATAAtADEAQABSAE8AVgBFAFIAXwAxADAAMAAwAF8AVwBBAFQAVABfAFYAQQBSAEkAQQBOAFQABAAAABAAAAABAAAAAQAAAOAJAAA=</a:base64Binary><a:base64Binary>gD4AAAUAAAD//v9SVQBTAEUAUgBfAFMAUABBAFMARQBfAEYAUgBPAE4AVABfADYAMABYAFQALQBGAC0AMQBAAFIATwBWAEUAUgBfADEAMAAwADAAXwBXAEEAVABUAF8AVgBBAFIASQBBAE4AVAAvAFgAVAA2ADAALQBGAC0ANABAAFUAUwBFAFIAXwBTAFAAQQBTAEUAXwBGAFIATwBOAFQAXwA2ADAAWABUAC0ARgAEAAAAEAAAAAEAAAACAAAAlhQAACsAAAA=</a:base64Binary><a:base64Binary>gD4AAAUAAAD//v8wVQBTAEUAUgBfAFMAUABBAFMARQBfAFIARQBBAFIAXwA2ADAAWABUAC0ARgAtADEAQABSAE8AVgBFAFIAXwAxADAAMAAwAF8AVwBBAFQAVABfAFYAQQBSAEkAQQBOAFQABAAAABAAAAABAAAAAQAAAJIUAAA=</a:base64Binary><a:base64Binary>gD4AAAUAAAD//v8xVQBTAEUAUgBfAFMAUABBAFMARQBfAEYAUgBPAE4AVABfADYAMABYAFQALQBGAC0AMQBAAFIATwBWAEUAUgBfADEAMAAwADAAXwBXAEEAVABUAF8AVgBBAFIASQBBAE4AVAAEAAAAEAAAAAEAAAABAAAAlhQAAA==</a:base64Binary><a:base64Binary>gD4AAAUAAAD//v8vQwBNADUAXwBEAFUAQQBMAF8ARQBUAEgAXwA0AEcANQBHAF8AQgBPAFgALQAxAEAAUgBPAFYARQBSAF8AMQAwADAAMABfAFcAQQBUAFQAXwBWAEEAUgBJAEEATgBUAAQAAAAQAAAAAQAAAAEAAACaFAAA</a:base64Binary><a:base64Binary>gD4AAAUAAAD//v8sQwBPAE0AUABPAE4ARQBOAFQAUwBfAFMAVQBQAFAATwBSAFQALQAxAEAAUgBPAFYARQBSAF8AMQAwADAAMABfAFcAQQBUAFQAXwBWAEEAUgBJAEEATgBUAAQAAAAQAAAAAQAAAAEAAABJEwAA</a:base64Binary><a:base64Binary>gD4AAAUAAAD//v8sQwBPAE0AUABPAE4ARQBOAFQAUwBfAFMAVQBQAFAATwBSAFQALQAyAEAAUgBPAFYARQBSAF8AMQAwADAAMABfAFcAQQBUAFQAXwBWAEEAUgBJAEEATgBUAAQAAAAQAAAAAQAAAAEAAABNEwAA</a:base64Binary><a:base64Binary>gD4AAAUAAAD//v8gUgBVAFQAWAAxADEALQAxAEAAUgBPAFYARQBSAF8AMQAwADAAMABfAFcAQQBUAFQAXwBWAEEAUgBJAEEATgBUAAQAAAAQAAAAAQAAAAEAAACsFAAA</a:base64Binary></SWComponentPIDs><SWMainComponentPID i:nil="true"/><Visual z:Ref="i16"/><isFixedFrame>false</isFixedFrame><isIncomplete>false</isIncomplete></Link>
2026-10-08 12:37:46,174 INFO  AssemblyExportForm.cs: 309 - Saving URDF package to C:\Users\potlo\Desktop\ROVER_1000_WATT_VARIANT.SLDASM
2026-10-08 12:37:46,177 INFO  ExportHelper.cs: 147 - Beginning the export process
2026-10-08 12:37:46,178 INFO  ExportHelper.cs: 153 - Creating package directories with name ROVER_1000_WATT_VARIANT.SLDASM and save path C:\Users\potlo\Desktop
2026-10-08 12:37:48,592 INFO  ExportHelper.cs: 162 - Creating CMakeLists.txt at C:\Users\potlo\Desktop\ROVER_1000_WATT_VARIANT.SLDASM\CMakeLists.txt
2026-10-08 12:37:48,593 INFO  ExportHelper.cs: 166 - Creating joint names config at C:\Users\potlo\Desktop\ROVER_1000_WATT_VARIANT.SLDASM\config\joint_names_ROVER_1000_WATT_VARIANT.SLDASM.yaml
2026-10-08 12:37:48,595 INFO  ExportHelper.cs: 170 - Creating package.xml at C:\Users\potlo\Desktop\ROVER_1000_WATT_VARIANT.SLDASM\package.xml
2026-10-08 12:37:48,595 INFO  PackageXMLWriter.cs: 21 - Creating package.xml at C:\Users\potlo\Desktop\ROVER_1000_WATT_VARIANT.SLDASM\package.xml
2026-10-08 12:37:48,597 INFO  ExportHelper.cs: 177 - Creating RVIZ launch file in C:\Users\potlo\Desktop\ROVER_1000_WATT_VARIANT.SLDASM\launch\
2026-10-08 12:37:48,598 INFO  ExportHelper.cs: 182 - Creating Gazebo launch file in C:\Users\potlo\Desktop\ROVER_1000_WATT_VARIANT.SLDASM\launch\
2026-10-08 12:37:48,601 INFO  ExportHelper.cs: 187 - Saving existing STL preferences
2026-10-08 12:37:48,601 INFO  ExportHelper.cs: 450 - Saving users preferences
2026-10-08 12:37:48,602 INFO  ExportHelper.cs: 190 - Modifying STL preferences
2026-10-08 12:37:48,602 INFO  ExportHelper.cs: 464 - Setting STL preferences
2026-10-08 12:37:48,609 INFO  ExportHelper.cs: 196 - Found 4 hidden components MOTOR_DRIVER-1/Box-1, MOTOR_DRIVER-2/Box-1, MOTOR_DRIVER-3/Box-1, MOTOR_DRIVER-4/Box-1
2026-10-08 12:37:48,609 INFO  ExportHelper.cs: 197 - Hiding all components
2026-10-08 12:37:49,724 INFO  ExportHelper.cs: 204 - Beginning individual files export
2026-10-08 12:37:49,727 INFO  ExportHelper.cs: 270 - Exporting link: base_link
2026-10-08 12:37:49,727 INFO  ExportHelper.cs: 272 - Link base_link has 4 children
2026-10-08 12:37:49,727 INFO  ExportHelper.cs: 270 - Exporting link: link_back_left
2026-10-08 12:37:49,728 INFO  ExportHelper.cs: 272 - Link link_back_left has 0 children
2026-10-08 12:37:49,728 INFO  ExportHelper.cs: 317 - link_back_left: Exporting STL with coordinate frame CoordSys_WheelBackLeft
2026-10-08 12:37:49,728 INFO  ExportHelper.cs: 322 - link_back_left: Reference geometry name 
2026-10-08 12:37:50,273 INFO  ExportHelper.cs: 330 - Saving STL to C:\Users\potlo\Desktop\ROVER_1000_WATT_VARIANT.SLDASM\meshes\link_back_left.STL
2026-10-08 12:37:53,014 INFO  ExportHelper.cs: 405 - Removing SW header in STL file
2026-10-08 12:37:53,015 INFO  ExportHelper.cs: 270 - Exporting link: link_back_right
2026-10-08 12:37:53,016 INFO  ExportHelper.cs: 272 - Link link_back_right has 0 children
2026-10-08 12:37:53,016 INFO  ExportHelper.cs: 317 - link_back_right: Exporting STL with coordinate frame CoordSys_WheelBackRight
2026-10-08 12:37:53,017 INFO  ExportHelper.cs: 322 - link_back_right: Reference geometry name 
2026-10-08 12:37:53,247 INFO  ExportHelper.cs: 330 - Saving STL to C:\Users\potlo\Desktop\ROVER_1000_WATT_VARIANT.SLDASM\meshes\link_back_right.STL
2026-10-08 12:37:55,891 INFO  ExportHelper.cs: 405 - Removing SW header in STL file
2026-10-08 12:37:55,892 INFO  ExportHelper.cs: 270 - Exporting link: link_front_right
2026-10-08 12:37:55,892 INFO  ExportHelper.cs: 272 - Link link_front_right has 0 children
2026-10-08 12:37:55,893 INFO  ExportHelper.cs: 317 - link_front_right: Exporting STL with coordinate frame CoordSys_WheelFrontRight
2026-10-08 12:37:55,893 INFO  ExportHelper.cs: 322 - link_front_right: Reference geometry name 
2026-10-08 12:37:56,129 INFO  ExportHelper.cs: 330 - Saving STL to C:\Users\potlo\Desktop\ROVER_1000_WATT_VARIANT.SLDASM\meshes\link_front_right.STL
2026-10-08 12:37:58,874 INFO  ExportHelper.cs: 405 - Removing SW header in STL file
2026-10-08 12:37:58,875 INFO  ExportHelper.cs: 270 - Exporting link: link_front_left
2026-10-08 12:37:58,875 INFO  ExportHelper.cs: 272 - Link link_front_left has 0 children
2026-10-08 12:37:58,875 INFO  ExportHelper.cs: 317 - link_front_left: Exporting STL with coordinate frame CoordSys_WheelFrontLeft
2026-10-08 12:37:58,875 INFO  ExportHelper.cs: 322 - link_front_left: Reference geometry name 
2026-10-08 12:37:59,141 INFO  ExportHelper.cs: 330 - Saving STL to C:\Users\potlo\Desktop\ROVER_1000_WATT_VARIANT.SLDASM\meshes\link_front_left.STL
2026-10-08 12:38:01,844 INFO  ExportHelper.cs: 405 - Removing SW header in STL file
2026-10-08 12:38:01,845 INFO  ExportHelper.cs: 317 - base_link: Exporting STL with coordinate frame CoordSys_Base
2026-10-08 12:38:01,845 INFO  ExportHelper.cs: 322 - base_link: Reference geometry name 
2026-10-08 12:38:02,694 INFO  ExportHelper.cs: 330 - Saving STL to C:\Users\potlo\Desktop\ROVER_1000_WATT_VARIANT.SLDASM\meshes\base_link.STL
2026-10-08 12:38:16,162 INFO  ExportHelper.cs: 405 - Removing SW header in STL file
2026-10-08 12:38:16,162 INFO  ExportHelper.cs: 145 - Showing all components except previously hidden components
2026-10-08 12:38:18,258 INFO  ExportHelper.cs: 145 - Resetting STL preferences
2026-10-08 12:38:18,259 INFO  ExportHelper.cs: 478 - Returning STL preferences to user preferences
2026-10-08 12:38:18,259 INFO  ExportHelper.cs: 228 - Writing URDF file to C:\Users\potlo\Desktop\ROVER_1000_WATT_VARIANT.SLDASM\urdf\ROVER_1000_WATT_VARIANT.SLDASM.urdf
2026-10-08 12:38:18,461 INFO  CSVImportExport.cs: 32 - Writing CSV file C:\Users\potlo\Desktop\ROVER_1000_WATT_VARIANT.SLDASM\urdf\ROVER_1000_WATT_VARIANT.SLDASM.csv
2026-10-08 12:38:18,476 ERROR CSVImportExport.cs: 130 - The following columns were not written to the CSV: Link.Joint.ChildLink.link,
2026-10-08 12:38:18,476 ERROR CSVImportExport.cs: 130 - The following columns were not written to the CSV: Link.Joint.ChildLink.link,
2026-10-08 12:38:18,477 ERROR CSVImportExport.cs: 130 - The following columns were not written to the CSV: Link.Joint.ChildLink.link,
2026-10-08 12:38:18,477 ERROR CSVImportExport.cs: 130 - The following columns were not written to the CSV: Link.Joint.ChildLink.link,
2026-10-08 12:38:18,477 ERROR CSVImportExport.cs: 130 - The following columns were not written to the CSV: Link.Joint.ChildLink.link,
2026-10-08 12:38:18,477 INFO  ExportHelper.cs: 234 - Copying log file
2026-10-08 12:38:18,479 INFO  ExportHelper.cs: 439 - Copying C:\Users\potlo\sw2urdf_logs\sw2urdf.log to C:\Users\potlo\Desktop\ROVER_1000_WATT_VARIANT.SLDASM\export.log
